<?xml version="1.0"?>
<gpx creator="Footpath Route Planner - https://footpathapp.com" version="1.1" xmlns="http://www.topografix.com/GPX/1/1" xmlns:xsi="http://www.w3.org/2001/XMLSchema-instance" xsi:schemaLocation="http://www.topografix.com/GPX/1/1 http://www.topografix.com/GPX/1/1/gpx.xsd http://www.garmin.com/xmlschemas/GpxExtensions/v3 http://www.garmin.com/xmlschemas/GpxExtensionsv3.xsd http://www.garmin.com/xmlschemas/TrackPointExtension/v1 http://www.garmin.com/xmlschemas/TrackPointExtensionv1.xsd">
  <metadata>
    <name>Fjellruta over Vegglifjell og Imingfjell</name>
    <link href="https://footpathapp.com/routes/b884164a-4509-43e7-bdce-488ba4f6a3f0"></link>
  </metadata>
  <trk>
    <name>Fjellruta over Vegglifjell og Imingfjell</name>
    <trkseg>
      <trkpt lat="60.26297" lon="8.78533">
        <ele>470.05</ele>
        <time>1970-01-01T00:00:00.000Z</time>
      </trkpt>
      <trkpt lat="60.26299" lon="8.78528">
        <ele>470.0705495030887</ele>
        <time>1970-01-01T00:00:00.000Z</time>
      </trkpt>
      <trkpt lat="60.26307" lon="8.78502">
        <ele>470.1684341722727</ele>
        <time>1970-01-01T00:00:00.000Z</time>
      </trkpt>
      <trkpt lat="60.26315" lon="8.78471">
        <ele>470.28023034693825</ele>
        <time>1970-01-01T00:00:00.000Z</time>
      </trkpt>
      <trkpt lat="60.2632" lon="8.7844">
        <ele>470.3845180565628</ele>
        <time>1970-01-01T00:00:00.000Z</time>
      </trkpt>
      <trkpt lat="60.26331780315712" lon="8.783218714693444">
        <ele>470.77</ele>
        <time>1970-01-01T00:00:00.000Z</time>
      </trkpt>
      <trkpt lat="60.26353780683035" lon="8.781012296951241">
        <ele>471.66</ele>
        <time>1970-01-01T00:00:00.000Z</time>
      </trkpt>
      <trkpt lat="60.26355" lon="8.78089">
        <ele>472.94764453600595</ele>
        <time>1970-01-01T00:00:00.000Z</time>
      </trkpt>
      <trkpt lat="60.26376" lon="8.77941">
        <ele>473.6589927059368</ele>
        <time>1970-01-01T00:00:00.000Z</time>
      </trkpt>
      <trkpt lat="60.2638738749629" lon="8.778870338902426">
        <ele>473.93</ele>
        <time>1970-01-01T00:00:00.000Z</time>
      </trkpt>
      <trkpt lat="60.26399" lon="8.77832">
        <ele>473.9977631943049</ele>
        <time>1970-01-01T00:00:00.000Z</time>
      </trkpt>
      <trkpt lat="60.26418" lon="8.77754">
        <ele>474.09622188168584</ele>
        <time>1970-01-01T00:00:00.000Z</time>
      </trkpt>
      <trkpt lat="60.26448" lon="8.77617">
        <ele>474.2659002984027</ele>
        <time>1970-01-01T00:00:00.000Z</time>
      </trkpt>
      <trkpt lat="60.26461" lon="8.77561">
        <ele>474.3359546210904</ele>
        <time>1970-01-01T00:00:00.000Z</time>
      </trkpt>
      <trkpt lat="60.26478" lon="8.77509">
        <ele>474.4065179494122</ele>
        <time>1970-01-01T00:00:00.000Z</time>
      </trkpt>
      <trkpt lat="60.264872013047246" lon="8.774859968724382">
        <ele>474.44</ele>
        <time>1970-01-01T00:00:00.000Z</time>
      </trkpt>
      <trkpt lat="60.26498" lon="8.77459">
        <ele>474.4831473186264</ele>
        <time>1970-01-01T00:00:00.000Z</time>
      </trkpt>
      <trkpt lat="60.26542" lon="8.77376">
        <ele>474.6342842266816</ele>
        <time>1970-01-01T00:00:00.000Z</time>
      </trkpt>
      <trkpt lat="60.26556" lon="8.77353">
        <ele>474.67958150168937</ele>
        <time>1970-01-01T00:00:00.000Z</time>
      </trkpt>
      <trkpt lat="60.2657" lon="8.77334">
        <ele>474.7221162965982</ele>
        <time>1970-01-01T00:00:00.000Z</time>
      </trkpt>
      <trkpt lat="60.26618" lon="8.77289">
        <ele>474.8691181249027</ele>
        <time>1970-01-01T00:00:00.000Z</time>
      </trkpt>
      <trkpt lat="60.26645" lon="8.77268">
        <ele>474.94948286725105</ele>
        <time>1970-01-01T00:00:00.000Z</time>
      </trkpt>
      <trkpt lat="60.2667" lon="8.77241">
        <ele>475.02824056787944</ele>
        <time>1970-01-01T00:00:00.000Z</time>
      </trkpt>
      <trkpt lat="60.26686" lon="8.77211">
        <ele>475.13642839127914</ele>
        <time>1970-01-01T00:00:00.000Z</time>
      </trkpt>
      <trkpt lat="60.26697" lon="8.77166">
        <ele>475.2612489178014</ele>
        <time>1970-01-01T00:00:00.000Z</time>
      </trkpt>
      <trkpt lat="60.26709" lon="8.77058">
        <ele>475.5366133927315</ele>
        <time>1970-01-01T00:00:00.000Z</time>
      </trkpt>
      <trkpt lat="60.26710717032421" lon="8.770368234304438">
        <ele>475.59</ele>
        <time>1970-01-01T00:00:00.000Z</time>
      </trkpt>
      <trkpt lat="60.26712" lon="8.77021">
        <ele>475.6662206605266</ele>
        <time>1970-01-01T00:00:00.000Z</time>
      </trkpt>
      <trkpt lat="60.26711" lon="8.76989">
        <ele>475.81864525695465</ele>
        <time>1970-01-01T00:00:00.000Z</time>
      </trkpt>
      <trkpt lat="60.26709" lon="8.7697">
        <ele>475.910980253837</ele>
        <time>1970-01-01T00:00:00.000Z</time>
      </trkpt>
      <trkpt lat="60.26703" lon="8.76939">
        <ele>476.0691739501046</ele>
        <time>1970-01-01T00:00:00.000Z</time>
      </trkpt>
      <trkpt lat="60.26693" lon="8.76907">
        <ele>476.24897703890736</ele>
        <time>1970-01-01T00:00:00.000Z</time>
      </trkpt>
      <trkpt lat="60.26669" lon="8.76855">
        <ele>476.58665928553637</ele>
        <time>1970-01-01T00:00:00.000Z</time>
      </trkpt>
      <trkpt lat="60.266662071955395" lon="8.768406369270908">
        <ele>476.66</ele>
        <time>1970-01-01T00:00:00.000Z</time>
      </trkpt>
      <trkpt lat="60.26662" lon="8.76819">
        <ele>476.7663525063207</ele>
        <time>1970-01-01T00:00:00.000Z</time>
      </trkpt>
      <trkpt lat="60.26661" lon="8.76781">
        <ele>476.9404926224487</ele>
        <time>1970-01-01T00:00:00.000Z</time>
      </trkpt>
      <trkpt lat="60.26664" lon="8.76719">
        <ele>477.2255638564395</ele>
        <time>1970-01-01T00:00:00.000Z</time>
      </trkpt>
      <trkpt lat="60.26664" lon="8.76663">
        <ele>477.4818307139999</ele>
        <time>1970-01-01T00:00:00.000Z</time>
      </trkpt>
      <trkpt lat="60.266627315799006" lon="8.76617582345742">
        <ele>477.69</ele>
        <time>1970-01-01T00:00:00.000Z</time>
      </trkpt>
      <trkpt lat="60.26659" lon="8.76484">
        <ele>479.640876948093</ele>
        <time>1970-01-01T00:00:00.000Z</time>
      </trkpt>
      <trkpt lat="60.26655" lon="8.76431">
        <ele>479.9457541217253</ele>
        <time>1970-01-01T00:00:00.000Z</time>
      </trkpt>
      <trkpt lat="60.26648625650659" lon="8.76395586811828">
        <ele>480.16</ele>
        <time>1970-01-01T00:00:00.000Z</time>
      </trkpt>
      <trkpt lat="60.26646" lon="8.76381">
        <ele>480.23652829410076</ele>
        <time>1970-01-01T00:00:00.000Z</time>
      </trkpt>
      <trkpt lat="60.26628" lon="8.76334">
        <ele>480.5293777787454</ele>
        <time>1970-01-01T00:00:00.000Z</time>
      </trkpt>
      <trkpt lat="60.26608" lon="8.76286">
        <ele>480.8385482440295</ele>
        <time>1970-01-01T00:00:00.000Z</time>
      </trkpt>
      <trkpt lat="60.26602" lon="8.76268">
        <ele>480.9455048267844</ele>
        <time>1970-01-01T00:00:00.000Z</time>
      </trkpt>
      <trkpt lat="60.26595" lon="8.7623">
        <ele>481.1454189040019</ele>
        <time>1970-01-01T00:00:00.000Z</time>
      </trkpt>
      <trkpt lat="60.265936545805005" lon="8.762048849457997">
        <ele>481.27</ele>
        <time>1970-01-01T00:00:00.000Z</time>
      </trkpt>
      <trkpt lat="60.26592" lon="8.76174">
        <ele>481.4273428968396</ele>
        <time>1970-01-01T00:00:00.000Z</time>
      </trkpt>
      <trkpt lat="60.26599" lon="8.76096">
        <ele>481.8288297974063</ele>
        <time>1970-01-01T00:00:00.000Z</time>
      </trkpt>
      <trkpt lat="60.26606" lon="8.76058">
        <ele>482.0341467372615</ele>
        <time>1970-01-01T00:00:00.000Z</time>
      </trkpt>
      <trkpt lat="60.26621667756996" lon="8.75990853762771">
        <ele>482.41</ele>
        <time>1970-01-01T00:00:00.000Z</time>
      </trkpt>
      <trkpt lat="60.26641" lon="8.75908">
        <ele>482.7842718914045</ele>
        <time>1970-01-01T00:00:00.000Z</time>
      </trkpt>
      <trkpt lat="60.26652" lon="8.75848">
        <ele>483.0457407841832</ele>
        <time>1970-01-01T00:00:00.000Z</time>
      </trkpt>
      <trkpt lat="60.26652" lon="8.75792">
        <ele>483.27464017591547</ele>
        <time>1970-01-01T00:00:00.000Z</time>
      </trkpt>
      <trkpt lat="60.26650325609573" lon="8.757788837934887">
        <ele>483.33</ele>
        <time>1970-01-01T00:00:00.000Z</time>
      </trkpt>
      <trkpt lat="60.26646" lon="8.75745">
        <ele>483.43570617627034</ele>
        <time>1970-01-01T00:00:00.000Z</time>
      </trkpt>
      <trkpt lat="60.26642" lon="8.75685">
        <ele>483.61860815883085</ele>
        <time>1970-01-01T00:00:00.000Z</time>
      </trkpt>
      <trkpt lat="60.26641" lon="8.75649">
        <ele>483.727541713253</ele>
        <time>1970-01-01T00:00:00.000Z</time>
      </trkpt>
      <trkpt lat="60.26644" lon="8.75581">
        <ele>483.9337942520865</ele>
        <time>1970-01-01T00:00:00.000Z</time>
      </trkpt>
      <trkpt lat="60.26646359194273" lon="8.755562288613813">
        <ele>484.01</ele>
        <time>1970-01-01T00:00:00.000Z</time>
      </trkpt>
      <trkpt lat="60.2665" lon="8.75518">
        <ele>484.1431723732831</ele>
        <time>1970-01-01T00:00:00.000Z</time>
      </trkpt>
      <trkpt lat="60.26665" lon="8.75425">
        <ele>484.47773067412936</ele>
        <time>1970-01-01T00:00:00.000Z</time>
      </trkpt>
      <trkpt lat="60.2667336877673" lon="8.753382700320971">
        <ele>484.78</ele>
        <time>1970-01-01T00:00:00.000Z</time>
      </trkpt>
      <trkpt lat="60.26676" lon="8.75311">
        <ele>484.8886178064884</ele>
        <time>1970-01-01T00:00:00.000Z</time>
      </trkpt>
      <trkpt lat="60.26694" lon="8.75228">
        <ele>485.2427928550015</ele>
        <time>1970-01-01T00:00:00.000Z</time>
      </trkpt>
      <trkpt lat="60.26705" lon="8.75156">
        <ele>485.53734572591077</ele>
        <time>1970-01-01T00:00:00.000Z</time>
      </trkpt>
      <trkpt lat="60.26704459466384" lon="8.751246472246946">
        <ele>485.66</ele>
        <time>1970-01-01T00:00:00.000Z</time>
      </trkpt>
      <trkpt lat="60.26704" lon="8.75098">
        <ele>485.819922624916</ele>
        <time>1970-01-01T00:00:00.000Z</time>
      </trkpt>
      <trkpt lat="60.26693" lon="8.74924">
        <ele>486.87199457974276</ele>
        <time>1970-01-01T00:00:00.000Z</time>
      </trkpt>
      <trkpt lat="60.26693000031124" lon="8.749009909317493">
        <ele>487.01</ele>
        <time>1970-01-01T00:00:00.000Z</time>
      </trkpt>
      <trkpt lat="60.26693" lon="8.74865">
        <ele>487.2594485773943</ele>
        <time>1970-01-01T00:00:00.000Z</time>
      </trkpt>
      <trkpt lat="60.267" lon="8.74741">
        <ele>488.12442523084155</ele>
        <time>1970-01-01T00:00:00.000Z</time>
      </trkpt>
      <trkpt lat="60.2670253809234" lon="8.746769154419917">
        <ele>488.57</ele>
        <time>1970-01-01T00:00:00.000Z</time>
      </trkpt>
      <trkpt lat="60.26704" lon="8.7464">
        <ele>490.5469457418824</ele>
        <time>1970-01-01T00:00:00.000Z</time>
      </trkpt>
      <trkpt lat="60.26707" lon="8.74596">
        <ele>490.6752063703815</ele>
        <time>1970-01-01T00:00:00.000Z</time>
      </trkpt>
      <trkpt lat="60.26723" lon="8.74499">
        <ele>490.9704136333691</ele>
        <time>1970-01-01T00:00:00.000Z</time>
      </trkpt>
      <trkpt lat="60.26725" lon="8.74461">
        <ele>491.08076760894295</ele>
        <time>1970-01-01T00:00:00.000Z</time>
      </trkpt>
      <trkpt lat="60.26703" lon="8.74268">
        <ele>491.65265353241773</ele>
        <time>1970-01-01T00:00:00.000Z</time>
      </trkpt>
      <trkpt lat="60.26700641846472" lon="8.742381299338515">
        <ele>491.74</ele>
        <time>1970-01-01T00:00:00.000Z</time>
      </trkpt>
      <trkpt lat="60.267" lon="8.7423">
        <ele>491.7827926396926</ele>
        <time>1970-01-01T00:00:00.000Z</time>
      </trkpt>
      <trkpt lat="60.26699" lon="8.74192">
        <ele>491.9805999956769</ele>
        <time>1970-01-01T00:00:00.000Z</time>
      </trkpt>
      <trkpt lat="60.26699" lon="8.74127">
        <ele>492.31847943532006</ele>
        <time>1970-01-01T00:00:00.000Z</time>
      </trkpt>
      <trkpt lat="60.26703781543049" lon="8.740136145157797">
        <ele>492.91</ele>
        <time>1970-01-01T00:00:00.000Z</time>
      </trkpt>
      <trkpt lat="60.26706" lon="8.73961">
        <ele>493.0976813690996</ele>
        <time>1970-01-01T00:00:00.000Z</time>
      </trkpt>
      <trkpt lat="60.26709" lon="8.73843">
        <ele>493.51763687550795</ele>
        <time>1970-01-01T00:00:00.000Z</time>
      </trkpt>
      <trkpt lat="60.26707" lon="8.73787">
        <ele>493.7171918161125</ele>
        <time>1970-01-01T00:00:00.000Z</time>
      </trkpt>
      <trkpt lat="60.26691" lon="8.73614">
        <ele>494.3426833216561</ele>
        <time>1970-01-01T00:00:00.000Z</time>
      </trkpt>
      <trkpt lat="60.26691" lon="8.7359">
        <ele>494.4279864261954</ele>
        <time>1970-01-01T00:00:00.000Z</time>
      </trkpt>
      <trkpt lat="60.2669100001121" lon="8.735669255083746">
        <ele>494.51</ele>
        <time>1970-01-01T00:00:00.000Z</time>
      </trkpt>
      <trkpt lat="60.26691" lon="8.73554">
        <ele>494.6679224728281</ele>
        <time>1970-01-01T00:00:00.000Z</time>
      </trkpt>
      <trkpt lat="60.26698" lon="8.73487">
        <ele>495.50448652632</ele>
        <time>1970-01-01T00:00:00.000Z</time>
      </trkpt>
      <trkpt lat="60.26707" lon="8.73419">
        <ele>496.3643751017833</ele>
        <time>1970-01-01T00:00:00.000Z</time>
      </trkpt>
      <trkpt lat="60.26709" lon="8.73392">
        <ele>496.69791554409926</ele>
        <time>1970-01-01T00:00:00.000Z</time>
      </trkpt>
      <trkpt lat="60.26714" lon="8.73355">
        <ele>497.16645516490496</ele>
        <time>1970-01-01T00:00:00.000Z</time>
      </trkpt>
      <trkpt lat="60.267135772945764" lon="8.733473911525646">
        <ele>497.26</ele>
        <time>1970-01-01T00:00:00.000Z</time>
      </trkpt>
      <trkpt lat="60.26712" lon="8.73319">
        <ele>497.66616407806237</ele>
        <time>1970-01-01T00:00:00.000Z</time>
      </trkpt>
      <trkpt lat="60.26705" lon="8.73274">
        <ele>498.3366643731813</ele>
        <time>1970-01-01T00:00:00.000Z</time>
      </trkpt>
      <trkpt lat="60.26659929302186" lon="8.731554801591866">
        <ele>500.46</ele>
        <time>1970-01-01T00:00:00.000Z</time>
      </trkpt>
      <trkpt lat="60.26651" lon="8.73132">
        <ele>500.63483865350753</ele>
        <time>1970-01-01T00:00:00.000Z</time>
      </trkpt>
      <trkpt lat="60.26628" lon="8.73088">
        <ele>501.01258489953455</ele>
        <time>1970-01-01T00:00:00.000Z</time>
      </trkpt>
      <trkpt lat="60.26599" lon="8.73042">
        <ele>501.45220644682036</ele>
        <time>1970-01-01T00:00:00.000Z</time>
      </trkpt>
      <trkpt lat="60.26577927275507" lon="8.730037568100759">
        <ele>501.79</ele>
        <time>1970-01-01T00:00:00.000Z</time>
      </trkpt>
      <trkpt lat="60.26572" lon="8.72993">
        <ele>501.71285194901816</ele>
        <time>1970-01-01T00:00:00.000Z</time>
      </trkpt>
      <trkpt lat="60.26556" lon="8.7297">
        <ele>501.6213168162854</ele>
        <time>1970-01-01T00:00:00.000Z</time>
      </trkpt>
      <trkpt lat="60.26506" lon="8.72915">
        <ele>501.35599639759363</ele>
        <time>1970-01-01T00:00:00.000Z</time>
      </trkpt>
      <trkpt lat="60.26485" lon="8.72878">
        <ele>501.2260844563604</ele>
        <time>1970-01-01T00:00:00.000Z</time>
      </trkpt>
      <trkpt lat="60.26468" lon="8.72835">
        <ele>501.09903620463086</ele>
        <time>1970-01-01T00:00:00.000Z</time>
      </trkpt>
      <trkpt lat="60.26447" lon="8.72745">
        <ele>500.86923456812593</ele>
        <time>1970-01-01T00:00:00.000Z</time>
      </trkpt>
      <trkpt lat="60.26435" lon="8.727">
        <ele>500.7511894536839</ele>
        <time>1970-01-01T00:00:00.000Z</time>
      </trkpt>
      <trkpt lat="60.264321835455796" lon="8.72683101240302">
        <ele>500.71</ele>
        <time>1970-01-01T00:00:00.000Z</time>
      </trkpt>
      <trkpt lat="60.26431" lon="8.72676">
        <ele>500.7203186834959</ele>
        <time>1970-01-01T00:00:00.000Z</time>
      </trkpt>
      <trkpt lat="60.26406" lon="8.72577">
        <ele>500.87333752115546</ele>
        <time>1970-01-01T00:00:00.000Z</time>
      </trkpt>
      <trkpt lat="60.263885531530896" lon="8.724765010827985">
        <ele>501.02</ele>
        <time>1970-01-01T00:00:00.000Z</time>
      </trkpt>
      <trkpt lat="60.26356" lon="8.72289">
        <ele>502.2116264318033</ele>
        <time>1970-01-01T00:00:00.000Z</time>
      </trkpt>
      <trkpt lat="60.2635243444856" lon="8.72263595196627">
        <ele>502.37</ele>
        <time>1970-01-01T00:00:00.000Z</time>
      </trkpt>
      <trkpt lat="60.26348" lon="8.72232">
        <ele>502.49328547935863</ele>
        <time>1970-01-01T00:00:00.000Z</time>
      </trkpt>
      <trkpt lat="60.26343" lon="8.72207">
        <ele>502.5944942427994</ele>
        <time>1970-01-01T00:00:00.000Z</time>
      </trkpt>
      <trkpt lat="60.26327" lon="8.72115">
        <ele>502.96053776507625</ele>
        <time>1970-01-01T00:00:00.000Z</time>
      </trkpt>
      <trkpt lat="60.26324" lon="8.72074">
        <ele>503.1161441427402</ele>
        <time>1970-01-01T00:00:00.000Z</time>
      </trkpt>
      <trkpt lat="60.26321" lon="8.72001">
        <ele>503.3911725665874</ele>
        <time>1970-01-01T00:00:00.000Z</time>
      </trkpt>
      <trkpt lat="60.26316" lon="8.71951">
        <ele>503.5826823915529</ele>
        <time>1970-01-01T00:00:00.000Z</time>
      </trkpt>
      <trkpt lat="60.26308605179415" lon="8.718247504602727">
        <ele>504.06</ele>
        <time>1970-01-01T00:00:00.000Z</time>
      </trkpt>
      <trkpt lat="60.26302" lon="8.71712">
        <ele>504.3626860284725</ele>
        <time>1970-01-01T00:00:00.000Z</time>
      </trkpt>
      <trkpt lat="60.26299" lon="8.71571">
        <ele>504.73894335467</ele>
        <time>1970-01-01T00:00:00.000Z</time>
      </trkpt>
      <trkpt lat="60.263008880568115" lon="8.713755949403925">
        <ele>505.26</ele>
        <time>1970-01-01T00:00:00.000Z</time>
      </trkpt>
      <trkpt lat="60.26301" lon="8.71364">
        <ele>506.1796786478651</ele>
        <time>1970-01-01T00:00:00.000Z</time>
      </trkpt>
      <trkpt lat="60.262903330985786" lon="8.711516306145834">
        <ele>506.91</ele>
        <time>1970-01-01T00:00:00.000Z</time>
      </trkpt>
      <trkpt lat="60.2629" lon="8.71145">
        <ele>506.92569504179266</ele>
        <time>1970-01-01T00:00:00.000Z</time>
      </trkpt>
      <trkpt lat="60.26288" lon="8.7112">
        <ele>506.9853311269227</ele>
        <time>1970-01-01T00:00:00.000Z</time>
      </trkpt>
      <trkpt lat="60.26279" lon="8.71062">
        <ele>507.12844970269117</ele>
        <time>1970-01-01T00:00:00.000Z</time>
      </trkpt>
      <trkpt lat="60.26249" lon="8.70972">
        <ele>507.38381482748116</ele>
        <time>1970-01-01T00:00:00.000Z</time>
      </trkpt>
      <trkpt lat="60.26245230876327" lon="8.709493850242463">
        <ele>507.44</ele>
        <time>1970-01-01T00:00:00.000Z</time>
      </trkpt>
      <trkpt lat="60.26239" lon="8.70912">
        <ele>507.59772161871047</ele>
        <time>1970-01-01T00:00:00.000Z</time>
      </trkpt>
      <trkpt lat="60.262198075788675" lon="8.707304684825223">
        <ele>508.34</ele>
        <time>1970-01-01T00:00:00.000Z</time>
      </trkpt>
      <trkpt lat="60.26215" lon="8.70685">
        <ele>508.5445130868165</ele>
        <time>1970-01-01T00:00:00.000Z</time>
      </trkpt>
      <trkpt lat="60.26198" lon="8.70546">
        <ele>509.1742990822501</ele>
        <time>1970-01-01T00:00:00.000Z</time>
      </trkpt>
      <trkpt lat="60.26197" lon="8.70522">
        <ele>509.28024941419784</ele>
        <time>1970-01-01T00:00:00.000Z</time>
      </trkpt>
      <trkpt lat="60.26193" lon="8.70501">
        <ele>509.3792075541885</ele>
        <time>1970-01-01T00:00:00.000Z</time>
      </trkpt>
      <trkpt lat="60.26169107032039" lon="8.702926361117674">
        <ele>510.32</ele>
        <time>1970-01-01T00:00:00.000Z</time>
      </trkpt>
      <trkpt lat="60.261439608333355" lon="8.700733771670617">
        <ele>512.52</ele>
        <time>1970-01-01T00:00:00.000Z</time>
      </trkpt>
      <trkpt lat="60.26143" lon="8.70065">
        <ele>512.5708153547642</ele>
        <time>1970-01-01T00:00:00.000Z</time>
      </trkpt>
      <trkpt lat="60.2613" lon="8.69925">
        <ele>513.412590049979</ele>
        <time>1970-01-01T00:00:00.000Z</time>
      </trkpt>
      <trkpt lat="60.26124426488007" lon="8.698518464515693">
        <ele>513.85</ele>
        <time>1970-01-01T00:00:00.000Z</time>
      </trkpt>
      <trkpt lat="60.26122" lon="8.6982">
        <ele>513.9444947468285</ele>
        <time>1970-01-01T00:00:00.000Z</time>
      </trkpt>
      <trkpt lat="60.26112" lon="8.69629">
        <ele>514.5077726767468</ele>
        <time>1970-01-01T00:00:00.000Z</time>
      </trkpt>
      <trkpt lat="60.26106" lon="8.69571">
        <ele>514.3878458652443</ele>
        <time>1970-01-01T00:00:00.000Z</time>
      </trkpt>
      <trkpt lat="60.26104" lon="8.69493">
        <ele>514.2247235967554</ele>
        <time>1970-01-01T00:00:00.000Z</time>
      </trkpt>
      <trkpt lat="60.26147858120687" lon="8.694953835584451">
        <ele>514.04</ele>
        <time>1970-01-01T00:00:00.000Z</time>
      </trkpt>
      <trkpt lat="60.26196" lon="8.69498">
        <ele>513.617211057992</ele>
        <time>1970-01-01T00:00:00.000Z</time>
      </trkpt>
      <trkpt lat="60.26236" lon="8.69501">
        <ele>513.2658099414431</ele>
        <time>1970-01-01T00:00:00.000Z</time>
      </trkpt>
      <trkpt lat="60.2625944289633" lon="8.695013551907804">
        <ele>513.06</ele>
        <time>1970-01-01T00:00:00.000Z</time>
      </trkpt>
      <trkpt lat="60.26302" lon="8.69502">
        <ele>512.9799391190304</ele>
        <time>1970-01-01T00:00:00.000Z</time>
      </trkpt>
      <trkpt lat="60.26373" lon="8.69509">
        <ele>512.8462139767151</ele>
        <time>1970-01-01T00:00:00.000Z</time>
      </trkpt>
      <trkpt lat="60.26374" lon="8.69473">
        <ele>512.8125699856218</ele>
        <time>1970-01-01T00:00:00.000Z</time>
      </trkpt>
      <trkpt lat="60.26387" lon="8.69353">
        <ele>512.6979594607556</ele>
        <time>1970-01-01T00:00:00.000Z</time>
      </trkpt>
      <trkpt lat="60.26392" lon="8.69326">
        <ele>512.671067447665</ele>
        <time>1970-01-01T00:00:00.000Z</time>
      </trkpt>
      <trkpt lat="60.26394865269546" lon="8.692932096335914">
        <ele>512.64</ele>
        <time>1970-01-01T00:00:00.000Z</time>
      </trkpt>
      <trkpt lat="60.26401" lon="8.69223">
        <ele>512.7445320489662</ele>
        <time>1970-01-01T00:00:00.000Z</time>
      </trkpt>
      <trkpt lat="60.26397" lon="8.69077">
        <ele>512.9589349524896</ele>
        <time>1970-01-01T00:00:00.000Z</time>
      </trkpt>
      <trkpt lat="60.26396510581232" lon="8.690695184419258">
        <ele>512.97</ele>
        <time>1970-01-01T00:00:00.000Z</time>
      </trkpt>
      <trkpt lat="60.2639" lon="8.6897">
        <ele>513.4161060852931</ele>
        <time>1970-01-01T00:00:00.000Z</time>
      </trkpt>
      <trkpt lat="60.26389" lon="8.68912">
        <ele>513.5063591325913</ele>
        <time>1970-01-01T00:00:00.000Z</time>
      </trkpt>
      <trkpt lat="60.26390387382369" lon="8.688454149784521">
        <ele>513.61</ele>
        <time>1970-01-01T00:00:00.000Z</time>
      </trkpt>
      <trkpt lat="60.26392" lon="8.68768">
        <ele>513.864766762958</ele>
        <time>1970-01-01T00:00:00.000Z</time>
      </trkpt>
      <trkpt lat="60.26392" lon="8.68674">
        <ele>514.1738410386066</ele>
        <time>1970-01-01T00:00:00.000Z</time>
      </trkpt>
      <trkpt lat="60.26390628297011" lon="8.68620495502035">
        <ele>514.35</ele>
        <time>1970-01-01T00:00:00.000Z</time>
      </trkpt>
      <trkpt lat="60.26388" lon="8.68518">
        <ele>514.9473919435442</ele>
        <time>1970-01-01T00:00:00.000Z</time>
      </trkpt>
      <trkpt lat="60.26373612101928" lon="8.683990598333542">
        <ele>515.66</ele>
        <time>1970-01-01T00:00:00.000Z</time>
      </trkpt>
      <trkpt lat="60.26373" lon="8.68394">
        <ele>515.6817528891792</ele>
        <time>1970-01-01T00:00:00.000Z</time>
      </trkpt>
      <trkpt lat="60.26361" lon="8.6832">
        <ele>516.0069281913065</ele>
        <time>1970-01-01T00:00:00.000Z</time>
      </trkpt>
      <trkpt lat="60.2634" lon="8.68224">
        <ele>516.4451564101337</ele>
        <time>1970-01-01T00:00:00.000Z</time>
      </trkpt>
      <trkpt lat="60.263306211765034" lon="8.681921117494758">
        <ele>516.6</ele>
        <time>1970-01-01T00:00:00.000Z</time>
      </trkpt>
      <trkpt lat="60.2632" lon="8.68156">
        <ele>517.801254879333</ele>
        <time>1970-01-01T00:00:00.000Z</time>
      </trkpt>
      <trkpt lat="60.2629" lon="8.68067">
        <ele>518.1120427994343</ele>
        <time>1970-01-01T00:00:00.000Z</time>
      </trkpt>
      <trkpt lat="60.26275" lon="8.68019">
        <ele>518.2758969531432</ele>
        <time>1970-01-01T00:00:00.000Z</time>
      </trkpt>
      <trkpt lat="60.26271" lon="8.67993">
        <ele>518.3545200954776</ele>
        <time>1970-01-01T00:00:00.000Z</time>
      </trkpt>
      <trkpt lat="60.26262" lon="8.67961">
        <ele>518.4607670712779</ele>
        <time>1970-01-01T00:00:00.000Z</time>
      </trkpt>
      <trkpt lat="60.26229309186528" lon="8.677937424520657">
        <ele>518.98</ele>
        <time>1970-01-01T00:00:00.000Z</time>
      </trkpt>
      <trkpt lat="60.26219" lon="8.67741">
        <ele>519.350293852192</ele>
        <time>1970-01-01T00:00:00.000Z</time>
      </trkpt>
      <trkpt lat="60.26185126006557" lon="8.675871150995905">
        <ele>520.45</ele>
        <time>1970-01-01T00:00:00.000Z</time>
      </trkpt>
      <trkpt lat="60.26184" lon="8.67582">
        <ele>520.4746182536918</ele>
        <time>1970-01-01T00:00:00.000Z</time>
      </trkpt>
      <trkpt lat="60.261334337868504" lon="8.673876670298585">
        <ele>521.44</ele>
        <time>1970-01-01T00:00:00.000Z</time>
      </trkpt>
      <trkpt lat="60.26133" lon="8.67386">
        <ele>521.8605855521573</ele>
        <time>1970-01-01T00:00:00.000Z</time>
      </trkpt>
      <trkpt lat="60.26098" lon="8.67276">
        <ele>521.9012356486965</ele>
        <time>1970-01-01T00:00:00.000Z</time>
      </trkpt>
      <trkpt lat="60.26072086042078" lon="8.6719969730467">
        <ele>521.93</ele>
        <time>1970-01-01T00:00:00.000Z</time>
      </trkpt>
      <trkpt lat="60.26062" lon="8.6717">
        <ele>521.9843772690881</ele>
        <time>1970-01-01T00:00:00.000Z</time>
      </trkpt>
      <trkpt lat="60.2601" lon="8.67027">
        <ele>522.2522654576435</ele>
        <time>1970-01-01T00:00:00.000Z</time>
      </trkpt>
      <trkpt lat="60.26006383367924" lon="8.670178009610211">
        <ele>522.27</ele>
        <time>1970-01-01T00:00:00.000Z</time>
      </trkpt>
      <trkpt lat="60.25964" lon="8.6691">
        <ele>522.7956852559873</ele>
        <time>1970-01-01T00:00:00.000Z</time>
      </trkpt>
      <trkpt lat="60.25944" lon="8.66851">
        <ele>523.0687835119148</ele>
        <time>1970-01-01T00:00:00.000Z</time>
      </trkpt>
      <trkpt lat="60.259409482321125" lon="8.668362104884931">
        <ele>523.13</ele>
        <time>1970-01-01T00:00:00.000Z</time>
      </trkpt>
      <trkpt lat="60.25931" lon="8.66788">
        <ele>523.3365139500036</ele>
        <time>1970-01-01T00:00:00.000Z</time>
      </trkpt>
      <trkpt lat="60.259036979525476" lon="8.666241861671345">
        <ele>524.02</ele>
        <time>1970-01-01T00:00:00.000Z</time>
      </trkpt>
      <trkpt lat="60.25898" lon="8.6659">
        <ele>524.2011016093173</ele>
        <time>1970-01-01T00:00:00.000Z</time>
      </trkpt>
      <trkpt lat="60.25891" lon="8.66481">
        <ele>524.7530305492404</ele>
        <time>1970-01-01T00:00:00.000Z</time>
      </trkpt>
      <trkpt lat="60.25889907959696" lon="8.66401979393579">
        <ele>525.15</ele>
        <time>1970-01-01T00:00:00.000Z</time>
      </trkpt>
      <trkpt lat="60.25888" lon="8.66264">
        <ele>525.8554248507135</ele>
        <time>1970-01-01T00:00:00.000Z</time>
      </trkpt>
      <trkpt lat="60.25883562643634" lon="8.661774695770331">
        <ele>526.3</ele>
        <time>1970-01-01T00:00:00.000Z</time>
      </trkpt>
      <trkpt lat="60.25882" lon="8.66147">
        <ele>526.5817838399491</ele>
        <time>1970-01-01T00:00:00.000Z</time>
      </trkpt>
      <trkpt lat="60.25862" lon="8.66001">
        <ele>527.975108049347</ele>
        <time>1970-01-01T00:00:00.000Z</time>
      </trkpt>
      <trkpt lat="60.2585719323641" lon="8.659591804725363">
        <ele>528.37</ele>
        <time>1970-01-01T00:00:00.000Z</time>
      </trkpt>
      <trkpt lat="60.25852" lon="8.65914">
        <ele>528.6379318004234</ele>
        <time>1970-01-01T00:00:00.000Z</time>
      </trkpt>
      <trkpt lat="60.2585" lon="8.65853">
        <ele>528.9911106520698</ele>
        <time>1970-01-01T00:00:00.000Z</time>
      </trkpt>
      <trkpt lat="60.258494687529925" lon="8.657354933693725">
        <ele>529.67</ele>
        <time>1970-01-01T00:00:00.000Z</time>
      </trkpt>
      <trkpt lat="60.25849" lon="8.65632">
        <ele>529.9045719637576</ele>
        <time>1970-01-01T00:00:00.000Z</time>
      </trkpt>
      <trkpt lat="60.25855" lon="8.6554">
        <ele>530.114878977925</ele>
        <time>1970-01-01T00:00:00.000Z</time>
      </trkpt>
      <trkpt lat="60.25858" lon="8.65515">
        <ele>530.1731741354394</ele>
        <time>1970-01-01T00:00:00.000Z</time>
      </trkpt>
      <trkpt lat="60.25858535545049" lon="8.655121884166554">
        <ele>530.18</ele>
        <time>1970-01-01T00:00:00.000Z</time>
      </trkpt>
      <trkpt lat="60.25866" lon="8.65473">
        <ele>530.198654911118</ele>
        <time>1970-01-01T00:00:00.000Z</time>
      </trkpt>
      <trkpt lat="60.25926" lon="8.65283">
        <ele>530.2987458626776</ele>
        <time>1970-01-01T00:00:00.000Z</time>
      </trkpt>
      <trkpt lat="60.25965" lon="8.6515">
        <ele>530.3674030498395</ele>
        <time>1970-01-01T00:00:00.000Z</time>
      </trkpt>
      <trkpt lat="60.25971558212938" lon="8.65124924703817">
        <ele>530.38</ele>
        <time>1970-01-01T00:00:00.000Z</time>
      </trkpt>
      <trkpt lat="60.25982" lon="8.65085">
        <ele>530.4702550063082</ele>
        <time>1970-01-01T00:00:00.000Z</time>
      </trkpt>
      <trkpt lat="60.25996" lon="8.65013">
        <ele>530.6249005361532</ele>
        <time>1970-01-01T00:00:00.000Z</time>
      </trkpt>
      <trkpt lat="60.26001" lon="8.64968">
        <ele>530.7171173623382</ele>
        <time>1970-01-01T00:00:00.000Z</time>
      </trkpt>
      <trkpt lat="60.26002760571178" lon="8.649116622456434">
        <ele>530.83</ele>
        <time>1970-01-01T00:00:00.000Z</time>
      </trkpt>
      <trkpt lat="60.26003" lon="8.64904">
        <ele>531.7558228560375</ele>
        <time>1970-01-01T00:00:00.000Z</time>
      </trkpt>
      <trkpt lat="60.25994" lon="8.64711">
        <ele>532.6603311525676</ele>
        <time>1970-01-01T00:00:00.000Z</time>
      </trkpt>
      <trkpt lat="60.25990420957989" lon="8.64688630970725">
        <ele>532.77</ele>
        <time>1970-01-01T00:00:00.000Z</time>
      </trkpt>
      <trkpt lat="60.2599" lon="8.64686">
        <ele>532.7903925472249</ele>
        <time>1970-01-01T00:00:00.000Z</time>
      </trkpt>
      <trkpt lat="60.25979" lon="8.64648">
        <ele>533.1149450543221</ele>
        <time>1970-01-01T00:00:00.000Z</time>
      </trkpt>
      <trkpt lat="60.25959" lon="8.64594">
        <ele>533.6120693102483</ele>
        <time>1970-01-01T00:00:00.000Z</time>
      </trkpt>
      <trkpt lat="60.25952" lon="8.64567">
        <ele>533.8368042138424</ele>
        <time>1970-01-01T00:00:00.000Z</time>
      </trkpt>
      <trkpt lat="60.25941" lon="8.645">
        <ele>534.3574176514617</ele>
        <time>1970-01-01T00:00:00.000Z</time>
      </trkpt>
      <trkpt lat="60.2593989424153" lon="8.644904166131736">
        <ele>534.43</ele>
        <time>1970-01-01T00:00:00.000Z</time>
      </trkpt>
      <trkpt lat="60.25935" lon="8.64448">
        <ele>534.7338367814922</ele>
        <time>1970-01-01T00:00:00.000Z</time>
      </trkpt>
      <trkpt lat="60.25923" lon="8.64372">
        <ele>535.2902944844318</ele>
        <time>1970-01-01T00:00:00.000Z</time>
      </trkpt>
      <trkpt lat="60.259064802098834" lon="8.642758840263744">
        <ele>536</ele>
        <time>1970-01-01T00:00:00.000Z</time>
      </trkpt>
      <trkpt lat="60.25901" lon="8.64244">
        <ele>536.2039379010776</ele>
        <time>1970-01-01T00:00:00.000Z</time>
      </trkpt>
      <trkpt lat="60.2588" lon="8.64152">
        <ele>536.816002488578</ele>
        <time>1970-01-01T00:00:00.000Z</time>
      </trkpt>
      <trkpt lat="60.25871" lon="8.64103">
        <ele>537.1317957325782</ele>
        <time>1970-01-01T00:00:00.000Z</time>
      </trkpt>
      <trkpt lat="60.25868" lon="8.6408">
        <ele>537.2755282033137</ele>
        <time>1970-01-01T00:00:00.000Z</time>
      </trkpt>
      <trkpt lat="60.25865889446731" lon="8.640666867065775">
        <ele>537.36</ele>
        <time>1970-01-01T00:00:00.000Z</time>
      </trkpt>
      <trkpt lat="60.25842" lon="8.63916">
        <ele>539.8107665596409</ele>
        <time>1970-01-01T00:00:00.000Z</time>
      </trkpt>
      <trkpt lat="60.2584" lon="8.63883">
        <ele>540.0442007060371</ele>
        <time>1970-01-01T00:00:00.000Z</time>
      </trkpt>
      <trkpt lat="60.25841" lon="8.6386">
        <ele>540.2063156106125</ele>
        <time>1970-01-01T00:00:00.000Z</time>
      </trkpt>
      <trkpt lat="60.25841584002036" lon="8.638495722146086">
        <ele>540.28</ele>
        <time>1970-01-01T00:00:00.000Z</time>
      </trkpt>
      <trkpt lat="60.25848" lon="8.63735">
        <ele>541.340657193998</ele>
        <time>1970-01-01T00:00:00.000Z</time>
      </trkpt>
      <trkpt lat="60.25856" lon="8.63686">
        <ele>541.8151964292201</ele>
        <time>1970-01-01T00:00:00.000Z</time>
      </trkpt>
      <trkpt lat="60.258621409561876" lon="8.636291965271823">
        <ele>542.35</ele>
        <time>1970-01-01T00:00:00.000Z</time>
      </trkpt>
      <trkpt lat="60.25864" lon="8.63612">
        <ele>542.5197260436007</ele>
        <time>1970-01-01T00:00:00.000Z</time>
      </trkpt>
      <trkpt lat="60.25875" lon="8.63547">
        <ele>543.1820189267173</ele>
        <time>1970-01-01T00:00:00.000Z</time>
      </trkpt>
      <trkpt lat="60.25877" lon="8.63505">
        <ele>543.5889046224445</ele>
        <time>1970-01-01T00:00:00.000Z</time>
      </trkpt>
      <trkpt lat="60.25875" lon="8.63463">
        <ele>543.9957903181715</ele>
        <time>1970-01-01T00:00:00.000Z</time>
      </trkpt>
      <trkpt lat="60.25873" lon="8.63453">
        <ele>544.0997667587098</ele>
        <time>1970-01-01T00:00:00.000Z</time>
      </trkpt>
      <trkpt lat="60.25867" lon="8.6344">
        <ele>544.2709975521282</ele>
        <time>1970-01-01T00:00:00.000Z</time>
      </trkpt>
      <trkpt lat="60.2586" lon="8.6343">
        <ele>544.4377780139163</ele>
        <time>1970-01-01T00:00:00.000Z</time>
      </trkpt>
      <trkpt lat="60.25856365541568" lon="8.63425638632056">
        <ele>544.52</ele>
        <time>1970-01-01T00:00:00.000Z</time>
      </trkpt>
      <trkpt lat="60.25845" lon="8.63412">
        <ele>544.804373777424</ele>
        <time>1970-01-01T00:00:00.000Z</time>
      </trkpt>
      <trkpt lat="60.25824" lon="8.63397">
        <ele>545.2833703048971</ele>
        <time>1970-01-01T00:00:00.000Z</time>
      </trkpt>
      <trkpt lat="60.25816" lon="8.6339">
        <ele>545.4708715063441</ele>
        <time>1970-01-01T00:00:00.000Z</time>
      </trkpt>
      <trkpt lat="60.2579" lon="8.63374">
        <ele>546.0553269800906</ele>
        <time>1970-01-01T00:00:00.000Z</time>
      </trkpt>
      <trkpt lat="60.25777" lon="8.6336">
        <ele>546.3722078560623</ele>
        <time>1970-01-01T00:00:00.000Z</time>
      </trkpt>
      <trkpt lat="60.25764" lon="8.6334">
        <ele>546.7238055542535</ele>
        <time>1970-01-01T00:00:00.000Z</time>
      </trkpt>
      <trkpt lat="60.25757680737135" lon="8.633267295249675">
        <ele>546.92</ele>
        <time>1970-01-01T00:00:00.000Z</time>
      </trkpt>
      <trkpt lat="60.25754" lon="8.63319">
        <ele>548.9618924842698</ele>
        <time>1970-01-01T00:00:00.000Z</time>
      </trkpt>
      <trkpt lat="60.25743" lon="8.63274">
        <ele>549.6262699919646</ele>
        <time>1970-01-01T00:00:00.000Z</time>
      </trkpt>
      <trkpt lat="60.25726" lon="8.63178">
        <ele>550.9762247177229</ele>
        <time>1970-01-01T00:00:00.000Z</time>
      </trkpt>
      <trkpt lat="60.25718" lon="8.63124">
        <ele>551.722589215777</ele>
        <time>1970-01-01T00:00:00.000Z</time>
      </trkpt>
      <trkpt lat="60.257169859233" lon="8.631185239552218">
        <ele>551.8</ele>
        <time>1970-01-01T00:00:00.000Z</time>
      </trkpt>
      <trkpt lat="60.25713" lon="8.63097">
        <ele>552.1012055511309</ele>
        <time>1970-01-01T00:00:00.000Z</time>
      </trkpt>
      <trkpt lat="60.25699" lon="8.63035">
        <ele>552.9942877391715</ele>
        <time>1970-01-01T00:00:00.000Z</time>
      </trkpt>
      <trkpt lat="60.25672" lon="8.62936">
        <ele>554.4754182358191</ele>
        <time>1970-01-01T00:00:00.000Z</time>
      </trkpt>
      <trkpt lat="60.2566799001145" lon="8.62916678986965">
        <ele>554.75</ele>
        <time>1970-01-01T00:00:00.000Z</time>
      </trkpt>
      <trkpt lat="60.25661" lon="8.62883">
        <ele>554.9041359224433</ele>
        <time>1970-01-01T00:00:00.000Z</time>
      </trkpt>
      <trkpt lat="60.25657" lon="8.62852">
        <ele>555.0393740222421</ele>
        <time>1970-01-01T00:00:00.000Z</time>
      </trkpt>
      <trkpt lat="60.25655" lon="8.62803">
        <ele>555.2469539966223</ele>
        <time>1970-01-01T00:00:00.000Z</time>
      </trkpt>
      <trkpt lat="60.25657" lon="8.62758">
        <ele>555.4377076182233</ele>
        <time>1970-01-01T00:00:00.000Z</time>
      </trkpt>
      <trkpt lat="60.25662" lon="8.62714">
        <ele>555.6282890224105</ele>
        <time>1970-01-01T00:00:00.000Z</time>
      </trkpt>
      <trkpt lat="60.25693" lon="8.62591">
        <ele>556.2107683714345</ele>
        <time>1970-01-01T00:00:00.000Z</time>
      </trkpt>
      <trkpt lat="60.25697" lon="8.62553">
        <ele>556.3747763718674</ele>
        <time>1970-01-01T00:00:00.000Z</time>
      </trkpt>
      <trkpt lat="60.25697" lon="8.62539">
        <ele>556.4338844907028</ele>
        <time>1970-01-01T00:00:00.000Z</time>
      </trkpt>
      <trkpt lat="60.25684" lon="8.62473">
        <ele>556.7336963693006</ele>
        <time>1970-01-01T00:00:00.000Z</time>
      </trkpt>
      <trkpt lat="60.25675" lon="8.62427">
        <ele>556.9424669978894</ele>
        <time>1970-01-01T00:00:00.000Z</time>
      </trkpt>
      <trkpt lat="60.25642" lon="8.62338">
        <ele>557.4115803849514</ele>
        <time>1970-01-01T00:00:00.000Z</time>
      </trkpt>
      <trkpt lat="60.25638" lon="8.62309">
        <ele>557.5386647085606</ele>
        <time>1970-01-01T00:00:00.000Z</time>
      </trkpt>
      <trkpt lat="60.25638579216412" lon="8.622945197347688">
        <ele>557.6</ele>
        <time>1970-01-01T00:00:00.000Z</time>
      </trkpt>
      <trkpt lat="60.25639" lon="8.62284">
        <ele>561.3326276536443</ele>
        <time>1970-01-01T00:00:00.000Z</time>
      </trkpt>
      <trkpt lat="60.25643" lon="8.62261">
        <ele>561.8005586014816</ele>
        <time>1970-01-01T00:00:00.000Z</time>
      </trkpt>
      <trkpt lat="60.2565" lon="8.6224">
        <ele>562.2862972821209</ele>
        <time>1970-01-01T00:00:00.000Z</time>
      </trkpt>
      <trkpt lat="60.25663" lon="8.62224">
        <ele>562.8757563725923</ele>
        <time>1970-01-01T00:00:00.000Z</time>
      </trkpt>
      <trkpt lat="60.25684" lon="8.62204">
        <ele>563.7745848398799</ele>
        <time>1970-01-01T00:00:00.000Z</time>
      </trkpt>
      <trkpt lat="60.25697" lon="8.62186">
        <ele>564.3849332166772</ele>
        <time>1970-01-01T00:00:00.000Z</time>
      </trkpt>
      <trkpt lat="60.25706" lon="8.62164">
        <ele>564.9323911999645</ele>
        <time>1970-01-01T00:00:00.000Z</time>
      </trkpt>
      <trkpt lat="60.257123796484144" lon="8.621403041751494">
        <ele>565.45</ele>
        <time>1970-01-01T00:00:00.000Z</time>
      </trkpt>
      <trkpt lat="60.25713" lon="8.62138">
        <ele>565.487865526008</ele>
        <time>1970-01-01T00:00:00.000Z</time>
      </trkpt>
      <trkpt lat="60.25715" lon="8.62103">
        <ele>565.9967352169705</ele>
        <time>1970-01-01T00:00:00.000Z</time>
      </trkpt>
      <trkpt lat="60.25711" lon="8.61947">
        <ele>568.2529509265352</ele>
        <time>1970-01-01T00:00:00.000Z</time>
      </trkpt>
      <trkpt lat="60.25712565624183" lon="8.619162100466527">
        <ele>568.7</ele>
        <time>1970-01-01T00:00:00.000Z</time>
      </trkpt>
      <trkpt lat="60.25714" lon="8.61888">
        <ele>569.0390146716176</ele>
        <time>1970-01-01T00:00:00.000Z</time>
      </trkpt>
      <trkpt lat="60.25716" lon="8.61863">
        <ele>569.3417476690141</ele>
        <time>1970-01-01T00:00:00.000Z</time>
      </trkpt>
      <trkpt lat="60.25724" lon="8.61816">
        <ele>569.9357773950727</ele>
        <time>1970-01-01T00:00:00.000Z</time>
      </trkpt>
      <trkpt lat="60.25738" lon="8.6176">
        <ele>570.6854466729087</ele>
        <time>1970-01-01T00:00:00.000Z</time>
      </trkpt>
      <trkpt lat="60.25753672550513" lon="8.617102474827025">
        <ele>571.39</ele>
        <time>1970-01-01T00:00:00.000Z</time>
      </trkpt>
      <trkpt lat="60.25801" lon="8.6156">
        <ele>573.9051998440049</ele>
        <time>1970-01-01T00:00:00.000Z</time>
      </trkpt>
      <trkpt lat="60.25812207148899" lon="8.615187376783727">
        <ele>574.57</ele>
        <time>1970-01-01T00:00:00.000Z</time>
      </trkpt>
      <trkpt lat="60.25823" lon="8.61479">
        <ele>578.8094417502807</ele>
        <time>1970-01-01T00:00:00.000Z</time>
      </trkpt>
      <trkpt lat="60.25839" lon="8.61428">
        <ele>579.3015223251479</ele>
        <time>1970-01-01T00:00:00.000Z</time>
      </trkpt>
      <trkpt lat="60.25887" lon="8.61297">
        <ele>580.6295922189435</ele>
        <time>1970-01-01T00:00:00.000Z</time>
      </trkpt>
      <trkpt lat="60.25916" lon="8.61207">
        <ele>581.5047396159679</ele>
        <time>1970-01-01T00:00:00.000Z</time>
      </trkpt>
      <trkpt lat="60.25934632548185" lon="8.611429814523962">
        <ele>582.11</ele>
        <time>1970-01-01T00:00:00.000Z</time>
      </trkpt>
      <trkpt lat="60.25955" lon="8.61073">
        <ele>583.126780594966</ele>
        <time>1970-01-01T00:00:00.000Z</time>
      </trkpt>
      <trkpt lat="60.25991" lon="8.60956">
        <ele>584.8521234992071</ele>
        <time>1970-01-01T00:00:00.000Z</time>
      </trkpt>
      <trkpt lat="60.25992808315462" lon="8.6095096703005">
        <ele>584.93</ele>
        <time>1970-01-01T00:00:00.000Z</time>
      </trkpt>
      <trkpt lat="60.26051" lon="8.60789">
        <ele>587.6760606261228</ele>
        <time>1970-01-01T00:00:00.000Z</time>
      </trkpt>
      <trkpt lat="60.26057930191089" lon="8.607682098024373">
        <ele>588.02</ele>
        <time>1970-01-01T00:00:00.000Z</time>
      </trkpt>
      <trkpt lat="60.26086" lon="8.60684">
        <ele>588.8540546994417</ele>
        <time>1970-01-01T00:00:00.000Z</time>
      </trkpt>
      <trkpt lat="60.26112" lon="8.60591">
        <ele>589.7316506193566</ele>
        <time>1970-01-01T00:00:00.000Z</time>
      </trkpt>
      <trkpt lat="60.2611565632221" lon="8.605758707547707">
        <ele>589.87</ele>
        <time>1970-01-01T00:00:00.000Z</time>
      </trkpt>
      <trkpt lat="60.26141" lon="8.60471">
        <ele>590.7875126078682</ele>
        <time>1970-01-01T00:00:00.000Z</time>
      </trkpt>
      <trkpt lat="60.26166049896859" lon="8.603750954978942">
        <ele>591.64</ele>
        <time>1970-01-01T00:00:00.000Z</time>
      </trkpt>
      <trkpt lat="60.26176" lon="8.60337">
        <ele>592.0149736798811</ele>
        <time>1970-01-01T00:00:00.000Z</time>
      </trkpt>
      <trkpt lat="60.2622" lon="8.60186">
        <ele>593.5402095663079</ele>
        <time>1970-01-01T00:00:00.000Z</time>
      </trkpt>
      <trkpt lat="60.26222024235461" lon="8.60180479422361">
        <ele>593.6</ele>
        <time>1970-01-01T00:00:00.000Z</time>
      </trkpt>
      <trkpt lat="60.26242" lon="8.60126">
        <ele>594.0184422084371</ele>
        <time>1970-01-01T00:00:00.000Z</time>
      </trkpt>
      <trkpt lat="60.26292494156469" lon="8.60006078706186">
        <ele>594.99</ele>
        <time>1970-01-01T00:00:00.000Z</time>
      </trkpt>
      <trkpt lat="60.2633" lon="8.59917">
        <ele>598.1237353147508</ele>
        <time>1970-01-01T00:00:00.000Z</time>
      </trkpt>
      <trkpt lat="60.263672401576535" lon="8.598390721359626">
        <ele>599.22</ele>
        <time>1970-01-01T00:00:00.000Z</time>
      </trkpt>
      <trkpt lat="60.26384" lon="8.59804">
        <ele>599.8843259704531</ele>
        <time>1970-01-01T00:00:00.000Z</time>
      </trkpt>
      <trkpt lat="60.26431" lon="8.59699">
        <ele>601.8136170304795</ele>
        <time>1970-01-01T00:00:00.000Z</time>
      </trkpt>
      <trkpt lat="60.26434" lon="8.59686">
        <ele>602.009199517084</ele>
        <time>1970-01-01T00:00:00.000Z</time>
      </trkpt>
      <trkpt lat="60.26423816207764" lon="8.596874851535725">
        <ele>602.29</ele>
        <time>1970-01-01T00:00:00.000Z</time>
      </trkpt>
      <trkpt lat="60.26386" lon="8.59693">
        <ele>603.950874289484</ele>
        <time>1970-01-01T00:00:00.000Z</time>
      </trkpt>
      <trkpt lat="60.26354" lon="8.59702">
        <ele>605.3662146006792</ele>
        <time>1970-01-01T00:00:00.000Z</time>
      </trkpt>
      <trkpt lat="60.26331" lon="8.59714">
        <ele>606.4069251125566</ele>
        <time>1970-01-01T00:00:00.000Z</time>
      </trkpt>
      <trkpt lat="60.26314340982057" lon="8.597257434109737">
        <ele>607.18</ele>
        <time>1970-01-01T00:00:00.000Z</time>
      </trkpt>
      <trkpt lat="60.2627" lon="8.59757">
        <ele>609.5238149428437</ele>
        <time>1970-01-01T00:00:00.000Z</time>
      </trkpt>
      <trkpt lat="60.26243" lon="8.59769">
        <ele>610.90337562144</ele>
        <time>1970-01-01T00:00:00.000Z</time>
      </trkpt>
      <trkpt lat="60.26221" lon="8.59776">
        <ele>612.0146911744448</ele>
        <time>1970-01-01T00:00:00.000Z</time>
      </trkpt>
      <trkpt lat="60.262063317061184" lon="8.597788575145174">
        <ele>612.75</ele>
        <time>1970-01-01T00:00:00.000Z</time>
      </trkpt>
      <trkpt lat="60.26144" lon="8.59791">
        <ele>624.6399996636512</ele>
        <time>1970-01-01T00:00:00.000Z</time>
      </trkpt>
      <trkpt lat="60.26113" lon="8.59793">
        <ele>626.9183188827845</ele>
        <time>1970-01-01T00:00:00.000Z</time>
      </trkpt>
      <trkpt lat="60.26099" lon="8.59788">
        <ele>627.9627245012814</ele>
        <time>1970-01-01T00:00:00.000Z</time>
      </trkpt>
      <trkpt lat="60.26095336320417" lon="8.597861681565535">
        <ele>628.24</ele>
        <time>1970-01-01T00:00:00.000Z</time>
      </trkpt>
      <trkpt lat="60.26089" lon="8.59783">
        <ele>628.674516289311</ele>
        <time>1970-01-01T00:00:00.000Z</time>
      </trkpt>
      <trkpt lat="60.26073" lon="8.59768">
        <ele>629.8489829793335</ele>
        <time>1970-01-01T00:00:00.000Z</time>
      </trkpt>
      <trkpt lat="60.26057" lon="8.59745">
        <ele>631.1569464126958</ele>
        <time>1970-01-01T00:00:00.000Z</time>
      </trkpt>
      <trkpt lat="60.26051" lon="8.59733">
        <ele>631.7194940492535</ele>
        <time>1970-01-01T00:00:00.000Z</time>
      </trkpt>
      <trkpt lat="60.26036" lon="8.59694">
        <ele>633.348864644923</ele>
        <time>1970-01-01T00:00:00.000Z</time>
      </trkpt>
      <trkpt lat="60.2603" lon="8.59672">
        <ele>634.1777838585039</ele>
        <time>1970-01-01T00:00:00.000Z</time>
      </trkpt>
      <trkpt lat="60.26025" lon="8.59641">
        <ele>635.2540613202334</ele>
        <time>1970-01-01T00:00:00.000Z</time>
      </trkpt>
      <trkpt lat="60.26024351934192" lon="8.596284703047226">
        <ele>635.67</ele>
        <time>1970-01-01T00:00:00.000Z</time>
      </trkpt>
      <trkpt lat="60.26022" lon="8.59583">
        <ele>637.0798980806298</ele>
        <time>1970-01-01T00:00:00.000Z</time>
      </trkpt>
      <trkpt lat="60.26022" lon="8.59544">
        <ele>638.2826511052768</ele>
        <time>1970-01-01T00:00:00.000Z</time>
      </trkpt>
      <trkpt lat="60.26027" lon="8.59468">
        <ele>640.6469986867345</ele>
        <time>1970-01-01T00:00:00.000Z</time>
      </trkpt>
      <trkpt lat="60.260386327677935" lon="8.594088254757688">
        <ele>642.61</ele>
        <time>1970-01-01T00:00:00.000Z</time>
      </trkpt>
      <trkpt lat="60.2605" lon="8.59351">
        <ele>644.7769983002742</ele>
        <time>1970-01-01T00:00:00.000Z</time>
      </trkpt>
      <trkpt lat="60.26058" lon="8.59296">
        <ele>646.7738121370461</ele>
        <time>1970-01-01T00:00:00.000Z</time>
      </trkpt>
      <trkpt lat="60.26062" lon="8.59241">
        <ele>648.7104310588617</ele>
        <time>1970-01-01T00:00:00.000Z</time>
      </trkpt>
      <trkpt lat="60.2606" lon="8.59201">
        <ele>650.1110444363791</ele>
        <time>1970-01-01T00:00:00.000Z</time>
      </trkpt>
      <trkpt lat="60.260579316521174" lon="8.591922095047831">
        <ele>650.45</ele>
        <time>1970-01-01T00:00:00.000Z</time>
      </trkpt>
      <trkpt lat="60.26056" lon="8.59184">
        <ele>658.8950324590303</ele>
        <time>1970-01-01T00:00:00.000Z</time>
      </trkpt>
      <trkpt lat="60.26049" lon="8.59163">
        <ele>659.8000931730872</ele>
        <time>1970-01-01T00:00:00.000Z</time>
      </trkpt>
      <trkpt lat="60.26043" lon="8.59151">
        <ele>660.4095836123926</ele>
        <time>1970-01-01T00:00:00.000Z</time>
      </trkpt>
      <trkpt lat="60.26036" lon="8.59141">
        <ele>661.0282742044925</ele>
        <time>1970-01-01T00:00:00.000Z</time>
      </trkpt>
      <trkpt lat="60.26023" lon="8.5913">
        <ele>662.0449763017416</ele>
        <time>1970-01-01T00:00:00.000Z</time>
      </trkpt>
      <trkpt lat="60.26013" lon="8.59126">
        <ele>662.7801639812819</ele>
        <time>1970-01-01T00:00:00.000Z</time>
      </trkpt>
      <trkpt lat="60.26001" lon="8.59127">
        <ele>663.6462571857554</ele>
        <time>1970-01-01T00:00:00.000Z</time>
      </trkpt>
      <trkpt lat="60.25988" lon="8.59132">
        <ele>664.6006347298751</ele>
        <time>1970-01-01T00:00:00.000Z</time>
      </trkpt>
      <trkpt lat="60.25979" lon="8.59139">
        <ele>665.2962828693566</ele>
        <time>1970-01-01T00:00:00.000Z</time>
      </trkpt>
      <trkpt lat="60.25962435202007" lon="8.591549439622545">
        <ele>666.62</ele>
        <time>1970-01-01T00:00:00.000Z</time>
      </trkpt>
      <trkpt lat="60.25899" lon="8.59216">
        <ele>671.6451053780467</ele>
        <time>1970-01-01T00:00:00.000Z</time>
      </trkpt>
      <trkpt lat="60.25876" lon="8.59243">
        <ele>673.5477620828004</ele>
        <time>1970-01-01T00:00:00.000Z</time>
      </trkpt>
      <trkpt lat="60.258639357916" lon="8.592599996305838">
        <ele>674.6</ele>
        <time>1970-01-01T00:00:00.000Z</time>
      </trkpt>
      <trkpt lat="60.25854" lon="8.59274">
        <ele>675.391665126649</ele>
        <time>1970-01-01T00:00:00.000Z</time>
      </trkpt>
      <trkpt lat="60.25779731056555" lon="8.594074963451842">
        <ele>681.89</ele>
        <time>1970-01-01T00:00:00.000Z</time>
      </trkpt>
      <trkpt lat="60.25775" lon="8.59416">
        <ele>682.3039508846796</ele>
        <time>1970-01-01T00:00:00.000Z</time>
      </trkpt>
      <trkpt lat="60.25698" lon="8.59558">
        <ele>689.119383106059</ele>
        <time>1970-01-01T00:00:00.000Z</time>
      </trkpt>
      <trkpt lat="60.25697275685729" lon="8.59559170058063">
        <ele>689.18</ele>
        <time>1970-01-01T00:00:00.000Z</time>
      </trkpt>
      <trkpt lat="60.25672" lon="8.596">
        <ele>699.2414969825344</ele>
        <time>1970-01-01T00:00:00.000Z</time>
      </trkpt>
      <trkpt lat="60.25624" lon="8.59667">
        <ele>702.7771538077026</ele>
        <time>1970-01-01T00:00:00.000Z</time>
      </trkpt>
      <trkpt lat="60.25608091359032" lon="8.596941773529469">
        <ele>704.04</ele>
        <time>1970-01-01T00:00:00.000Z</time>
      </trkpt>
      <trkpt lat="60.256" lon="8.59708">
        <ele>704.7687631010102</ele>
        <time>1970-01-01T00:00:00.000Z</time>
      </trkpt>
      <trkpt lat="60.25568" lon="8.59765">
        <ele>707.7029719358135</ele>
        <time>1970-01-01T00:00:00.000Z</time>
      </trkpt>
      <trkpt lat="60.25526602952708" lon="8.598477960419599">
        <ele>711.71</ele>
        <time>1970-01-01T00:00:00.000Z</time>
      </trkpt>
      <trkpt lat="60.25475" lon="8.59951">
        <ele>716.7439121013125</ele>
        <time>1970-01-01T00:00:00.000Z</time>
      </trkpt>
      <trkpt lat="60.25449671118041" lon="8.600105986753166">
        <ele>719.44</ele>
        <time>1970-01-01T00:00:00.000Z</time>
      </trkpt>
      <trkpt lat="60.25407" lon="8.60111">
        <ele>723.0183572895562</ele>
        <time>1970-01-01T00:00:00.000Z</time>
      </trkpt>
      <trkpt lat="60.25388" lon="8.60152">
        <ele>724.536919649074</ele>
        <time>1970-01-01T00:00:00.000Z</time>
      </trkpt>
      <trkpt lat="60.2537375493416" lon="8.601748416280962">
        <ele>725.53</ele>
        <time>1970-01-01T00:00:00.000Z</time>
      </trkpt>
      <trkpt lat="60.2533" lon="8.60245">
        <ele>729.8124603465861</ele>
        <time>1970-01-01T00:00:00.000Z</time>
      </trkpt>
      <trkpt lat="60.25291851349001" lon="8.603268468565693">
        <ele>734.08</ele>
        <time>1970-01-01T00:00:00.000Z</time>
      </trkpt>
      <trkpt lat="60.25275" lon="8.60363">
        <ele>745.1109050835427</ele>
        <time>1970-01-01T00:00:00.000Z</time>
      </trkpt>
      <trkpt lat="60.2522" lon="8.60486">
        <ele>751.7566785887312</ele>
        <time>1970-01-01T00:00:00.000Z</time>
      </trkpt>
      <trkpt lat="60.252164947713474" lon="8.604927914184055">
        <ele>752.15</ele>
        <time>1970-01-01T00:00:00.000Z</time>
      </trkpt>
      <trkpt lat="60.25204" lon="8.60517">
        <ele>753.5007969467097</ele>
        <time>1970-01-01T00:00:00.000Z</time>
      </trkpt>
      <trkpt lat="60.25175" lon="8.60568">
        <ele>756.5004297557766</ele>
        <time>1970-01-01T00:00:00.000Z</time>
      </trkpt>
      <trkpt lat="60.25132" lon="8.60634">
        <ele>760.7129065324148</ele>
        <time>1970-01-01T00:00:00.000Z</time>
      </trkpt>
      <trkpt lat="60.25130512697788" lon="8.606358929366856">
        <ele>760.85</ele>
        <time>1970-01-01T00:00:00.000Z</time>
      </trkpt>
      <trkpt lat="60.25121" lon="8.60648">
        <ele>761.7792500949712</ele>
        <time>1970-01-01T00:00:00.000Z</time>
      </trkpt>
      <trkpt lat="60.25113" lon="8.60656">
        <ele>762.516872037506</ele>
        <time>1970-01-01T00:00:00.000Z</time>
      </trkpt>
      <trkpt lat="60.25103" lon="8.60662">
        <ele>763.3786378433905</ele>
        <time>1970-01-01T00:00:00.000Z</time>
      </trkpt>
      <trkpt lat="60.25095" lon="8.60664">
        <ele>764.0444531408328</ele>
        <time>1970-01-01T00:00:00.000Z</time>
      </trkpt>
      <trkpt lat="60.250220520575944" lon="8.606658866095222">
        <ele>770.07</ele>
        <time>1970-01-01T00:00:00.000Z</time>
      </trkpt>
      <trkpt lat="60.24979" lon="8.60667">
        <ele>773.2250025573873</ele>
        <time>1970-01-01T00:00:00.000Z</time>
      </trkpt>
      <trkpt lat="60.24935" lon="8.60665">
        <ele>776.4500281732103</ele>
        <time>1970-01-01T00:00:00.000Z</time>
      </trkpt>
      <trkpt lat="60.24917" lon="8.60661">
        <ele>777.7770166643611</ele>
        <time>1970-01-01T00:00:00.000Z</time>
      </trkpt>
      <trkpt lat="60.24910950674785" lon="8.606564630031992">
        <ele>778.25</ele>
        <time>1970-01-01T00:00:00.000Z</time>
      </trkpt>
      <trkpt lat="60.24909" lon="8.60655">
        <ele>784.5398895617825</ele>
        <time>1970-01-01T00:00:00.000Z</time>
      </trkpt>
      <trkpt lat="60.24905" lon="8.6065">
        <ele>784.811017686416</ele>
        <time>1970-01-01T00:00:00.000Z</time>
      </trkpt>
      <trkpt lat="60.24897" lon="8.60633">
        <ele>785.4806861599543</ele>
        <time>1970-01-01T00:00:00.000Z</time>
      </trkpt>
      <trkpt lat="60.24895" lon="8.60613">
        <ele>786.0638447083899</ele>
        <time>1970-01-01T00:00:00.000Z</time>
      </trkpt>
      <trkpt lat="60.24899" lon="8.60594">
        <ele>786.6537807597333</ele>
        <time>1970-01-01T00:00:00.000Z</time>
      </trkpt>
      <trkpt lat="60.24914" lon="8.60567">
        <ele>787.812274514955</ele>
        <time>1970-01-01T00:00:00.000Z</time>
      </trkpt>
      <trkpt lat="60.24955943662836" lon="8.605025766424882">
        <ele>790.85</ele>
        <time>1970-01-01T00:00:00.000Z</time>
      </trkpt>
      <trkpt lat="60.25039" lon="8.60375">
        <ele>797.4453508710662</ele>
        <time>1970-01-01T00:00:00.000Z</time>
      </trkpt>
      <trkpt lat="60.250434102629974" lon="8.603635333199906">
        <ele>797.9</ele>
        <time>1970-01-01T00:00:00.000Z</time>
      </trkpt>
      <trkpt lat="60.25044" lon="8.60362">
        <ele>797.9653658470701</ele>
        <time>1970-01-01T00:00:00.000Z</time>
      </trkpt>
      <trkpt lat="60.25046" lon="8.60349">
        <ele>798.4239561434554</ele>
        <time>1970-01-01T00:00:00.000Z</time>
      </trkpt>
      <trkpt lat="60.25045" lon="8.60337">
        <ele>798.8339449119738</ele>
        <time>1970-01-01T00:00:00.000Z</time>
      </trkpt>
      <trkpt lat="60.25042" lon="8.60325">
        <ele>799.2866887878903</ele>
        <time>1970-01-01T00:00:00.000Z</time>
      </trkpt>
      <trkpt lat="60.25023" lon="8.60291">
        <ele>801.0120507218928</ele>
        <time>1970-01-01T00:00:00.000Z</time>
      </trkpt>
      <trkpt lat="60.25014" lon="8.60268">
        <ele>801.9989868943861</ele>
        <time>1970-01-01T00:00:00.000Z</time>
      </trkpt>
      <trkpt lat="60.2501" lon="8.60253">
        <ele>802.5727593565272</ele>
        <time>1970-01-01T00:00:00.000Z</time>
      </trkpt>
      <trkpt lat="60.25005" lon="8.60214">
        <ele>803.929986972086</ele>
        <time>1970-01-01T00:00:00.000Z</time>
      </trkpt>
      <trkpt lat="60.25003" lon="8.60169">
        <ele>805.4523007709224</ele>
        <time>1970-01-01T00:00:00.000Z</time>
      </trkpt>
      <trkpt lat="60.25003" lon="8.60132">
        <ele>806.5735537312435</ele>
        <time>1970-01-01T00:00:00.000Z</time>
      </trkpt>
      <trkpt lat="60.25005830575189" lon="8.599433003416804">
        <ele>812.28</ele>
        <time>1970-01-01T00:00:00.000Z</time>
      </trkpt>
      <trkpt lat="60.25006" lon="8.59932">
        <ele>817.5186589894719</ele>
        <time>1970-01-01T00:00:00.000Z</time>
      </trkpt>
      <trkpt lat="60.25003" lon="8.59861">
        <ele>818.9598644550124</ele>
        <time>1970-01-01T00:00:00.000Z</time>
      </trkpt>
      <trkpt lat="60.24995" lon="8.5979">
        <ele>820.4324313799546</ele>
        <time>1970-01-01T00:00:00.000Z</time>
      </trkpt>
      <trkpt lat="60.249820907309285" lon="8.597254518790326">
        <ele>821.84</ele>
        <time>1970-01-01T00:00:00.000Z</time>
      </trkpt>
      <trkpt lat="60.2496" lon="8.59615">
        <ele>824.2803563651091</ele>
        <time>1970-01-01T00:00:00.000Z</time>
      </trkpt>
      <trkpt lat="60.24953" lon="8.59566">
        <ele>825.3252712016321</ele>
        <time>1970-01-01T00:00:00.000Z</time>
      </trkpt>
      <trkpt lat="60.24951" lon="8.59539">
        <ele>825.8846997313199</ele>
        <time>1970-01-01T00:00:00.000Z</time>
      </trkpt>
      <trkpt lat="60.24951475360099" lon="8.59511430948101">
        <ele>826.45</ele>
        <time>1970-01-01T00:00:00.000Z</time>
      </trkpt>
      <trkpt lat="60.24952" lon="8.59481">
        <ele>827.3541661599637</ele>
        <time>1970-01-01T00:00:00.000Z</time>
      </trkpt>
      <trkpt lat="60.24963853526132" lon="8.592879611188247">
        <ele>833.13</ele>
        <time>1970-01-01T00:00:00.000Z</time>
      </trkpt>
      <trkpt lat="60.24966" lon="8.59253">
        <ele>834.3717955231223</ele>
        <time>1970-01-01T00:00:00.000Z</time>
      </trkpt>
      <trkpt lat="60.24965" lon="8.59181">
        <ele>836.9108279753023</ele>
        <time>1970-01-01T00:00:00.000Z</time>
      </trkpt>
      <trkpt lat="60.24961" lon="8.59101">
        <ele>839.7451524904864</ele>
        <time>1970-01-01T00:00:00.000Z</time>
      </trkpt>
      <trkpt lat="60.24957074499735" lon="8.590645485286034">
        <ele>841.06</ele>
        <time>1970-01-01T00:00:00.000Z</time>
      </trkpt>
      <trkpt lat="60.24954" lon="8.59036">
        <ele>849.7283502182286</ele>
        <time>1970-01-01T00:00:00.000Z</time>
      </trkpt>
      <trkpt lat="60.24939" lon="8.58955">
        <ele>852.8605603931095</ele>
        <time>1970-01-01T00:00:00.000Z</time>
      </trkpt>
      <trkpt lat="60.24933" lon="8.58926">
        <ele>853.9988592525248</ele>
        <time>1970-01-01T00:00:00.000Z</time>
      </trkpt>
      <trkpt lat="60.24918" lon="8.58895">
        <ele>855.5675068918666</ele>
        <time>1970-01-01T00:00:00.000Z</time>
      </trkpt>
      <trkpt lat="60.24907" lon="8.58885">
        <ele>856.4485383621123</ele>
        <time>1970-01-01T00:00:00.000Z</time>
      </trkpt>
      <trkpt lat="60.24902040500165" lon="8.588827109943086">
        <ele>856.82</ele>
        <time>1970-01-01T00:00:00.000Z</time>
      </trkpt>
      <trkpt lat="60.24894" lon="8.58879">
        <ele>857.2692675793696</ele>
        <time>1970-01-01T00:00:00.000Z</time>
      </trkpt>
      <trkpt lat="60.24863" lon="8.58874">
        <ele>858.9630929644096</ele>
        <time>1970-01-01T00:00:00.000Z</time>
      </trkpt>
      <trkpt lat="60.24792" lon="8.58858">
        <ele>862.8542380951807</ele>
        <time>1970-01-01T00:00:00.000Z</time>
      </trkpt>
      <trkpt lat="60.24777" lon="8.58857">
        <ele>863.6640502398486</ele>
        <time>1970-01-01T00:00:00.000Z</time>
      </trkpt>
      <trkpt lat="60.24762" lon="8.58857">
        <ele>864.4729682261984</ele>
        <time>1970-01-01T00:00:00.000Z</time>
      </trkpt>
      <trkpt lat="60.2475" lon="8.58861">
        <ele>865.1288966508781</ele>
        <time>1970-01-01T00:00:00.000Z</time>
      </trkpt>
      <trkpt lat="60.24726" lon="8.58876">
        <ele>866.4839900690189</ele>
        <time>1970-01-01T00:00:00.000Z</time>
      </trkpt>
      <trkpt lat="60.24715" lon="8.58887">
        <ele>867.1462256109928</ele>
        <time>1970-01-01T00:00:00.000Z</time>
      </trkpt>
      <trkpt lat="60.246878057061885" lon="8.589242829874918">
        <ele>868.92</ele>
        <time>1970-01-01T00:00:00.000Z</time>
      </trkpt>
      <trkpt lat="60.24653" lon="8.58972">
        <ele>871.27696247163</ele>
        <time>1970-01-01T00:00:00.000Z</time>
      </trkpt>
      <trkpt lat="60.24603" lon="8.59049">
        <ele>874.8003238953518</ele>
        <time>1970-01-01T00:00:00.000Z</time>
      </trkpt>
      <trkpt lat="60.245987384059234" lon="8.59059162308897">
        <ele>875.17</ele>
        <time>1970-01-01T00:00:00.000Z</time>
      </trkpt>
      <trkpt lat="60.2459" lon="8.5908">
        <ele>881.4114776326451</ele>
        <time>1970-01-01T00:00:00.000Z</time>
      </trkpt>
      <trkpt lat="60.24586" lon="8.591">
        <ele>882.17934188645</ele>
        <time>1970-01-01T00:00:00.000Z</time>
      </trkpt>
      <trkpt lat="60.2458" lon="8.59159">
        <ele>884.3240072563661</ele>
        <time>1970-01-01T00:00:00.000Z</time>
      </trkpt>
      <trkpt lat="60.2457" lon="8.59215">
        <ele>886.443354791991</ele>
        <time>1970-01-01T00:00:00.000Z</time>
      </trkpt>
      <trkpt lat="60.24556" lon="8.59253">
        <ele>888.128673089059</ele>
        <time>1970-01-01T00:00:00.000Z</time>
      </trkpt>
      <trkpt lat="60.24552774977314" lon="8.592592603766995">
        <ele>888.45</ele>
        <time>1970-01-01T00:00:00.000Z</time>
      </trkpt>
      <trkpt lat="60.24539" lon="8.59286">
        <ele>889.6082927855642</ele>
        <time>1970-01-01T00:00:00.000Z</time>
      </trkpt>
      <trkpt lat="60.24464949684038" lon="8.593977049378463">
        <ele>895.21</ele>
        <time>1970-01-01T00:00:00.000Z</time>
      </trkpt>
      <trkpt lat="60.24421" lon="8.59464">
        <ele>898.092011985213</ele>
        <time>1970-01-01T00:00:00.000Z</time>
      </trkpt>
      <trkpt lat="60.24411" lon="8.59474">
        <ele>898.6780542044227</ele>
        <time>1970-01-01T00:00:00.000Z</time>
      </trkpt>
      <trkpt lat="60.24375" lon="8.59499">
        <ele>900.6769542049618</ele>
        <time>1970-01-01T00:00:00.000Z</time>
      </trkpt>
      <trkpt lat="60.24368224261357" lon="8.595054191474237">
        <ele>901.07</ele>
        <time>1970-01-01T00:00:00.000Z</time>
      </trkpt>
      <trkpt lat="60.24356" lon="8.59517">
        <ele>901.9122101679022</ele>
        <time>1970-01-01T00:00:00.000Z</time>
      </trkpt>
      <trkpt lat="60.24318" lon="8.59578">
        <ele>904.9414719482626</ele>
        <time>1970-01-01T00:00:00.000Z</time>
      </trkpt>
      <trkpt lat="60.24280880413982" lon="8.59644091079091">
        <ele>908.03</ele>
        <time>1970-01-01T00:00:00.000Z</time>
      </trkpt>
      <trkpt lat="60.24277" lon="8.59651">
        <ele>916.6398786014221</ele>
        <time>1970-01-01T00:00:00.000Z</time>
      </trkpt>
      <trkpt lat="60.24271" lon="8.59656">
        <ele>917.0284186408768</ele>
        <time>1970-01-01T00:00:00.000Z</time>
      </trkpt>
      <trkpt lat="60.24268" lon="8.59658">
        <ele>917.2175114993568</ele>
        <time>1970-01-01T00:00:00.000Z</time>
      </trkpt>
      <trkpt lat="60.2426" lon="8.59654">
        <ele>917.7107541864693</ele>
        <time>1970-01-01T00:00:00.000Z</time>
      </trkpt>
      <trkpt lat="60.24257" lon="8.59647">
        <ele>917.9854382436215</ele>
        <time>1970-01-01T00:00:00.000Z</time>
      </trkpt>
      <trkpt lat="60.24255" lon="8.59628">
        <ele>918.5622983637846</ele>
        <time>1970-01-01T00:00:00.000Z</time>
      </trkpt>
      <trkpt lat="60.24279" lon="8.59544">
        <ele>921.440969192276</ele>
        <time>1970-01-01T00:00:00.000Z</time>
      </trkpt>
      <trkpt lat="60.24286" lon="8.59506">
        <ele>922.6448038610409</ele>
        <time>1970-01-01T00:00:00.000Z</time>
      </trkpt>
      <trkpt lat="60.242866117120776" lon="8.594937658313798">
        <ele>923.01</ele>
        <time>1970-01-01T00:00:00.000Z</time>
      </trkpt>
      <trkpt lat="60.24287" lon="8.59486">
        <ele>923.2834571569263</ele>
        <time>1970-01-01T00:00:00.000Z</time>
      </trkpt>
      <trkpt lat="60.24295352794967" lon="8.592695435807633">
        <ele>930.89</ele>
        <time>1970-01-01T00:00:00.000Z</time>
      </trkpt>
      <trkpt lat="60.24299" lon="8.59175">
        <ele>934.1364731063024</ele>
        <time>1970-01-01T00:00:00.000Z</time>
      </trkpt>
      <trkpt lat="60.24305" lon="8.59127">
        <ele>935.8310717428874</ele>
        <time>1970-01-01T00:00:00.000Z</time>
      </trkpt>
      <trkpt lat="60.2431" lon="8.59105">
        <ele>936.659451413595</ele>
        <time>1970-01-01T00:00:00.000Z</time>
      </trkpt>
      <trkpt lat="60.24323597152653" lon="8.590557107315236">
        <ele>938.59</ele>
        <time>1970-01-01T00:00:00.000Z</time>
      </trkpt>
      <trkpt lat="60.24334" lon="8.59018">
        <ele>940.1130701817463</ele>
        <time>1970-01-01T00:00:00.000Z</time>
      </trkpt>
      <trkpt lat="60.24334" lon="8.58982">
        <ele>941.3839347229556</ele>
        <time>1970-01-01T00:00:00.000Z</time>
      </trkpt>
      <trkpt lat="60.24311" lon="8.58907">
        <ele>944.4962150613884</ele>
        <time>1970-01-01T00:00:00.000Z</time>
      </trkpt>
      <trkpt lat="60.24306" lon="8.58878">
        <ele>945.5799873229079</ele>
        <time>1970-01-01T00:00:00.000Z</time>
      </trkpt>
      <trkpt lat="60.243035935923395" lon="8.588515294394696">
        <ele>946.53</ele>
        <time>1970-01-01T00:00:00.000Z</time>
      </trkpt>
      <trkpt lat="60.24303" lon="8.58845">
        <ele>955.4934178857812</ele>
        <time>1970-01-01T00:00:00.000Z</time>
      </trkpt>
      <trkpt lat="60.24304" lon="8.58816">
        <ele>956.4718255084185</ele>
        <time>1970-01-01T00:00:00.000Z</time>
      </trkpt>
      <trkpt lat="60.24335" lon="8.58647">
        <ele>962.5358810935594</ele>
        <time>1970-01-01T00:00:00.000Z</time>
      </trkpt>
      <trkpt lat="60.24336291528265" lon="8.586383469108146">
        <ele>962.84</ele>
        <time>1970-01-01T00:00:00.000Z</time>
      </trkpt>
      <trkpt lat="60.24345" lon="8.5858">
        <ele>965.473050369282</ele>
        <time>1970-01-01T00:00:00.000Z</time>
      </trkpt>
      <trkpt lat="60.24347" lon="8.58557">
        <ele>966.4821502712679</ele>
        <time>1970-01-01T00:00:00.000Z</time>
      </trkpt>
      <trkpt lat="60.24347" lon="8.58539">
        <ele>967.2600315253985</ele>
        <time>1970-01-01T00:00:00.000Z</time>
      </trkpt>
      <trkpt lat="60.24344" lon="8.58523">
        <ele>967.9991788408613</ele>
        <time>1970-01-01T00:00:00.000Z</time>
      </trkpt>
      <trkpt lat="60.24341" lon="8.58517">
        <ele>968.3672394917425</ele>
        <time>1970-01-01T00:00:00.000Z</time>
      </trkpt>
      <trkpt lat="60.24337" lon="8.58513">
        <ele>968.7560693098889</ele>
        <time>1970-01-01T00:00:00.000Z</time>
      </trkpt>
      <trkpt lat="60.24333" lon="8.58512">
        <ele>969.1070317597948</ele>
        <time>1970-01-01T00:00:00.000Z</time>
      </trkpt>
      <trkpt lat="60.24327" lon="8.58517">
        <ele>969.6723910041231</ele>
        <time>1970-01-01T00:00:00.000Z</time>
      </trkpt>
      <trkpt lat="60.24319" lon="8.58531">
        <ele>970.5950400192042</ele>
        <time>1970-01-01T00:00:00.000Z</time>
      </trkpt>
      <trkpt lat="60.24303787159174" lon="8.585645836836537">
        <ele>972.56</ele>
        <time>1970-01-01T00:00:00.000Z</time>
      </trkpt>
      <trkpt lat="60.24266" lon="8.58648">
        <ele>976.6674326647931</ele>
        <time>1970-01-01T00:00:00.000Z</time>
      </trkpt>
      <trkpt lat="60.2426" lon="8.58658">
        <ele>977.2380286994859</ele>
        <time>1970-01-01T00:00:00.000Z</time>
      </trkpt>
      <trkpt lat="60.24236" lon="8.58688">
        <ele>979.3076573790173</ele>
        <time>1970-01-01T00:00:00.000Z</time>
      </trkpt>
      <trkpt lat="60.24221242667498" lon="8.58713825345371">
        <ele>980.74</ele>
        <time>1970-01-01T00:00:00.000Z</time>
      </trkpt>
      <trkpt lat="60.2422" lon="8.58716">
        <ele>980.8312705225708</ele>
        <time>1970-01-01T00:00:00.000Z</time>
      </trkpt>
      <trkpt lat="60.24203" lon="8.58757">
        <ele>982.3016182770153</ele>
        <time>1970-01-01T00:00:00.000Z</time>
      </trkpt>
      <trkpt lat="60.24178" lon="8.58845">
        <ele>985.0922589343957</ele>
        <time>1970-01-01T00:00:00.000Z</time>
      </trkpt>
      <trkpt lat="60.24162" lon="8.58883">
        <ele>986.4637404600869</ele>
        <time>1970-01-01T00:00:00.000Z</time>
      </trkpt>
      <trkpt lat="60.24155939250177" lon="8.588947427548876">
        <ele>986.93</ele>
        <time>1970-01-01T00:00:00.000Z</time>
      </trkpt>
      <trkpt lat="60.24146" lon="8.58914">
        <ele>996.3025108145112</ele>
        <time>1970-01-01T00:00:00.000Z</time>
      </trkpt>
      <trkpt lat="60.24102" lon="8.58982">
        <ele>1000.9373395596099</ele>
        <time>1970-01-01T00:00:00.000Z</time>
      </trkpt>
      <trkpt lat="60.24089" lon="8.58994">
        <ele>1002.1324841054391</ele>
        <time>1970-01-01T00:00:00.000Z</time>
      </trkpt>
      <trkpt lat="60.24075" lon="8.59">
        <ele>1003.3287750239467</ele>
        <time>1970-01-01T00:00:00.000Z</time>
      </trkpt>
      <trkpt lat="60.24061293317888" lon="8.590027413375097">
        <ele>1004.48</ele>
        <time>1970-01-01T00:00:00.000Z</time>
      </trkpt>
      <trkpt lat="60.2406" lon="8.59003">
        <ele>1004.5665048201975</ele>
        <time>1970-01-01T00:00:00.000Z</time>
      </trkpt>
      <trkpt lat="60.24036" lon="8.59">
        <ele>1006.1669880246941</ele>
        <time>1970-01-01T00:00:00.000Z</time>
      </trkpt>
      <trkpt lat="60.24008" lon="8.58993">
        <ele>1008.0449287106588</ele>
        <time>1970-01-01T00:00:00.000Z</time>
      </trkpt>
      <trkpt lat="60.23988" lon="8.5899">
        <ele>1009.3797895760002</ele>
        <time>1970-01-01T00:00:00.000Z</time>
      </trkpt>
      <trkpt lat="60.2396" lon="8.58981">
        <ele>1011.267007352688</ele>
        <time>1970-01-01T00:00:00.000Z</time>
      </trkpt>
      <trkpt lat="60.23950788123091" lon="8.589751378931522">
        <ele>1011.91</ele>
        <time>1970-01-01T00:00:00.000Z</time>
      </trkpt>
      <trkpt lat="60.23949" lon="8.58974">
        <ele>1012.0680723931904</ele>
        <time>1970-01-01T00:00:00.000Z</time>
      </trkpt>
      <trkpt lat="60.23903" lon="8.58934">
        <ele>1016.2914793293489</ele>
        <time>1970-01-01T00:00:00.000Z</time>
      </trkpt>
      <trkpt lat="60.23886" lon="8.5893">
        <ele>1017.7342504753323</ele>
        <time>1970-01-01T00:00:00.000Z</time>
      </trkpt>
      <trkpt lat="60.23871" lon="8.58929">
        <ele>1018.9993808824131</ele>
        <time>1970-01-01T00:00:00.000Z</time>
      </trkpt>
      <trkpt lat="60.23843502778127" lon="8.589316826668618">
        <ele>1021.32</ele>
        <time>1970-01-01T00:00:00.000Z</time>
      </trkpt>
      <trkpt lat="60.2383" lon="8.58933">
        <ele>1022.3384613331422</ele>
        <time>1970-01-01T00:00:00.000Z</time>
      </trkpt>
      <trkpt lat="60.23784" lon="8.58945">
        <ele>1025.8329344567567</ele>
        <time>1970-01-01T00:00:00.000Z</time>
      </trkpt>
      <trkpt lat="60.23733552771068" lon="8.589680440163422">
        <ele>1029.73</ele>
        <time>1970-01-01T00:00:00.000Z</time>
      </trkpt>
      <trkpt lat="60.23703" lon="8.58982">
        <ele>1031.8572764602739</ele>
        <time>1970-01-01T00:00:00.000Z</time>
      </trkpt>
      <trkpt lat="60.23694" lon="8.58985">
        <ele>1032.4767092122952</ele>
        <time>1970-01-01T00:00:00.000Z</time>
      </trkpt>
      <trkpt lat="60.23686" lon="8.58984">
        <ele>1033.0209742537456</ele>
        <time>1970-01-01T00:00:00.000Z</time>
      </trkpt>
      <trkpt lat="60.23677" lon="8.58981">
        <ele>1033.640407091422</ele>
        <time>1970-01-01T00:00:00.000Z</time>
      </trkpt>
      <trkpt lat="60.23668" lon="8.58973">
        <ele>1034.3083814589982</ele>
        <time>1970-01-01T00:00:00.000Z</time>
      </trkpt>
      <trkpt lat="60.23663" lon="8.58963">
        <ele>1034.786808399158</ele>
        <time>1970-01-01T00:00:00.000Z</time>
      </trkpt>
      <trkpt lat="60.23656" lon="8.58938">
        <ele>1035.7543188155444</ele>
        <time>1970-01-01T00:00:00.000Z</time>
      </trkpt>
      <trkpt lat="60.23653" lon="8.589">
        <ele>1037.0513273615675</ele>
        <time>1970-01-01T00:00:00.000Z</time>
      </trkpt>
      <trkpt lat="60.236538624696934" lon="8.58892525382839">
        <ele>1037.31</ele>
        <time>1970-01-01T00:00:00.000Z</time>
      </trkpt>
      <trkpt lat="60.23659" lon="8.58848">
        <ele>1047.4415985078292</ele>
        <time>1970-01-01T00:00:00.000Z</time>
      </trkpt>
      <trkpt lat="60.23669" lon="8.58819">
        <ele>1048.5705907233853</ele>
        <time>1970-01-01T00:00:00.000Z</time>
      </trkpt>
      <trkpt lat="60.23681" lon="8.58797">
        <ele>1049.6156672866716</ele>
        <time>1970-01-01T00:00:00.000Z</time>
      </trkpt>
      <trkpt lat="60.23712" lon="8.58765">
        <ele>1051.8592241898455</ele>
        <time>1970-01-01T00:00:00.000Z</time>
      </trkpt>
      <trkpt lat="60.23723" lon="8.58751">
        <ele>1052.6972798989746</ele>
        <time>1970-01-01T00:00:00.000Z</time>
      </trkpt>
      <trkpt lat="60.23727" lon="8.58742">
        <ele>1053.083519551015</ele>
        <time>1970-01-01T00:00:00.000Z</time>
      </trkpt>
      <trkpt lat="60.23727112306527" lon="8.5873930469592">
        <ele>1053.17</ele>
        <time>1970-01-01T00:00:00.000Z</time>
      </trkpt>
      <trkpt lat="60.23728" lon="8.58718">
        <ele>1053.7442399757294</ele>
        <time>1970-01-01T00:00:00.000Z</time>
      </trkpt>
      <trkpt lat="60.23726" lon="8.58708">
        <ele>1054.0338123184263</ele>
        <time>1970-01-01T00:00:00.000Z</time>
      </trkpt>
      <trkpt lat="60.23722" lon="8.58698">
        <ele>1054.3787516169136</ele>
        <time>1970-01-01T00:00:00.000Z</time>
      </trkpt>
      <trkpt lat="60.23709" lon="8.58694">
        <ele>1055.0903007658417</ele>
        <time>1970-01-01T00:00:00.000Z</time>
      </trkpt>
      <trkpt lat="60.23679" lon="8.58702">
        <ele>1056.7276721840342</ele>
        <time>1970-01-01T00:00:00.000Z</time>
      </trkpt>
      <trkpt lat="60.23634" lon="8.5871">
        <ele>1059.1719518364</ele>
        <time>1970-01-01T00:00:00.000Z</time>
      </trkpt>
      <trkpt lat="60.23614" lon="8.5871">
        <ele>1059.4234857801341</ele>
        <time>1970-01-01T00:00:00.000Z</time>
      </trkpt>
      <trkpt lat="60.23598" lon="8.58707">
        <ele>1059.601263333862</ele>
        <time>1970-01-01T00:00:00.000Z</time>
      </trkpt>
      <trkpt lat="60.23564" lon="8.58691">
        <ele>1059.9875427221582</ele>
        <time>1970-01-01T00:00:00.000Z</time>
      </trkpt>
      <trkpt lat="60.23523" lon="8.58665">
        <ele>1060.463083419608</ele>
        <time>1970-01-01T00:00:00.000Z</time>
      </trkpt>
      <trkpt lat="60.23431" lon="8.58609">
        <ele>1061.5263612972988</ele>
        <time>1970-01-01T00:00:00.000Z</time>
      </trkpt>
      <trkpt lat="60.23417690649787" lon="8.586010143219427">
        <ele>1061.68</ele>
        <time>1970-01-01T00:00:00.000Z</time>
      </trkpt>
      <trkpt lat="60.23391" lon="8.58585">
        <ele>1062.4656344019118</ele>
        <time>1970-01-01T00:00:00.000Z</time>
      </trkpt>
      <trkpt lat="60.23378" lon="8.58574">
        <ele>1062.3115317032662</ele>
        <time>1970-01-01T00:00:00.000Z</time>
      </trkpt>
      <trkpt lat="60.23355" lon="8.58541">
        <ele>1062.0029158679934</ele>
        <time>1970-01-01T00:00:00.000Z</time>
      </trkpt>
      <trkpt lat="60.23321655215178" lon="8.584914333576236">
        <ele>1061.55</ele>
        <time>1970-01-01T00:00:00.000Z</time>
      </trkpt>
      <trkpt lat="60.23318" lon="8.58486">
        <ele>1061.3953588764587</ele>
        <time>1970-01-01T00:00:00.000Z</time>
      </trkpt>
      <trkpt lat="60.23306" lon="8.58477">
        <ele>1060.9594695233473</ele>
        <time>1970-01-01T00:00:00.000Z</time>
      </trkpt>
      <trkpt lat="60.23299" lon="8.58475">
        <ele>1060.7187982310547</ele>
        <time>1970-01-01T00:00:00.000Z</time>
      </trkpt>
      <trkpt lat="60.23286" lon="8.58479">
        <ele>1060.271133541532</ele>
        <time>1970-01-01T00:00:00.000Z</time>
      </trkpt>
      <trkpt lat="60.23269" lon="8.58491">
        <ele>1059.657930869201</ele>
        <time>1970-01-01T00:00:00.000Z</time>
      </trkpt>
      <trkpt lat="60.23257" lon="8.58502">
        <ele>1059.209126440229</ele>
        <time>1970-01-01T00:00:00.000Z</time>
      </trkpt>
      <trkpt lat="60.23238" lon="8.5853">
        <ele>1058.4077181633863</ele>
        <time>1970-01-01T00:00:00.000Z</time>
      </trkpt>
      <trkpt lat="60.23223883602092" lon="8.585565720767116">
        <ele>1057.75</ele>
        <time>1970-01-01T00:00:00.000Z</time>
      </trkpt>
      <trkpt lat="60.23221" lon="8.58562">
        <ele>1057.7687388340448</ele>
        <time>1970-01-01T00:00:00.000Z</time>
      </trkpt>
      <trkpt lat="60.23212" lon="8.58585">
        <ele>1057.8377696583714</ele>
        <time>1970-01-01T00:00:00.000Z</time>
      </trkpt>
      <trkpt lat="60.23198" lon="8.58628">
        <ele>1057.9589809621382</ele>
        <time>1970-01-01T00:00:00.000Z</time>
      </trkpt>
      <trkpt lat="60.23187" lon="8.58677">
        <ele>1058.085743984814</ele>
        <time>1970-01-01T00:00:00.000Z</time>
      </trkpt>
      <trkpt lat="60.23181" lon="8.58725">
        <ele>1058.2024226238018</ele>
        <time>1970-01-01T00:00:00.000Z</time>
      </trkpt>
      <trkpt lat="60.23179389385155" lon="8.587577498899234">
        <ele>1058.28</ele>
        <time>1970-01-01T00:00:00.000Z</time>
      </trkpt>
      <trkpt lat="60.23178" lon="8.58786">
        <ele>1058.8418623426726</ele>
        <time>1970-01-01T00:00:00.000Z</time>
      </trkpt>
      <trkpt lat="60.23182" lon="8.58891">
        <ele>1060.9261286072199</ele>
        <time>1970-01-01T00:00:00.000Z</time>
      </trkpt>
      <trkpt lat="60.2318" lon="8.58919">
        <ele>1061.4860095365548</ele>
        <time>1970-01-01T00:00:00.000Z</time>
      </trkpt>
      <trkpt lat="60.23175" lon="8.58942">
        <ele>1061.9829493781822</ele>
        <time>1970-01-01T00:00:00.000Z</time>
      </trkpt>
      <trkpt lat="60.23167" lon="8.58956">
        <ele>1062.405419445054</ele>
        <time>1970-01-01T00:00:00.000Z</time>
      </trkpt>
      <trkpt lat="60.23159891447151" lon="8.589639971244717">
        <ele>1062.73</ele>
        <time>1970-01-01T00:00:00.000Z</time>
      </trkpt>
      <trkpt lat="60.23159" lon="8.58965">
        <ele>1069.692441889129</ele>
        <time>1970-01-01T00:00:00.000Z</time>
      </trkpt>
      <trkpt lat="60.23145" lon="8.58971">
        <ele>1070.2873891654335</ele>
        <time>1970-01-01T00:00:00.000Z</time>
      </trkpt>
      <trkpt lat="60.23134" lon="8.58973">
        <ele>1070.7464706671274</ele>
        <time>1970-01-01T00:00:00.000Z</time>
      </trkpt>
      <trkpt lat="60.23092" lon="8.58972">
        <ele>1072.4923505323284</ele>
        <time>1970-01-01T00:00:00.000Z</time>
      </trkpt>
      <trkpt lat="60.230487730498936" lon="8.589692554151721">
        <ele>1074.29</ele>
        <time>1970-01-01T00:00:00.000Z</time>
      </trkpt>
      <trkpt lat="60.23029" lon="8.58968">
        <ele>1074.451267734686</ele>
        <time>1970-01-01T00:00:00.000Z</time>
      </trkpt>
      <trkpt lat="60.23001" lon="8.58963">
        <ele>1074.6804159839005</ele>
        <time>1970-01-01T00:00:00.000Z</time>
      </trkpt>
      <trkpt lat="60.22976" lon="8.58955">
        <ele>1074.886769549024</ele>
        <time>1970-01-01T00:00:00.000Z</time>
      </trkpt>
      <trkpt lat="60.22882" lon="8.5892">
        <ele>1075.6660325416135</ele>
        <time>1970-01-01T00:00:00.000Z</time>
      </trkpt>
      <trkpt lat="60.22828269089729" lon="8.589020895122886">
        <ele>1076.11</ele>
        <time>1970-01-01T00:00:00.000Z</time>
      </trkpt>
      <trkpt lat="60.22795" lon="8.58891">
        <ele>1076.1855207539995</ele>
        <time>1970-01-01T00:00:00.000Z</time>
      </trkpt>
      <trkpt lat="60.22766" lon="8.58885">
        <ele>1076.250808942216</ele>
        <time>1970-01-01T00:00:00.000Z</time>
      </trkpt>
      <trkpt lat="60.22743" lon="8.58885">
        <ele>1076.302318116318</ele>
        <time>1970-01-01T00:00:00.000Z</time>
      </trkpt>
      <trkpt lat="60.22717452650566" lon="8.588915928754274">
        <ele>1076.36</ele>
        <time>1970-01-01T00:00:00.000Z</time>
      </trkpt>
      <trkpt lat="60.22712" lon="8.58893">
        <ele>1076.393978977143</ele>
        <time>1970-01-01T00:00:00.000Z</time>
      </trkpt>
      <trkpt lat="60.2269" lon="8.58902">
        <ele>1076.532740590699</ele>
        <time>1970-01-01T00:00:00.000Z</time>
      </trkpt>
      <trkpt lat="60.22653" lon="8.5893">
        <ele>1076.777055948156</ele>
        <time>1970-01-01T00:00:00.000Z</time>
      </trkpt>
      <trkpt lat="60.22614" lon="8.5897">
        <ele>1077.0475833836429</ele>
        <time>1970-01-01T00:00:00.000Z</time>
      </trkpt>
      <trkpt lat="60.22581" lon="8.59008">
        <ele>1077.1016784373078</ele>
        <time>1970-01-01T00:00:00.000Z</time>
      </trkpt>
      <trkpt lat="60.22551" lon="8.59052">
        <ele>1077.152656719754</ele>
        <time>1970-01-01T00:00:00.000Z</time>
      </trkpt>
      <trkpt lat="60.22464" lon="8.59206">
        <ele>1077.3117636695092</ele>
        <time>1970-01-01T00:00:00.000Z</time>
      </trkpt>
      <trkpt lat="60.22427" lon="8.59263">
        <ele>1077.3757531284675</ele>
        <time>1970-01-01T00:00:00.000Z</time>
      </trkpt>
      <trkpt lat="60.22406" lon="8.59289">
        <ele>1077.4096143953855</ele>
        <time>1970-01-01T00:00:00.000Z</time>
      </trkpt>
      <trkpt lat="60.22386" lon="8.5931">
        <ele>1077.4405964364175</ele>
        <time>1970-01-01T00:00:00.000Z</time>
      </trkpt>
      <trkpt lat="60.22358" lon="8.59336">
        <ele>1077.482948976856</ele>
        <time>1970-01-01T00:00:00.000Z</time>
      </trkpt>
      <trkpt lat="60.2233906499668" lon="8.593469020202935">
        <ele>1077.51</ele>
        <time>1970-01-01T00:00:00.000Z</time>
      </trkpt>
      <trkpt lat="60.22325" lon="8.59355">
        <ele>1075.432059300775</ele>
        <time>1970-01-01T00:00:00.000Z</time>
      </trkpt>
      <trkpt lat="60.22298" lon="8.59365">
        <ele>1075.2107253687552</ele>
        <time>1970-01-01T00:00:00.000Z</time>
      </trkpt>
      <trkpt lat="60.22267" lon="8.59371">
        <ele>1074.9596419491097</ele>
        <time>1970-01-01T00:00:00.000Z</time>
      </trkpt>
      <trkpt lat="60.22243" lon="8.59371">
        <ele>1074.7661466168347</ele>
        <time>1970-01-01T00:00:00.000Z</time>
      </trkpt>
      <trkpt lat="60.22233" lon="8.5937">
        <ele>1074.6854241960611</ele>
        <time>1970-01-01T00:00:00.000Z</time>
      </trkpt>
      <trkpt lat="60.222286327121786" lon="8.593690294848551">
        <ele>1074.65</ele>
        <time>1970-01-01T00:00:00.000Z</time>
      </trkpt>
      <trkpt lat="60.22206" lon="8.59364">
        <ele>1074.6982746742412</ele>
        <time>1970-01-01T00:00:00.000Z</time>
      </trkpt>
      <trkpt lat="60.22183" lon="8.59356">
        <ele>1074.747758892981</ele>
        <time>1970-01-01T00:00:00.000Z</time>
      </trkpt>
      <trkpt lat="60.22161" lon="8.59344">
        <ele>1074.7960819435482</ele>
        <time>1970-01-01T00:00:00.000Z</time>
      </trkpt>
      <trkpt lat="60.22136" lon="8.59328">
        <ele>1074.851697179376</ele>
        <time>1970-01-01T00:00:00.000Z</time>
      </trkpt>
      <trkpt lat="60.22092" lon="8.59289">
        <ele>1074.9536197751975</ele>
        <time>1970-01-01T00:00:00.000Z</time>
      </trkpt>
      <trkpt lat="60.22069" lon="8.59261">
        <ele>1075.0106020103024</ele>
        <time>1970-01-01T00:00:00.000Z</time>
      </trkpt>
      <trkpt lat="60.219283640865456" lon="8.590880141101001">
        <ele>1075.36</ele>
        <time>1970-01-01T00:00:00.000Z</time>
      </trkpt>
      <trkpt lat="60.21869" lon="8.59015">
        <ele>1077.1651930752198</ele>
        <time>1970-01-01T00:00:00.000Z</time>
      </trkpt>
      <trkpt lat="60.218335687191" lon="8.58969347879378">
        <ele>1077.64</ele>
        <time>1970-01-01T00:00:00.000Z</time>
      </trkpt>
      <trkpt lat="60.21817" lon="8.58948">
        <ele>1077.8532222594179</ele>
        <time>1970-01-01T00:00:00.000Z</time>
      </trkpt>
      <trkpt lat="60.21744544268541" lon="8.588339930250518">
        <ele>1078.85</ele>
        <time>1970-01-01T00:00:00.000Z</time>
      </trkpt>
      <trkpt lat="60.21674" lon="8.58723">
        <ele>1079.5798566316196</ele>
        <time>1970-01-01T00:00:00.000Z</time>
      </trkpt>
      <trkpt lat="60.21655540910878" lon="8.586985415114484">
        <ele>1079.76</ele>
        <time>1970-01-01T00:00:00.000Z</time>
      </trkpt>
      <trkpt lat="60.21634" lon="8.5867">
        <ele>1080.1781269028224</ele>
        <time>1970-01-01T00:00:00.000Z</time>
      </trkpt>
      <trkpt lat="60.21597" lon="8.58628">
        <ele>1080.8668483213262</ele>
        <time>1970-01-01T00:00:00.000Z</time>
      </trkpt>
      <trkpt lat="60.21586" lon="8.58618">
        <ele>1081.0625465400353</ele>
        <time>1970-01-01T00:00:00.000Z</time>
      </trkpt>
      <trkpt lat="60.21556823160001" lon="8.585952055726496">
        <ele>1081.57</ele>
        <time>1970-01-01T00:00:00.000Z</time>
      </trkpt>
      <trkpt lat="60.21554" lon="8.58593">
        <ele>1084.7115801042464</ele>
        <time>1970-01-01T00:00:00.000Z</time>
      </trkpt>
      <trkpt lat="60.2152" lon="8.58571">
        <ele>1085.4378040232457</ele>
        <time>1970-01-01T00:00:00.000Z</time>
      </trkpt>
      <trkpt lat="60.21448732056595" lon="8.58540224623225">
        <ele>1086.92</ele>
        <time>1970-01-01T00:00:00.000Z</time>
      </trkpt>
      <trkpt lat="60.21388" lon="8.58514">
        <ele>1088.6782888212044</ele>
        <time>1970-01-01T00:00:00.000Z</time>
      </trkpt>
      <trkpt lat="60.2135" lon="8.58496">
        <ele>1089.7833593717671</ele>
        <time>1970-01-01T00:00:00.000Z</time>
      </trkpt>
      <trkpt lat="60.21340132996528" lon="8.584888957226214">
        <ele>1090.08</ele>
        <time>1970-01-01T00:00:00.000Z</time>
      </trkpt>
      <trkpt lat="60.21325" lon="8.58478">
        <ele>1090.180781549019</ele>
        <time>1970-01-01T00:00:00.000Z</time>
      </trkpt>
      <trkpt lat="60.21297" lon="8.58443">
        <ele>1090.387458568014</ele>
        <time>1970-01-01T00:00:00.000Z</time>
      </trkpt>
      <trkpt lat="60.21265" lon="8.58379">
        <ele>1090.6703249344969</ele>
        <time>1970-01-01T00:00:00.000Z</time>
      </trkpt>
      <trkpt lat="60.21253301340631" lon="8.583528280742156">
        <ele>1090.78</ele>
        <time>1970-01-01T00:00:00.000Z</time>
      </trkpt>
      <trkpt lat="60.21178633550843" lon="8.581857904204261">
        <ele>1090.6</ele>
        <time>1970-01-01T00:00:00.000Z</time>
      </trkpt>
      <trkpt lat="60.2113" lon="8.58077">
        <ele>1090.2774341359711</ele>
        <time>1970-01-01T00:00:00.000Z</time>
      </trkpt>
      <trkpt lat="60.2110424486846" lon="8.580182559552329">
        <ele>1090.26</ele>
        <time>1970-01-01T00:00:00.000Z</time>
      </trkpt>
      <trkpt lat="60.20959" lon="8.57687">
        <ele>1090.722083835944</ele>
        <time>1970-01-01T00:00:00.000Z</time>
      </trkpt>
      <trkpt lat="60.20921" lon="8.57605">
        <ele>1090.8393651671236</ele>
        <time>1970-01-01T00:00:00.000Z</time>
      </trkpt>
      <trkpt lat="60.20862" lon="8.57468">
        <ele>1091.0289942665838</ele>
        <time>1970-01-01T00:00:00.000Z</time>
      </trkpt>
      <trkpt lat="60.20839" lon="8.57405">
        <ele>1091.110764609522</ele>
        <time>1970-01-01T00:00:00.000Z</time>
      </trkpt>
      <trkpt lat="60.2082" lon="8.57333">
        <ele>1091.1960355280953</ele>
        <time>1970-01-01T00:00:00.000Z</time>
      </trkpt>
      <trkpt lat="60.20819349358529" lon="8.573294430870078">
        <ele>1091.2</ele>
        <time>1970-01-01T00:00:00.000Z</time>
      </trkpt>
      <trkpt lat="60.20805" lon="8.57251">
        <ele>1092.9688012111533</ele>
        <time>1970-01-01T00:00:00.000Z</time>
      </trkpt>
      <trkpt lat="60.20792" lon="8.57155">
        <ele>1093.3363824324022</ele>
        <time>1970-01-01T00:00:00.000Z</time>
      </trkpt>
      <trkpt lat="60.20784586383707" lon="8.571161861594218">
        <ele>1093.49</ele>
        <time>1970-01-01T00:00:00.000Z</time>
      </trkpt>
      <trkpt lat="60.20758" lon="8.56977">
        <ele>1093.7953054511238</ele>
        <time>1970-01-01T00:00:00.000Z</time>
      </trkpt>
      <trkpt lat="60.207411266704206" lon="8.569095066127122">
        <ele>1093.95</ele>
        <time>1970-01-01T00:00:00.000Z</time>
      </trkpt>
      <trkpt lat="60.2074" lon="8.56905">
        <ele>1093.9881731057876</ele>
        <time>1970-01-01T00:00:00.000Z</time>
      </trkpt>
      <trkpt lat="60.20719" lon="8.56843">
        <ele>1094.5559400385566</ele>
        <time>1970-01-01T00:00:00.000Z</time>
      </trkpt>
      <trkpt lat="60.20692" lon="8.56777">
        <ele>1095.2028317334052</ele>
        <time>1970-01-01T00:00:00.000Z</time>
      </trkpt>
      <trkpt lat="60.20671795860203" lon="8.567341171583681">
        <ele>1095.65</ele>
        <time>1970-01-01T00:00:00.000Z</time>
      </trkpt>
      <trkpt lat="60.20643" lon="8.56673">
        <ele>1097.033357743208</ele>
        <time>1970-01-01T00:00:00.000Z</time>
      </trkpt>
      <trkpt lat="60.20593295634017" lon="8.565744286075175">
        <ele>1099.34</ele>
        <time>1970-01-01T00:00:00.000Z</time>
      </trkpt>
      <trkpt lat="60.203547450744786" lon="8.56101407947049">
        <ele>1102.41</ele>
        <time>1970-01-01T00:00:00.000Z</time>
      </trkpt>
      <trkpt lat="60.2035" lon="8.56092">
        <ele>1102.6104968221052</ele>
        <time>1970-01-01T00:00:00.000Z</time>
      </trkpt>
      <trkpt lat="60.20335" lon="8.56074">
        <ele>1103.1361630625104</ele>
        <time>1970-01-01T00:00:00.000Z</time>
      </trkpt>
      <trkpt lat="60.20318" lon="8.56057">
        <ele>1103.707545212201</ele>
        <time>1970-01-01T00:00:00.000Z</time>
      </trkpt>
      <trkpt lat="60.20306" lon="8.5605">
        <ele>1104.0836053422186</ele>
        <time>1970-01-01T00:00:00.000Z</time>
      </trkpt>
      <trkpt lat="60.20289" lon="8.56044">
        <ele>1104.6031032717958</ele>
        <time>1970-01-01T00:00:00.000Z</time>
      </trkpt>
      <trkpt lat="60.20267" lon="8.56045">
        <ele>1105.2654562024668</ele>
        <time>1970-01-01T00:00:00.000Z</time>
      </trkpt>
      <trkpt lat="60.20254" lon="8.56051">
        <ele>1105.6669064804366</ele>
        <time>1970-01-01T00:00:00.000Z</time>
      </trkpt>
      <trkpt lat="60.202507486633095" lon="8.56053167565981">
        <ele>1105.77</ele>
        <time>1970-01-01T00:00:00.000Z</time>
      </trkpt>
      <trkpt lat="60.20239" lon="8.56061">
        <ele>1110.0837653119054</ele>
        <time>1970-01-01T00:00:00.000Z</time>
      </trkpt>
      <trkpt lat="60.201495502920494" lon="8.561475545988984">
        <ele>1112.6</ele>
        <time>1970-01-01T00:00:00.000Z</time>
      </trkpt>
      <trkpt lat="60.20048945857237" lon="8.562448966029304">
        <ele>1114.67</ele>
        <time>1970-01-01T00:00:00.000Z</time>
      </trkpt>
      <trkpt lat="60.20023" lon="8.5627">
        <ele>1115.0697428094315</ele>
        <time>1970-01-01T00:00:00.000Z</time>
      </trkpt>
      <trkpt lat="60.199480886754856" lon="8.563411682914099">
        <ele>1116.22</ele>
        <time>1970-01-01T00:00:00.000Z</time>
      </trkpt>
      <trkpt lat="60.19847143210851" lon="8.56437064184131">
        <ele>1118.3</ele>
        <time>1970-01-01T00:00:00.000Z</time>
      </trkpt>
      <trkpt lat="60.19843" lon="8.56441">
        <ele>1120.1391411725738</ele>
        <time>1970-01-01T00:00:00.000Z</time>
      </trkpt>
      <trkpt lat="60.19745778961971" lon="8.565311508054076">
        <ele>1120.82</ele>
        <time>1970-01-01T00:00:00.000Z</time>
      </trkpt>
      <trkpt lat="60.19733" lon="8.56543">
        <ele>1120.8609652738915</ele>
        <time>1970-01-01T00:00:00.000Z</time>
      </trkpt>
      <trkpt lat="60.19704" lon="8.56563">
        <ele>1120.9502177306717</ele>
        <time>1970-01-01T00:00:00.000Z</time>
      </trkpt>
      <trkpt lat="60.19666" lon="8.56583">
        <ele>1121.0645731200884</ele>
        <time>1970-01-01T00:00:00.000Z</time>
      </trkpt>
      <trkpt lat="60.19657" lon="8.56584">
        <ele>1121.0908155388088</ele>
        <time>1970-01-01T00:00:00.000Z</time>
      </trkpt>
      <trkpt lat="60.19529" lon="8.56619">
        <ele>1121.466899153825</ele>
        <time>1970-01-01T00:00:00.000Z</time>
      </trkpt>
      <trkpt lat="60.1952796356128" lon="8.566194935453336">
        <ele>1121.47</ele>
        <time>1970-01-01T00:00:00.000Z</time>
      </trkpt>
      <trkpt lat="60.19508" lon="8.56629">
        <ele>1121.8467428624826</ele>
        <time>1970-01-01T00:00:00.000Z</time>
      </trkpt>
      <trkpt lat="60.19485" lon="8.56642">
        <ele>1122.2854701912756</ele>
        <time>1970-01-01T00:00:00.000Z</time>
      </trkpt>
      <trkpt lat="60.19465" lon="8.56657">
        <ele>1122.6774441457314</ele>
        <time>1970-01-01T00:00:00.000Z</time>
      </trkpt>
      <trkpt lat="60.19439" lon="8.56676">
        <ele>1123.1854344706235</ele>
        <time>1970-01-01T00:00:00.000Z</time>
      </trkpt>
      <trkpt lat="60.19422567048567" lon="8.56691824380387">
        <ele>1123.52</ele>
        <time>1970-01-01T00:00:00.000Z</time>
      </trkpt>
      <trkpt lat="60.19412" lon="8.56702">
        <ele>1127.5035467427501</ele>
        <time>1970-01-01T00:00:00.000Z</time>
      </trkpt>
      <trkpt lat="60.1939" lon="8.56727">
        <ele>1128.35233922964</ele>
        <time>1970-01-01T00:00:00.000Z</time>
      </trkpt>
      <trkpt lat="60.19366" lon="8.56762">
        <ele>1129.3481129688475</ele>
        <time>1970-01-01T00:00:00.000Z</time>
      </trkpt>
      <trkpt lat="60.19329863608919" lon="8.568159707918108">
        <ele>1130.86</ele>
        <time>1970-01-01T00:00:00.000Z</time>
      </trkpt>
      <trkpt lat="60.19289" lon="8.56877">
        <ele>1131.92226562763</ele>
        <time>1970-01-01T00:00:00.000Z</time>
      </trkpt>
      <trkpt lat="60.1926" lon="8.56911">
        <ele>1132.6228573539695</ele>
        <time>1970-01-01T00:00:00.000Z</time>
      </trkpt>
      <trkpt lat="60.19234729270486" lon="8.56931087080703">
        <ele>1133.19</ele>
        <time>1970-01-01T00:00:00.000Z</time>
      </trkpt>
      <trkpt lat="60.19221" lon="8.56942">
        <ele>1133.40951982679</ele>
        <time>1970-01-01T00:00:00.000Z</time>
      </trkpt>
      <trkpt lat="60.19128954999195" lon="8.570027251452899">
        <ele>1134.85</ele>
        <time>1970-01-01T00:00:00.000Z</time>
      </trkpt>
      <trkpt lat="60.19077" lon="8.57037">
        <ele>1135.8051243571788</ele>
        <time>1970-01-01T00:00:00.000Z</time>
      </trkpt>
      <trkpt lat="60.1904" lon="8.57063">
        <ele>1136.4897527957098</ele>
        <time>1970-01-01T00:00:00.000Z</time>
      </trkpt>
      <trkpt lat="60.19023523590142" lon="8.570763380659436">
        <ele>1136.8</ele>
        <time>1970-01-01T00:00:00.000Z</time>
      </trkpt>
      <trkpt lat="60.19019" lon="8.5708">
        <ele>1138.9428541475788</ele>
        <time>1970-01-01T00:00:00.000Z</time>
      </trkpt>
      <trkpt lat="60.18999" lon="8.57099">
        <ele>1139.1826004348882</ele>
        <time>1970-01-01T00:00:00.000Z</time>
      </trkpt>
      <trkpt lat="60.18943" lon="8.57162">
        <ele>1139.878083868306</ele>
        <time>1970-01-01T00:00:00.000Z</time>
      </trkpt>
      <trkpt lat="60.18925935536879" lon="8.571847540709642">
        <ele>1140.1</ele>
        <time>1970-01-01T00:00:00.000Z</time>
      </trkpt>
      <trkpt lat="60.1883289068982" lon="8.573088167166642">
        <ele>1141.21</ele>
        <time>1970-01-01T00:00:00.000Z</time>
      </trkpt>
      <trkpt lat="60.18754" lon="8.57414">
        <ele>1142.354622289299</ele>
        <time>1970-01-01T00:00:00.000Z</time>
      </trkpt>
      <trkpt lat="60.18739575930806" lon="8.574320302540757">
        <ele>1142.56</ele>
        <time>1970-01-01T00:00:00.000Z</time>
      </trkpt>
      <trkpt lat="60.18714" lon="8.57464">
        <ele>1143.1291734386207</ele>
        <time>1970-01-01T00:00:00.000Z</time>
      </trkpt>
      <trkpt lat="60.186438553605505" lon="8.575475370806194">
        <ele>1144.67</ele>
        <time>1970-01-01T00:00:00.000Z</time>
      </trkpt>
      <trkpt lat="60.18604" lon="8.57595">
        <ele>1145.7238886376429</ele>
        <time>1970-01-01T00:00:00.000Z</time>
      </trkpt>
      <trkpt lat="60.18585" lon="8.57619">
        <ele>1146.2343939110306</ele>
        <time>1970-01-01T00:00:00.000Z</time>
      </trkpt>
      <trkpt lat="60.185469723493625" lon="8.576588385458802">
        <ele>1147.21</ele>
        <time>1970-01-01T00:00:00.000Z</time>
      </trkpt>
      <trkpt lat="60.18543" lon="8.57663">
        <ele>1147.2437028990787</ele>
        <time>1970-01-01T00:00:00.000Z</time>
      </trkpt>
      <trkpt lat="60.18502" lon="8.57699">
        <ele>1147.580338958188</ele>
        <time>1970-01-01T00:00:00.000Z</time>
      </trkpt>
      <trkpt lat="60.18482" lon="8.57717">
        <ele>1147.7452159721906</ele>
        <time>1970-01-01T00:00:00.000Z</time>
      </trkpt>
      <trkpt lat="60.18432" lon="8.57753">
        <ele>1148.1448391816707</ele>
        <time>1970-01-01T00:00:00.000Z</time>
      </trkpt>
      <trkpt lat="60.1838" lon="8.57795">
        <ele>1148.5665044940517</ele>
        <time>1970-01-01T00:00:00.000Z</time>
      </trkpt>
      <trkpt lat="60.18342309802047" lon="8.57836589479907">
        <ele>1148.89</ele>
        <time>1970-01-01T00:00:00.000Z</time>
      </trkpt>
      <trkpt lat="60.18322" lon="8.57859">
        <ele>1149.001024510022</ele>
        <time>1970-01-01T00:00:00.000Z</time>
      </trkpt>
      <trkpt lat="60.18299" lon="8.57889">
        <ele>1149.1324074535944</ele>
        <time>1970-01-01T00:00:00.000Z</time>
      </trkpt>
      <trkpt lat="60.18264" lon="8.57947">
        <ele>1149.349756771002</ele>
        <time>1970-01-01T00:00:00.000Z</time>
      </trkpt>
      <trkpt lat="60.18242" lon="8.57993">
        <ele>1149.5018544304696</ele>
        <time>1970-01-01T00:00:00.000Z</time>
      </trkpt>
      <trkpt lat="60.18203" lon="8.5808">
        <ele>1149.7809973837318</ele>
        <time>1970-01-01T00:00:00.000Z</time>
      </trkpt>
      <trkpt lat="60.18175929821642" lon="8.581317519701216">
        <ele>1149.96</ele>
        <time>1970-01-01T00:00:00.000Z</time>
      </trkpt>
      <trkpt lat="60.18169" lon="8.58145">
        <ele>1150.001969189741</ele>
        <time>1970-01-01T00:00:00.000Z</time>
      </trkpt>
      <trkpt lat="60.18152" lon="8.5817">
        <ele>1150.0944130386981</ele>
        <time>1970-01-01T00:00:00.000Z</time>
      </trkpt>
      <trkpt lat="60.18135" lon="8.58192">
        <ele>1150.1831494622375</ele>
        <time>1970-01-01T00:00:00.000Z</time>
      </trkpt>
      <trkpt lat="60.18121" lon="8.58208">
        <ele>1150.2538322941657</ele>
        <time>1970-01-01T00:00:00.000Z</time>
      </trkpt>
      <trkpt lat="60.18079888157419" lon="8.582432388145488">
        <ele>1150.45</ele>
        <time>1970-01-01T00:00:00.000Z</time>
      </trkpt>
      <trkpt lat="60.18072" lon="8.5825">
        <ele>1150.50991479451</ele>
        <time>1970-01-01T00:00:00.000Z</time>
      </trkpt>
      <trkpt lat="60.179737976005775" lon="8.583128500744511">
        <ele>1151.23</ele>
        <time>1970-01-01T00:00:00.000Z</time>
      </trkpt>
      <trkpt lat="60.17947" lon="8.5833">
        <ele>1151.5675724977198</ele>
        <time>1970-01-01T00:00:00.000Z</time>
      </trkpt>
      <trkpt lat="60.17915" lon="8.58353">
        <ele>1151.9754957631226</ele>
        <time>1970-01-01T00:00:00.000Z</time>
      </trkpt>
      <trkpt lat="60.1788" lon="8.58389">
        <ele>1152.4474024168662</ele>
        <time>1970-01-01T00:00:00.000Z</time>
      </trkpt>
      <trkpt lat="60.17871165984218" lon="8.583993063853523">
        <ele>1152.57</ele>
        <time>1970-01-01T00:00:00.000Z</time>
      </trkpt>
      <trkpt lat="60.17862" lon="8.5841">
        <ele>1152.719038096899</ele>
        <time>1970-01-01T00:00:00.000Z</time>
      </trkpt>
      <trkpt lat="60.17824" lon="8.58462">
        <ele>1153.3654917933661</ele>
        <time>1970-01-01T00:00:00.000Z</time>
      </trkpt>
      <trkpt lat="60.177796302975395" lon="8.58527590036296">
        <ele>1154.14</ele>
        <time>1970-01-01T00:00:00.000Z</time>
      </trkpt>
      <trkpt lat="60.17778" lon="8.5853">
        <ele>1155.863232074728</ele>
        <time>1970-01-01T00:00:00.000Z</time>
      </trkpt>
      <trkpt lat="60.17689961439994" lon="8.586612868950432">
        <ele>1156.58</ele>
        <time>1970-01-01T00:00:00.000Z</time>
      </trkpt>
      <trkpt lat="60.17664" lon="8.587">
        <ele>1156.6031631378391</ele>
        <time>1970-01-01T00:00:00.000Z</time>
      </trkpt>
      <trkpt lat="60.17614" lon="8.58772">
        <ele>1156.6472368032119</ele>
        <time>1970-01-01T00:00:00.000Z</time>
      </trkpt>
      <trkpt lat="60.17599669257225" lon="8.587932612738092">
        <ele>1156.66</ele>
        <time>1970-01-01T00:00:00.000Z</time>
      </trkpt>
      <trkpt lat="60.17432" lon="8.59042">
        <ele>1156.967986451445</ele>
        <time>1970-01-01T00:00:00.000Z</time>
      </trkpt>
      <trkpt lat="60.17419977877169" lon="8.590596746965705">
        <ele>1156.99</ele>
        <time>1970-01-01T00:00:00.000Z</time>
      </trkpt>
      <trkpt lat="60.17329866700849" lon="8.591921492157452">
        <ele>1159.48</ele>
        <time>1970-01-01T00:00:00.000Z</time>
      </trkpt>
      <trkpt lat="60.17239754202955" lon="8.59324616467016">
        <ele>1161.56</ele>
        <time>1970-01-01T00:00:00.000Z</time>
      </trkpt>
      <trkpt lat="60.171496403836095" lon="8.5945707645094">
        <ele>1164.1</ele>
        <time>1970-01-01T00:00:00.000Z</time>
      </trkpt>
      <trkpt lat="60.1705952524293" lon="8.595895291680737">
        <ele>1167.12</ele>
        <time>1970-01-01T00:00:00.000Z</time>
      </trkpt>
      <trkpt lat="60.16983" lon="8.59702">
        <ele>1170.4182983586845</ele>
        <time>1970-01-01T00:00:00.000Z</time>
      </trkpt>
      <trkpt lat="60.169689367186756" lon="8.597206071539418">
        <ele>1170.64</ele>
        <time>1970-01-01T00:00:00.000Z</time>
      </trkpt>
      <trkpt lat="60.16918" lon="8.59788">
        <ele>1170.9240516760644</ele>
        <time>1970-01-01T00:00:00.000Z</time>
      </trkpt>
      <trkpt lat="60.16875038472518" lon="8.598419389450703">
        <ele>1171.16</ele>
        <time>1970-01-01T00:00:00.000Z</time>
      </trkpt>
      <trkpt lat="60.16781" lon="8.5996">
        <ele>1170.7329248236151</ele>
        <time>1970-01-01T00:00:00.000Z</time>
      </trkpt>
      <trkpt lat="60.16590209460003" lon="8.601960032947494">
        <ele>1169.92</ele>
        <time>1970-01-01T00:00:00.000Z</time>
      </trkpt>
      <trkpt lat="60.1657" lon="8.60221">
        <ele>1169.6840499478847</ele>
        <time>1970-01-01T00:00:00.000Z</time>
      </trkpt>
      <trkpt lat="60.16529" lon="8.60272">
        <ele>1169.2046165564886</ele>
        <time>1970-01-01T00:00:00.000Z</time>
      </trkpt>
      <trkpt lat="60.1651" lon="8.60293">
        <ele>1168.9890118372925</ele>
        <time>1970-01-01T00:00:00.000Z</time>
      </trkpt>
      <trkpt lat="60.16495" lon="8.60307">
        <ele>1168.8245641190913</ele>
        <time>1970-01-01T00:00:00.000Z</time>
      </trkpt>
      <trkpt lat="60.164936433979484" lon="8.603081099587067">
        <ele>1168.81</ele>
        <time>1970-01-01T00:00:00.000Z</time>
      </trkpt>
      <trkpt lat="60.16462" lon="8.60334">
        <ele>1168.2866555345433</ele>
        <time>1970-01-01T00:00:00.000Z</time>
      </trkpt>
      <trkpt lat="60.16439" lon="8.60349">
        <ele>1167.9162510543063</ele>
        <time>1970-01-01T00:00:00.000Z</time>
      </trkpt>
      <trkpt lat="60.16387851666975" lon="8.603790300108079">
        <ele>1167.1</ele>
        <time>1970-01-01T00:00:00.000Z</time>
      </trkpt>
      <trkpt lat="60.16284" lon="8.6044">
        <ele>1164.2602743835305</ele>
        <time>1970-01-01T00:00:00.000Z</time>
      </trkpt>
      <trkpt lat="60.16280718805826" lon="8.604420723435648">
        <ele>1164.17</ele>
        <time>1970-01-01T00:00:00.000Z</time>
      </trkpt>
      <trkpt lat="60.16265" lon="8.60452">
        <ele>1159.9346589471704</ele>
        <time>1970-01-01T00:00:00.000Z</time>
      </trkpt>
      <trkpt lat="60.1623" lon="8.6048">
        <ele>1158.4363450207852</ele>
        <time>1970-01-01T00:00:00.000Z</time>
      </trkpt>
      <trkpt lat="60.16204" lon="8.60508">
        <ele>1157.2631244828895</ele>
        <time>1970-01-01T00:00:00.000Z</time>
      </trkpt>
      <trkpt lat="60.16180976371109" lon="8.605399774187578">
        <ele>1156.15</ele>
        <time>1970-01-01T00:00:00.000Z</time>
      </trkpt>
      <trkpt lat="60.16168" lon="8.60558">
        <ele>1155.437853004475</ele>
        <time>1970-01-01T00:00:00.000Z</time>
      </trkpt>
      <trkpt lat="60.16103" lon="8.60658">
        <ele>1151.7420758467306</ele>
        <time>1970-01-01T00:00:00.000Z</time>
      </trkpt>
      <trkpt lat="60.16092657056971" lon="8.606769622228214">
        <ele>1151.11</ele>
        <time>1970-01-01T00:00:00.000Z</time>
      </trkpt>
      <trkpt lat="60.16073" lon="8.60713">
        <ele>1150.5904015262643</ele>
        <time>1970-01-01T00:00:00.000Z</time>
      </trkpt>
      <trkpt lat="60.16036" lon="8.60791">
        <ele>1149.5432444797427</ele>
        <time>1970-01-01T00:00:00.000Z</time>
      </trkpt>
      <trkpt lat="60.16019" lon="8.60821">
        <ele>1149.1014368282194</ele>
        <time>1970-01-01T00:00:00.000Z</time>
      </trkpt>
      <trkpt lat="60.15996" lon="8.60848">
        <ele>1148.58126590374</ele>
        <time>1970-01-01T00:00:00.000Z</time>
      </trkpt>
      <trkpt lat="60.15982" lon="8.60861">
        <ele>1148.2800917345571</ele>
        <time>1970-01-01T00:00:00.000Z</time>
      </trkpt>
      <trkpt lat="60.15951" lon="8.6088">
        <ele>1147.6471751190966</ele>
        <time>1970-01-01T00:00:00.000Z</time>
      </trkpt>
      <trkpt lat="60.159067144404546" lon="8.60904564164756">
        <ele>1146.75</ele>
        <time>1970-01-01T00:00:00.000Z</time>
      </trkpt>
      <trkpt lat="60.157991070317365" lon="8.609642486158872">
        <ele>1134.33</ele>
        <time>1970-01-01T00:00:00.000Z</time>
      </trkpt>
      <trkpt lat="60.15691499354679" lon="8.610239291592595">
        <ele>1127.43</ele>
        <time>1970-01-01T00:00:00.000Z</time>
      </trkpt>
      <trkpt lat="60.15594" lon="8.61078">
        <ele>1119.8553297670849</ele>
        <time>1970-01-01T00:00:00.000Z</time>
      </trkpt>
      <trkpt lat="60.15584257244969" lon="8.61085794243068">
        <ele>1119.07</ele>
        <time>1970-01-01T00:00:00.000Z</time>
      </trkpt>
      <trkpt lat="60.15569" lon="8.61098">
        <ele>1117.797505353682</ele>
        <time>1970-01-01T00:00:00.000Z</time>
      </trkpt>
      <trkpt lat="60.15545" lon="8.61122">
        <ele>1115.720245300859</ele>
        <time>1970-01-01T00:00:00.000Z</time>
      </trkpt>
      <trkpt lat="60.1552" lon="8.61155">
        <ele>1113.4024721928813</ele>
        <time>1970-01-01T00:00:00.000Z</time>
      </trkpt>
      <trkpt lat="60.15506" lon="8.61179">
        <ele>1111.9765055596579</ele>
        <time>1970-01-01T00:00:00.000Z</time>
      </trkpt>
      <trkpt lat="60.15495" lon="8.61202">
        <ele>1110.7463956084011</ele>
        <time>1970-01-01T00:00:00.000Z</time>
      </trkpt>
      <trkpt lat="60.15492218869573" lon="8.612083569275715">
        <ele>1110.42</ele>
        <time>1970-01-01T00:00:00.000Z</time>
      </trkpt>
      <trkpt lat="60.15474" lon="8.6125">
        <ele>1107.7676783107875</ele>
        <time>1970-01-01T00:00:00.000Z</time>
      </trkpt>
      <trkpt lat="60.15448" lon="8.61325">
        <ele>1103.3953792367295</ele>
        <time>1970-01-01T00:00:00.000Z</time>
      </trkpt>
      <trkpt lat="60.15435" lon="8.61373">
        <ele>1100.7812684643864</ele>
        <time>1970-01-01T00:00:00.000Z</time>
      </trkpt>
      <trkpt lat="60.15430983596124" lon="8.61394337495203">
        <ele>1099.69</ele>
        <time>1970-01-01T00:00:00.000Z</time>
      </trkpt>
      <trkpt lat="60.15419" lon="8.61458">
        <ele>1098.6871274457544</ele>
        <time>1970-01-01T00:00:00.000Z</time>
      </trkpt>
      <trkpt lat="60.15388" lon="8.61652">
        <ele>1095.6849400731892</ele>
        <time>1970-01-01T00:00:00.000Z</time>
      </trkpt>
      <trkpt lat="60.15376" lon="8.61701">
        <ele>1094.8802747012287</ele>
        <time>1970-01-01T00:00:00.000Z</time>
      </trkpt>
      <trkpt lat="60.15368" lon="8.61722">
        <ele>1094.490605643912</ele>
        <time>1970-01-01T00:00:00.000Z</time>
      </trkpt>
      <trkpt lat="60.15355" lon="8.61747">
        <ele>1093.9578508740267</ele>
        <time>1970-01-01T00:00:00.000Z</time>
      </trkpt>
      <trkpt lat="60.15344" lon="8.61761">
        <ele>1093.5723441636835</ele>
        <time>1970-01-01T00:00:00.000Z</time>
      </trkpt>
      <trkpt lat="60.15331" lon="8.61774">
        <ele>1093.142427684351</ele>
        <time>1970-01-01T00:00:00.000Z</time>
      </trkpt>
      <trkpt lat="60.1528" lon="8.61814">
        <ele>1091.521537396608</ele>
        <time>1970-01-01T00:00:00.000Z</time>
      </trkpt>
      <trkpt lat="60.15254" lon="8.6184">
        <ele>1090.6617007775885</ele>
        <time>1970-01-01T00:00:00.000Z</time>
      </trkpt>
      <trkpt lat="60.15228" lon="8.61872">
        <ele>1089.758994012268</ele>
        <time>1970-01-01T00:00:00.000Z</time>
      </trkpt>
      <trkpt lat="60.15198" lon="8.6192">
        <ele>1088.6235865040405</ele>
        <time>1970-01-01T00:00:00.000Z</time>
      </trkpt>
      <trkpt lat="60.15185" lon="8.61944">
        <ele>1088.100898815139</ele>
        <time>1970-01-01T00:00:00.000Z</time>
      </trkpt>
      <trkpt lat="60.15167" lon="8.61984">
        <ele>1087.3062859267443</ele>
        <time>1970-01-01T00:00:00.000Z</time>
      </trkpt>
      <trkpt lat="60.151494310030806" lon="8.620284396255778">
        <ele>1086.47</ele>
        <time>1970-01-01T00:00:00.000Z</time>
      </trkpt>
      <trkpt lat="60.15133" lon="8.6207">
        <ele>1074.3084399969537</ele>
        <time>1970-01-01T00:00:00.000Z</time>
      </trkpt>
      <trkpt lat="60.150837571835815" lon="8.622097291021843">
        <ele>1067.11</ele>
        <time>1970-01-01T00:00:00.000Z</time>
      </trkpt>
      <trkpt lat="60.15053" lon="8.62297">
        <ele>1063.1956198917067</ele>
        <time>1970-01-01T00:00:00.000Z</time>
      </trkpt>
      <trkpt lat="60.15041" lon="8.62337">
        <ele>1061.4859819984185</ele>
        <time>1970-01-01T00:00:00.000Z</time>
      </trkpt>
      <trkpt lat="60.15025" lon="8.62401">
        <ele>1058.8606735300693</ele>
        <time>1970-01-01T00:00:00.000Z</time>
      </trkpt>
      <trkpt lat="60.14998" lon="8.62486">
        <ele>1054.7963428525559</ele>
        <time>1970-01-01T00:00:00.000Z</time>
      </trkpt>
      <trkpt lat="60.14989" lon="8.62526">
        <ele>1053.0269794488668</ele>
        <time>1970-01-01T00:00:00.000Z</time>
      </trkpt>
      <trkpt lat="60.14981" lon="8.62579">
        <ele>1050.7946277177666</ele>
        <time>1970-01-01T00:00:00.000Z</time>
      </trkpt>
      <trkpt lat="60.14976088971393" lon="8.62599983612603">
        <ele>1049.86</ele>
        <time>1970-01-01T00:00:00.000Z</time>
      </trkpt>
      <trkpt lat="60.1497" lon="8.62626">
        <ele>1049.0485867037214</ele>
        <time>1970-01-01T00:00:00.000Z</time>
      </trkpt>
      <trkpt lat="60.14952" lon="8.62668">
        <ele>1047.484295397117</ele>
        <time>1970-01-01T00:00:00.000Z</time>
      </trkpt>
      <trkpt lat="60.149031107753345" lon="8.627679049948945">
        <ele>1043.53</ele>
        <time>1970-01-01T00:00:00.000Z</time>
      </trkpt>
      <trkpt lat="60.14883" lon="8.62809">
        <ele>1033.8691294280125</ele>
        <time>1970-01-01T00:00:00.000Z</time>
      </trkpt>
      <trkpt lat="60.14872" lon="8.6284">
        <ele>1032.507703222166</ele>
        <time>1970-01-01T00:00:00.000Z</time>
      </trkpt>
      <trkpt lat="60.14842" lon="8.62948">
        <ele>1028.0848563285313</ele>
        <time>1970-01-01T00:00:00.000Z</time>
      </trkpt>
      <trkpt lat="60.1484044865254" lon="8.6295176756892">
        <ele>1027.91</ele>
        <time>1970-01-01T00:00:00.000Z</time>
      </trkpt>
      <trkpt lat="60.14835" lon="8.62965">
        <ele>1027.1695208735716</ele>
        <time>1970-01-01T00:00:00.000Z</time>
      </trkpt>
      <trkpt lat="60.14819" lon="8.62996">
        <ele>1025.2439902223807</ele>
        <time>1970-01-01T00:00:00.000Z</time>
      </trkpt>
      <trkpt lat="60.14798" lon="8.63049">
        <ele>1022.3230807082992</ele>
        <time>1970-01-01T00:00:00.000Z</time>
      </trkpt>
      <trkpt lat="60.147700112482404" lon="8.631251919580452">
        <ele>1018.24</ele>
        <time>1970-01-01T00:00:00.000Z</time>
      </trkpt>
      <trkpt lat="60.14762" lon="8.63147">
        <ele>1017.2175451307982</ele>
        <time>1970-01-01T00:00:00.000Z</time>
      </trkpt>
      <trkpt lat="60.14723" lon="8.63272">
        <ele>1011.6523352507292</ele>
        <time>1970-01-01T00:00:00.000Z</time>
      </trkpt>
      <trkpt lat="60.147067476217785" lon="8.633093809167752">
        <ele>1009.78</ele>
        <time>1970-01-01T00:00:00.000Z</time>
      </trkpt>
      <trkpt lat="60.14683" lon="8.63364">
        <ele>1007.186493386196</ele>
        <time>1970-01-01T00:00:00.000Z</time>
      </trkpt>
      <trkpt lat="60.14674" lon="8.63389">
        <ele>1006.0831181645492</ele>
        <time>1970-01-01T00:00:00.000Z</time>
      </trkpt>
      <trkpt lat="60.14658" lon="8.63445">
        <ele>1003.7739605686013</ele>
        <time>1970-01-01T00:00:00.000Z</time>
      </trkpt>
      <trkpt lat="60.14653" lon="8.63451">
        <ele>1003.3555319203432</ele>
        <time>1970-01-01T00:00:00.000Z</time>
      </trkpt>
      <trkpt lat="60.14647" lon="8.63452">
        <ele>1002.9229863486249</ele>
        <time>1970-01-01T00:00:00.000Z</time>
      </trkpt>
      <trkpt lat="60.14642" lon="8.63445">
        <ele>1002.4851397413426</ele>
        <time>1970-01-01T00:00:00.000Z</time>
      </trkpt>
      <trkpt lat="60.14639" lon="8.63435">
        <ele>1002.0675837323296</ele>
        <time>1970-01-01T00:00:00.000Z</time>
      </trkpt>
      <trkpt lat="60.14639" lon="8.63425">
        <ele>995.8482534698468</ele>
        <time>1970-01-01T00:00:00.000Z</time>
      </trkpt>
      <trkpt lat="60.14645" lon="8.634">
        <ele>995.0202915328108</ele>
        <time>1970-01-01T00:00:00.000Z</time>
      </trkpt>
      <trkpt lat="60.14659" lon="8.6336">
        <ele>993.5615678310562</ele>
        <time>1970-01-01T00:00:00.000Z</time>
      </trkpt>
      <trkpt lat="60.14663" lon="8.63343">
        <ele>993.0006219104506</ele>
        <time>1970-01-01T00:00:00.000Z</time>
      </trkpt>
      <trkpt lat="60.14671" lon="8.63291">
        <ele>991.3769617557732</ele>
        <time>1970-01-01T00:00:00.000Z</time>
      </trkpt>
      <trkpt lat="60.14677" lon="8.63239">
        <ele>989.7845743115213</ele>
        <time>1970-01-01T00:00:00.000Z</time>
      </trkpt>
      <trkpt lat="60.146785202509236" lon="8.632196438114477">
        <ele>989.2</ele>
        <time>1970-01-01T00:00:00.000Z</time>
      </trkpt>
      <trkpt lat="60.14692" lon="8.63048">
        <ele>982.2030675035239</ele>
        <time>1970-01-01T00:00:00.000Z</time>
      </trkpt>
      <trkpt lat="60.1469" lon="8.63022">
        <ele>981.1437210937851</ele>
        <time>1970-01-01T00:00:00.000Z</time>
      </trkpt>
      <trkpt lat="60.14685" lon="8.63007">
        <ele>980.4168136988633</ele>
        <time>1970-01-01T00:00:00.000Z</time>
      </trkpt>
      <trkpt lat="60.14682361503698" lon="8.630039217506374">
        <ele>980.17</ele>
        <time>1970-01-01T00:00:00.000Z</time>
      </trkpt>
      <trkpt lat="60.14679" lon="8.63">
        <ele>979.8461518437862</ele>
        <time>1970-01-01T00:00:00.000Z</time>
      </trkpt>
      <trkpt lat="60.14674" lon="8.62998">
        <ele>979.4214224159979</ele>
        <time>1970-01-01T00:00:00.000Z</time>
      </trkpt>
      <trkpt lat="60.14669" lon="8.62999">
        <ele>979.0028107396929</ele>
        <time>1970-01-01T00:00:00.000Z</time>
      </trkpt>
      <trkpt lat="60.14661" lon="8.63008">
        <ele>978.2389361302397</ele>
        <time>1970-01-01T00:00:00.000Z</time>
      </trkpt>
      <trkpt lat="60.14653" lon="8.63028">
        <ele>977.174923357854</ele>
        <time>1970-01-01T00:00:00.000Z</time>
      </trkpt>
      <trkpt lat="60.14649" lon="8.63048">
        <ele>976.2810693003864</ele>
        <time>1970-01-01T00:00:00.000Z</time>
      </trkpt>
      <trkpt lat="60.14633" lon="8.63163">
        <ele>971.3291547551205</ele>
        <time>1970-01-01T00:00:00.000Z</time>
      </trkpt>
      <trkpt lat="60.14631196219189" lon="8.631734619812452">
        <ele>970.87</ele>
        <time>1970-01-01T00:00:00.000Z</time>
      </trkpt>
      <trkpt lat="60.14628" lon="8.63192">
        <ele>970.1587590985572</ele>
        <time>1970-01-01T00:00:00.000Z</time>
      </trkpt>
      <trkpt lat="60.14621" lon="8.63215">
        <ele>969.1814253503774</ele>
        <time>1970-01-01T00:00:00.000Z</time>
      </trkpt>
      <trkpt lat="60.14612" lon="8.63231">
        <ele>968.3061516090995</ele>
        <time>1970-01-01T00:00:00.000Z</time>
      </trkpt>
      <trkpt lat="60.14603" lon="8.63242">
        <ele>967.5389032316818</ele>
        <time>1970-01-01T00:00:00.000Z</time>
      </trkpt>
      <trkpt lat="60.14576" lon="8.63271">
        <ele>965.3090856493316</ele>
        <time>1970-01-01T00:00:00.000Z</time>
      </trkpt>
      <trkpt lat="60.14563" lon="8.63291">
        <ele>964.1165476202805</ele>
        <time>1970-01-01T00:00:00.000Z</time>
      </trkpt>
      <trkpt lat="60.14553" lon="8.63311">
        <ele>963.088848584601</ele>
        <time>1970-01-01T00:00:00.000Z</time>
      </trkpt>
      <trkpt lat="60.145502984611156" lon="8.633189457741748">
        <ele>962.74</ele>
        <time>1970-01-01T00:00:00.000Z</time>
      </trkpt>
      <trkpt lat="60.14536" lon="8.63361">
        <ele>952.6225528884785</ele>
        <time>1970-01-01T00:00:00.000Z</time>
      </trkpt>
      <trkpt lat="60.144918329073576" lon="8.635098877885918">
        <ele>947.22</ele>
        <time>1970-01-01T00:00:00.000Z</time>
      </trkpt>
      <trkpt lat="60.14474" lon="8.6357">
        <ele>944.6455313173208</ele>
        <time>1970-01-01T00:00:00.000Z</time>
      </trkpt>
      <trkpt lat="60.14434179414327" lon="8.63701906464129">
        <ele>938.97</ele>
        <time>1970-01-01T00:00:00.000Z</time>
      </trkpt>
      <trkpt lat="60.14426" lon="8.63729">
        <ele>937.6346646964236</ele>
        <time>1970-01-01T00:00:00.000Z</time>
      </trkpt>
      <trkpt lat="60.14419" lon="8.63747">
        <ele>936.6720800078062</ele>
        <time>1970-01-01T00:00:00.000Z</time>
      </trkpt>
      <trkpt lat="60.14406" lon="8.63771">
        <ele>935.1773948554771</ele>
        <time>1970-01-01T00:00:00.000Z</time>
      </trkpt>
      <trkpt lat="60.14352" lon="8.63839">
        <ele>929.7820820140063</ele>
        <time>1970-01-01T00:00:00.000Z</time>
      </trkpt>
      <trkpt lat="60.14349763710298" lon="8.638433005776443">
        <ele>929.52</ele>
        <time>1970-01-01T00:00:00.000Z</time>
      </trkpt>
      <trkpt lat="60.14339" lon="8.63864">
        <ele>928.4467655430057</ele>
        <time>1970-01-01T00:00:00.000Z</time>
      </trkpt>
      <trkpt lat="60.1433" lon="8.63886">
        <ele>927.4257793192792</ele>
        <time>1970-01-01T00:00:00.000Z</time>
      </trkpt>
      <trkpt lat="60.14325" lon="8.63908">
        <ele>926.5586438637854</ele>
        <time>1970-01-01T00:00:00.000Z</time>
      </trkpt>
      <trkpt lat="60.14322" lon="8.63932">
        <ele>925.6713980437936</ele>
        <time>1970-01-01T00:00:00.000Z</time>
      </trkpt>
      <trkpt lat="60.1432" lon="8.63997">
        <ele>923.3363357555921</ele>
        <time>1970-01-01T00:00:00.000Z</time>
      </trkpt>
      <trkpt lat="60.14317" lon="8.64035">
        <ele>921.9567953355479</ele>
        <time>1970-01-01T00:00:00.000Z</time>
      </trkpt>
      <trkpt lat="60.14313632692556" lon="8.640464488591324">
        <ele>921.48</ele>
        <time>1970-01-01T00:00:00.000Z</time>
      </trkpt>
      <trkpt lat="60.14312" lon="8.64052">
        <ele>913.339904996875</ele>
        <time>1970-01-01T00:00:00.000Z</time>
      </trkpt>
      <trkpt lat="60.14283" lon="8.64145">
        <ele>909.253463725185</ele>
        <time>1970-01-01T00:00:00.000Z</time>
      </trkpt>
      <trkpt lat="60.14267" lon="8.64187">
        <ele>907.2840711488478</ele>
        <time>1970-01-01T00:00:00.000Z</time>
      </trkpt>
      <trkpt lat="60.14255" lon="8.64212">
        <ele>905.9908595055523</ele>
        <time>1970-01-01T00:00:00.000Z</time>
      </trkpt>
      <trkpt lat="60.14246849868266" lon="8.64224225215898">
        <ele>905.23</ele>
        <time>1970-01-01T00:00:00.000Z</time>
      </trkpt>
      <trkpt lat="60.14243" lon="8.6423">
        <ele>904.8163603308592</ele>
        <time>1970-01-01T00:00:00.000Z</time>
      </trkpt>
      <trkpt lat="60.14212" lon="8.64263">
        <ele>901.7960362734583</ele>
        <time>1970-01-01T00:00:00.000Z</time>
      </trkpt>
      <trkpt lat="60.14182" lon="8.64313">
        <ele>898.4401215432492</ele>
        <time>1970-01-01T00:00:00.000Z</time>
      </trkpt>
      <trkpt lat="60.14155217042595" lon="8.643508882904706">
        <ele>895.62</ele>
        <time>1970-01-01T00:00:00.000Z</time>
      </trkpt>
      <trkpt lat="60.14141" lon="8.64371">
        <ele>894.0731682478718</ele>
        <time>1970-01-01T00:00:00.000Z</time>
      </trkpt>
      <trkpt lat="60.14126" lon="8.64397">
        <ele>892.3107139158225</ele>
        <time>1970-01-01T00:00:00.000Z</time>
      </trkpt>
      <trkpt lat="60.14079" lon="8.64504">
        <ele>885.991290030509</ele>
        <time>1970-01-01T00:00:00.000Z</time>
      </trkpt>
      <trkpt lat="60.140765394605715" lon="8.645086751021422">
        <ele>885.69</ele>
        <time>1970-01-01T00:00:00.000Z</time>
      </trkpt>
      <trkpt lat="60.14039" lon="8.6458">
        <ele>881.7599458074865</ele>
        <time>1970-01-01T00:00:00.000Z</time>
      </trkpt>
      <trkpt lat="60.14025" lon="8.6461">
        <ele>880.2029763857962</ele>
        <time>1970-01-01T00:00:00.000Z</time>
      </trkpt>
      <trkpt lat="60.13998548012588" lon="8.64668878031239">
        <ele>877.2</ele>
        <time>1970-01-01T00:00:00.000Z</time>
      </trkpt>
      <trkpt lat="60.13963" lon="8.64748">
        <ele>865.1852570341777</ele>
        <time>1970-01-01T00:00:00.000Z</time>
      </trkpt>
      <trkpt lat="60.13924358767242" lon="8.648364000433835">
        <ele>859.65</ele>
        <time>1970-01-01T00:00:00.000Z</time>
      </trkpt>
      <trkpt lat="60.13850708342283" lon="8.650048815819714">
        <ele>847.65</ele>
        <time>1970-01-01T00:00:00.000Z</time>
      </trkpt>
      <trkpt lat="60.1381" lon="8.65098">
        <ele>840.5255509525462</ele>
        <time>1970-01-01T00:00:00.000Z</time>
      </trkpt>
      <trkpt lat="60.13775202151766" lon="8.651699163956641">
        <ele>834.76</ele>
        <time>1970-01-01T00:00:00.000Z</time>
      </trkpt>
      <trkpt lat="60.1375" lon="8.65222">
        <ele>832.3369044828904</ele>
        <time>1970-01-01T00:00:00.000Z</time>
      </trkpt>
      <trkpt lat="60.13703" lon="8.65309">
        <ele>828.0539391687068</ele>
        <time>1970-01-01T00:00:00.000Z</time>
      </trkpt>
      <trkpt lat="60.13689" lon="8.65349">
        <ele>826.4226423154762</ele>
        <time>1970-01-01T00:00:00.000Z</time>
      </trkpt>
      <trkpt lat="60.13678" lon="8.65403">
        <ele>824.4760109336379</ele>
        <time>1970-01-01T00:00:00.000Z</time>
      </trkpt>
      <trkpt lat="60.13672" lon="8.65417">
        <ele>823.8597114591036</ele>
        <time>1970-01-01T00:00:00.000Z</time>
      </trkpt>
      <trkpt lat="60.13668" lon="8.65422">
        <ele>823.544008006739</ele>
        <time>1970-01-01T00:00:00.000Z</time>
      </trkpt>
      <trkpt lat="60.13662" lon="8.65424">
        <ele>823.1364675051358</ele>
        <time>1970-01-01T00:00:00.000Z</time>
      </trkpt>
      <trkpt lat="60.13659" lon="8.65423">
        <ele>822.9326972468376</ele>
        <time>1970-01-01T00:00:00.000Z</time>
      </trkpt>
      <trkpt lat="60.13655" lon="8.65417">
        <ele>822.5981612928598</ele>
        <time>1970-01-01T00:00:00.000Z</time>
      </trkpt>
      <trkpt lat="60.13652" lon="8.65407">
        <ele>822.2086342849713</ele>
        <time>1970-01-01T00:00:00.000Z</time>
      </trkpt>
      <trkpt lat="60.13652" lon="8.65386">
        <ele>821.5079693860647</ele>
        <time>1970-01-01T00:00:00.000Z</time>
      </trkpt>
      <trkpt lat="60.13657326065208" lon="8.653359394753876">
        <ele>819.8</ele>
        <time>1970-01-01T00:00:00.000Z</time>
      </trkpt>
      <trkpt lat="60.13680649181005" lon="8.651166990205091">
        <ele>808.23</ele>
        <time>1970-01-01T00:00:00.000Z</time>
      </trkpt>
      <trkpt lat="60.13682" lon="8.65104">
        <ele>807.7648834231014</ele>
        <time>1970-01-01T00:00:00.000Z</time>
      </trkpt>
      <trkpt lat="60.136899100850755" lon="8.648933944965764">
        <ele>800.2</ele>
        <time>1970-01-01T00:00:00.000Z</time>
      </trkpt>
      <trkpt lat="60.1369" lon="8.64891">
        <ele>800.1134550953147</ele>
        <time>1970-01-01T00:00:00.000Z</time>
      </trkpt>
      <trkpt lat="60.13696" lon="8.64785">
        <ele>796.2685161097294</ele>
        <time>1970-01-01T00:00:00.000Z</time>
      </trkpt>
      <trkpt lat="60.13702" lon="8.64705">
        <ele>793.3527269491638</ele>
        <time>1970-01-01T00:00:00.000Z</time>
      </trkpt>
      <trkpt lat="60.13707273912582" lon="8.646724775800905">
        <ele>792.12</ele>
        <time>1970-01-01T00:00:00.000Z</time>
      </trkpt>
      <trkpt lat="60.13708" lon="8.64668">
        <ele>791.9446112540074</ele>
        <time>1970-01-01T00:00:00.000Z</time>
      </trkpt>
      <trkpt lat="60.13715" lon="8.64637">
        <ele>790.6768378917269</ele>
        <time>1970-01-01T00:00:00.000Z</time>
      </trkpt>
      <trkpt lat="60.13749" lon="8.6451">
        <ele>785.3063970398932</ele>
        <time>1970-01-01T00:00:00.000Z</time>
      </trkpt>
      <trkpt lat="60.13756" lon="8.64476">
        <ele>783.936100896856</ele>
        <time>1970-01-01T00:00:00.000Z</time>
      </trkpt>
      <trkpt lat="60.13756612430152" lon="8.644717132229784">
        <ele>783.77</ele>
        <time>1970-01-01T00:00:00.000Z</time>
      </trkpt>
      <trkpt lat="60.13782" lon="8.64294">
        <ele>769.4806456468397</ele>
        <time>1970-01-01T00:00:00.000Z</time>
      </trkpt>
      <trkpt lat="60.13784" lon="8.64264">
        <ele>768.356049117634</ele>
        <time>1970-01-01T00:00:00.000Z</time>
      </trkpt>
      <trkpt lat="60.137836888719335" lon="8.642549770872463">
        <ele>768.02</ele>
        <time>1970-01-01T00:00:00.000Z</time>
      </trkpt>
      <trkpt lat="60.13783" lon="8.64235">
        <ele>767.3554674874055</ele>
        <time>1970-01-01T00:00:00.000Z</time>
      </trkpt>
      <trkpt lat="60.13776" lon="8.64192">
        <ele>765.8541700021744</ele>
        <time>1970-01-01T00:00:00.000Z</time>
      </trkpt>
      <trkpt lat="60.13746" lon="8.64046">
        <ele>760.6127390235272</ele>
        <time>1970-01-01T00:00:00.000Z</time>
      </trkpt>
      <trkpt lat="60.13739" lon="8.64023">
        <ele>759.6764767378808</ele>
        <time>1970-01-01T00:00:00.000Z</time>
      </trkpt>
      <trkpt lat="60.13732" lon="8.64012">
        <ele>759.0554325223719</ele>
        <time>1970-01-01T00:00:00.000Z</time>
      </trkpt>
      <trkpt lat="60.13723" lon="8.64003">
        <ele>758.3529288275203</ele>
        <time>1970-01-01T00:00:00.000Z</time>
      </trkpt>
      <trkpt lat="60.13711" lon="8.63998">
        <ele>757.4965936900918</ele>
        <time>1970-01-01T00:00:00.000Z</time>
      </trkpt>
      <trkpt lat="60.13697" lon="8.63999">
        <ele>756.5177487765385</ele>
        <time>1970-01-01T00:00:00.000Z</time>
      </trkpt>
      <trkpt lat="60.13688" lon="8.64003">
        <ele>755.873673968663</ele>
        <time>1970-01-01T00:00:00.000Z</time>
      </trkpt>
      <trkpt lat="60.13677" lon="8.64012">
        <ele>755.0437310028764</ele>
        <time>1970-01-01T00:00:00.000Z</time>
      </trkpt>
      <trkpt lat="60.13662" lon="8.64035">
        <ele>753.7250704548767</ele>
        <time>1970-01-01T00:00:00.000Z</time>
      </trkpt>
      <trkpt lat="60.13652032534615" lon="8.640533611920674">
        <ele>752.78</ele>
        <time>1970-01-01T00:00:00.000Z</time>
      </trkpt>
      <trkpt lat="60.13643" lon="8.6407">
        <ele>752.0761964446532</ele>
        <time>1970-01-01T00:00:00.000Z</time>
      </trkpt>
      <trkpt lat="60.13609" lon="8.64158">
        <ele>748.8914631675868</ele>
        <time>1970-01-01T00:00:00.000Z</time>
      </trkpt>
      <trkpt lat="60.135831344462446" lon="8.642292632126203">
        <ele>746.37</ele>
        <time>1970-01-01T00:00:00.000Z</time>
      </trkpt>
      <trkpt lat="60.1356" lon="8.64293">
        <ele>742.1289500403013</ele>
        <time>1970-01-01T00:00:00.000Z</time>
      </trkpt>
      <trkpt lat="60.1352" lon="8.64388">
        <ele>740.8969487382622</ele>
        <time>1970-01-01T00:00:00.000Z</time>
      </trkpt>
      <trkpt lat="60.13513638894433" lon="8.644045389080985">
        <ele>740.69</ele>
        <time>1970-01-01T00:00:00.000Z</time>
      </trkpt>
      <trkpt lat="60.1351" lon="8.64414">
        <ele>740.6089432580277</ele>
        <time>1970-01-01T00:00:00.000Z</time>
      </trkpt>
      <trkpt lat="60.13497" lon="8.64467">
        <ele>740.2083533412097</ele>
        <time>1970-01-01T00:00:00.000Z</time>
      </trkpt>
      <trkpt lat="60.13475" lon="8.64575">
        <ele>739.4171683497466</ele>
        <time>1970-01-01T00:00:00.000Z</time>
      </trkpt>
      <trkpt lat="60.1346553367465" lon="8.646061038954228">
        <ele>739.17</ele>
        <time>1970-01-01T00:00:00.000Z</time>
      </trkpt>
      <trkpt lat="60.13454" lon="8.64644">
        <ele>738.8193247659292</ele>
        <time>1970-01-01T00:00:00.000Z</time>
      </trkpt>
      <trkpt lat="60.13444" lon="8.64665">
        <ele>738.5899046927393</ele>
        <time>1970-01-01T00:00:00.000Z</time>
      </trkpt>
      <trkpt lat="60.13428" lon="8.64688">
        <ele>738.2779116849368</ele>
        <time>1970-01-01T00:00:00.000Z</time>
      </trkpt>
      <trkpt lat="60.13380572182286" lon="8.64745372660346">
        <ele>737.4</ele>
        <time>1970-01-01T00:00:00.000Z</time>
      </trkpt>
      <trkpt lat="60.13366" lon="8.64763">
        <ele>737.1455022174566</ele>
        <time>1970-01-01T00:00:00.000Z</time>
      </trkpt>
      <trkpt lat="60.13341" lon="8.64807">
        <ele>736.6481849395507</ele>
        <time>1970-01-01T00:00:00.000Z</time>
      </trkpt>
      <trkpt lat="60.13301094839107" lon="8.649006417687382">
        <ele>735.73</ele>
        <time>1970-01-01T00:00:00.000Z</time>
      </trkpt>
      <trkpt lat="60.1324" lon="8.65044">
        <ele>731.9939887035163</ele>
        <time>1970-01-01T00:00:00.000Z</time>
      </trkpt>
      <trkpt lat="60.13229255288622" lon="8.650721588432363">
        <ele>731.63</ele>
        <time>1970-01-01T00:00:00.000Z</time>
      </trkpt>
      <trkpt lat="60.13211" lon="8.6512">
        <ele>730.8045531119676</ele>
        <time>1970-01-01T00:00:00.000Z</time>
      </trkpt>
      <trkpt lat="60.1319" lon="8.65191">
        <ele>729.6735773771916</ele>
        <time>1970-01-01T00:00:00.000Z</time>
      </trkpt>
      <trkpt lat="60.13179" lon="8.65237">
        <ele>728.9747009964852</ele>
        <time>1970-01-01T00:00:00.000Z</time>
      </trkpt>
      <trkpt lat="60.131743538579144" lon="8.65265806098795">
        <ele>728.56</ele>
        <time>1970-01-01T00:00:00.000Z</time>
      </trkpt>
      <trkpt lat="60.13174" lon="8.65268">
        <ele>728.5515124189828</ele>
        <time>1970-01-01T00:00:00.000Z</time>
      </trkpt>
      <trkpt lat="60.13167" lon="8.6533">
        <ele>728.3175306128359</ele>
        <time>1970-01-01T00:00:00.000Z</time>
      </trkpt>
      <trkpt lat="60.13158" lon="8.65446">
        <ele>727.8854412869536</ele>
        <time>1970-01-01T00:00:00.000Z</time>
      </trkpt>
      <trkpt lat="60.13147" lon="8.65531">
        <ele>727.5622069561889</ele>
        <time>1970-01-01T00:00:00.000Z</time>
      </trkpt>
      <trkpt lat="60.13128" lon="8.65638">
        <ele>727.1441045230983</ele>
        <time>1970-01-01T00:00:00.000Z</time>
      </trkpt>
      <trkpt lat="60.13114742400056" lon="8.6569576694942">
        <ele>726.91</ele>
        <time>1970-01-01T00:00:00.000Z</time>
      </trkpt>
      <trkpt lat="60.13086" lon="8.65821">
        <ele>726.1348754885897</ele>
        <time>1970-01-01T00:00:00.000Z</time>
      </trkpt>
      <trkpt lat="60.13065742341593" lon="8.658970638540797">
        <ele>725.65</ele>
        <time>1970-01-01T00:00:00.000Z</time>
      </trkpt>
      <trkpt lat="60.13033" lon="8.6602">
        <ele>724.5739955929938</ele>
        <time>1970-01-01T00:00:00.000Z</time>
      </trkpt>
      <trkpt lat="60.13028" lon="8.66043">
        <ele>724.3803014311002</ele>
        <time>1970-01-01T00:00:00.000Z</time>
      </trkpt>
      <trkpt lat="60.1302" lon="8.66092">
        <ele>723.9823042349656</ele>
        <time>1970-01-01T00:00:00.000Z</time>
      </trkpt>
      <trkpt lat="60.13019528448513" lon="8.661000166022374">
        <ele>723.92</ele>
        <time>1970-01-01T00:00:00.000Z</time>
      </trkpt>
      <trkpt lat="60.13017" lon="8.66143">
        <ele>723.7172450028662</ele>
        <time>1970-01-01T00:00:00.000Z</time>
      </trkpt>
      <trkpt lat="60.130091286940846" lon="8.663231695229266">
        <ele>722.87</ele>
        <time>1970-01-01T00:00:00.000Z</time>
      </trkpt>
      <trkpt lat="60.13008" lon="8.66349">
        <ele>722.7126702284681</ele>
        <time>1970-01-01T00:00:00.000Z</time>
      </trkpt>
      <trkpt lat="60.13008" lon="8.66377">
        <ele>722.5427788213354</ele>
        <time>1970-01-01T00:00:00.000Z</time>
      </trkpt>
      <trkpt lat="60.130172711580215" lon="8.665461926973958">
        <ele>721.51</ele>
        <time>1970-01-01T00:00:00.000Z</time>
      </trkpt>
      <trkpt lat="60.1302" lon="8.66596">
        <ele>719.0637149257644</ele>
        <time>1970-01-01T00:00:00.000Z</time>
      </trkpt>
      <trkpt lat="60.13021" lon="8.66659">
        <ele>718.439424300499</ele>
        <time>1970-01-01T00:00:00.000Z</time>
      </trkpt>
      <trkpt lat="60.13021" lon="8.66733">
        <ele>717.7065028166836</ele>
        <time>1970-01-01T00:00:00.000Z</time>
      </trkpt>
      <trkpt lat="60.130190832324494" lon="8.667698035479344">
        <ele>717.34</ele>
        <time>1970-01-01T00:00:00.000Z</time>
      </trkpt>
      <trkpt lat="60.13016" lon="8.66829">
        <ele>716.9700133791636</ele>
        <time>1970-01-01T00:00:00.000Z</time>
      </trkpt>
      <trkpt lat="60.13003" lon="8.66934">
        <ele>716.2974393472829</ele>
        <time>1970-01-01T00:00:00.000Z</time>
      </trkpt>
      <trkpt lat="60.12995" lon="8.66973">
        <ele>716.0352459569298</ele>
        <time>1970-01-01T00:00:00.000Z</time>
      </trkpt>
      <trkpt lat="60.12984" lon="8.67016">
        <ele>715.734745498625</ele>
        <time>1970-01-01T00:00:00.000Z</time>
      </trkpt>
      <trkpt lat="60.12941" lon="8.67148">
        <ele>714.7542485621863</ele>
        <time>1970-01-01T00:00:00.000Z</time>
      </trkpt>
      <trkpt lat="60.12921" lon="8.67219">
        <ele>714.2471788038416</ele>
        <time>1970-01-01T00:00:00.000Z</time>
      </trkpt>
      <trkpt lat="60.1288244814402" lon="8.673758240832964">
        <ele>713.16</ele>
        <time>1970-01-01T00:00:00.000Z</time>
      </trkpt>
      <trkpt lat="60.12862" lon="8.67459">
        <ele>712.408869834351</ele>
        <time>1970-01-01T00:00:00.000Z</time>
      </trkpt>
      <trkpt lat="60.12854" lon="8.67487">
        <ele>712.1474699422798</ele>
        <time>1970-01-01T00:00:00.000Z</time>
      </trkpt>
      <trkpt lat="60.12788" lon="8.67692">
        <ele>710.1707550307963</ele>
        <time>1970-01-01T00:00:00.000Z</time>
      </trkpt>
      <trkpt lat="60.12767499500049" lon="8.67759576035381">
        <ele>709.53</ele>
        <time>1970-01-01T00:00:00.000Z</time>
      </trkpt>
      <trkpt lat="60.12761" lon="8.67781">
        <ele>709.385617086043</ele>
        <time>1970-01-01T00:00:00.000Z</time>
      </trkpt>
      <trkpt lat="60.12719" lon="8.67945">
        <ele>708.3242104468175</ele>
        <time>1970-01-01T00:00:00.000Z</time>
      </trkpt>
      <trkpt lat="60.12715061097721" lon="8.679573091693728">
        <ele>708.24</ele>
        <time>1970-01-01T00:00:00.000Z</time>
      </trkpt>
      <trkpt lat="60.12703" lon="8.67995">
        <ele>708.209350604686</ele>
        <time>1970-01-01T00:00:00.000Z</time>
      </trkpt>
      <trkpt lat="60.12634" lon="8.68155">
        <ele>708.0645567031463</ele>
        <time>1970-01-01T00:00:00.000Z</time>
      </trkpt>
      <trkpt lat="60.12621" lon="8.68188">
        <ele>708.035771341074</ele>
        <time>1970-01-01T00:00:00.000Z</time>
      </trkpt>
      <trkpt lat="60.12589" lon="8.68287">
        <ele>707.9550264447938</ele>
        <time>1970-01-01T00:00:00.000Z</time>
      </trkpt>
      <trkpt lat="60.12572" lon="8.68347">
        <ele>707.907799263346</ele>
        <time>1970-01-01T00:00:00.000Z</time>
      </trkpt>
      <trkpt lat="60.12546" lon="8.68462">
        <ele>707.8213928350694</ele>
        <time>1970-01-01T00:00:00.000Z</time>
      </trkpt>
      <trkpt lat="60.12536764278257" lon="8.685195882325237">
        <ele>707.78</ele>
        <time>1970-01-01T00:00:00.000Z</time>
      </trkpt>
      <trkpt lat="60.12529" lon="8.68568">
        <ele>707.5848329581049</ele>
        <time>1970-01-01T00:00:00.000Z</time>
      </trkpt>
      <trkpt lat="60.12494997035156" lon="8.687272346557599">
        <ele>706.92</ele>
        <time>1970-01-01T00:00:00.000Z</time>
      </trkpt>
      <trkpt lat="60.12488" lon="8.6876">
        <ele>706.6909347904605</ele>
        <time>1970-01-01T00:00:00.000Z</time>
      </trkpt>
      <trkpt lat="60.12474" lon="8.68813">
        <ele>706.3054612013824</ele>
        <time>1970-01-01T00:00:00.000Z</time>
      </trkpt>
      <trkpt lat="60.124375697592264" lon="8.689186150009762">
        <ele>705.48</ele>
        <time>1970-01-01T00:00:00.000Z</time>
      </trkpt>
      <trkpt lat="60.12375" lon="8.691">
        <ele>704.2690447150804</ele>
        <time>1970-01-01T00:00:00.000Z</time>
      </trkpt>
      <trkpt lat="60.123741141966356" lon="8.691029795424198">
        <ele>704.25</ele>
        <time>1970-01-01T00:00:00.000Z</time>
      </trkpt>
      <trkpt lat="60.12364" lon="8.69137">
        <ele>703.9653656739117</ele>
        <time>1970-01-01T00:00:00.000Z</time>
      </trkpt>
      <trkpt lat="60.12352" lon="8.6919">
        <ele>703.547108796004</ele>
        <time>1970-01-01T00:00:00.000Z</time>
      </trkpt>
      <trkpt lat="60.12348" lon="8.69219">
        <ele>703.3309231680946</ele>
        <time>1970-01-01T00:00:00.000Z</time>
      </trkpt>
      <trkpt lat="60.12346" lon="8.69246">
        <ele>703.1348127161648</ele>
        <time>1970-01-01T00:00:00.000Z</time>
      </trkpt>
      <trkpt lat="60.1234678250143" lon="8.693148557488204">
        <ele>702.64</ele>
        <time>1970-01-01T00:00:00.000Z</time>
      </trkpt>
      <trkpt lat="60.12347" lon="8.69334">
        <ele>702.5917206438312</ele>
        <time>1970-01-01T00:00:00.000Z</time>
      </trkpt>
      <trkpt lat="60.12346" lon="8.69382">
        <ele>702.47059643801</ele>
        <time>1970-01-01T00:00:00.000Z</time>
      </trkpt>
      <trkpt lat="60.12328" lon="8.69648">
        <ele>701.7937910607342</ele>
        <time>1970-01-01T00:00:00.000Z</time>
      </trkpt>
      <trkpt lat="60.1232" lon="8.69703">
        <ele>701.6493324973608</ele>
        <time>1970-01-01T00:00:00.000Z</time>
      </trkpt>
      <trkpt lat="60.12310254113361" lon="8.697546843712944">
        <ele>701.51</ele>
        <time>1970-01-01T00:00:00.000Z</time>
      </trkpt>
      <trkpt lat="60.12287" lon="8.69878">
        <ele>700.7097860471395</ele>
        <time>1970-01-01T00:00:00.000Z</time>
      </trkpt>
      <trkpt lat="60.12275" lon="8.69951">
        <ele>700.2432583175079</ele>
        <time>1970-01-01T00:00:00.000Z</time>
      </trkpt>
      <trkpt lat="60.12273316799964" lon="8.699659904855563">
        <ele>700.15</ele>
        <time>1970-01-01T00:00:00.000Z</time>
      </trkpt>
      <trkpt lat="60.122487685170626" lon="8.701845972376184">
        <ele>696.55</ele>
        <time>1970-01-01T00:00:00.000Z</time>
      </trkpt>
      <trkpt lat="60.12233" lon="8.70325">
        <ele>695.5095231673628</ele>
        <time>1970-01-01T00:00:00.000Z</time>
      </trkpt>
      <trkpt lat="60.1222137965722" lon="8.70401694766676">
        <ele>694.93</ele>
        <time>1970-01-01T00:00:00.000Z</time>
      </trkpt>
      <trkpt lat="60.12218" lon="8.70424">
        <ele>694.7739405522224</ele>
        <time>1970-01-01T00:00:00.000Z</time>
      </trkpt>
      <trkpt lat="60.12194" lon="8.70537">
        <ele>693.951664320182</ele>
        <time>1970-01-01T00:00:00.000Z</time>
      </trkpt>
      <trkpt lat="60.121805233800174" lon="8.706100860395301">
        <ele>693.43</ele>
        <time>1970-01-01T00:00:00.000Z</time>
      </trkpt>
      <trkpt lat="60.12168" lon="8.70678">
        <ele>692.9969552953643</ele>
        <time>1970-01-01T00:00:00.000Z</time>
      </trkpt>
      <trkpt lat="60.12154" lon="8.70771">
        <ele>692.4159910192467</ele>
        <time>1970-01-01T00:00:00.000Z</time>
      </trkpt>
      <trkpt lat="60.121476883141504" lon="8.708240218832355">
        <ele>692.09</ele>
        <time>1970-01-01T00:00:00.000Z</time>
      </trkpt>
      <trkpt lat="60.12124" lon="8.71023">
        <ele>688.9140664933078</ele>
        <time>1970-01-01T00:00:00.000Z</time>
      </trkpt>
      <trkpt lat="60.12120530227841" lon="8.710412165124781">
        <ele>688.74</ele>
        <time>1970-01-01T00:00:00.000Z</time>
      </trkpt>
      <trkpt lat="60.12112" lon="8.71086">
        <ele>688.6651128181124</ele>
        <time>1970-01-01T00:00:00.000Z</time>
      </trkpt>
      <trkpt lat="60.12091" lon="8.71183">
        <ele>688.4999169193359</ele>
        <time>1970-01-01T00:00:00.000Z</time>
      </trkpt>
      <trkpt lat="60.12082" lon="8.71218">
        <ele>688.438395902522</ele>
        <time>1970-01-01T00:00:00.000Z</time>
      </trkpt>
      <trkpt lat="60.12058" lon="8.71288">
        <ele>688.3056679346648</ele>
        <time>1970-01-01T00:00:00.000Z</time>
      </trkpt>
      <trkpt lat="60.12032" lon="8.7135">
        <ele>688.1790836076462</ele>
        <time>1970-01-01T00:00:00.000Z</time>
      </trkpt>
      <trkpt lat="60.12009" lon="8.71397">
        <ele>688.0761774665024</ele>
        <time>1970-01-01T00:00:00.000Z</time>
      </trkpt>
      <trkpt lat="60.120002129250686" lon="8.71412011347499">
        <ele>688.04</ele>
        <time>1970-01-01T00:00:00.000Z</time>
      </trkpt>
      <trkpt lat="60.11985" lon="8.71438">
        <ele>687.9433657422248</ele>
        <time>1970-01-01T00:00:00.000Z</time>
      </trkpt>
      <trkpt lat="60.11954" lon="8.71487">
        <ele>687.7524936432844</ele>
        <time>1970-01-01T00:00:00.000Z</time>
      </trkpt>
      <trkpt lat="60.11914" lon="8.7154">
        <ele>687.5206426923719</ele>
        <time>1970-01-01T00:00:00.000Z</time>
      </trkpt>
      <trkpt lat="60.11910429909751" lon="8.715446921730125">
        <ele>687.5</ele>
        <time>1970-01-01T00:00:00.000Z</time>
      </trkpt>
      <trkpt lat="60.11879" lon="8.71586">
        <ele>685.9969708821958</ele>
        <time>1970-01-01T00:00:00.000Z</time>
      </trkpt>
      <trkpt lat="60.11856" lon="8.71611">
        <ele>685.8973902075013</ele>
        <time>1970-01-01T00:00:00.000Z</time>
      </trkpt>
      <trkpt lat="60.11822" lon="8.7164">
        <ele>685.756742802482</ele>
        <time>1970-01-01T00:00:00.000Z</time>
      </trkpt>
      <trkpt lat="60.11806" lon="8.71649">
        <ele>685.6934807575966</ele>
        <time>1970-01-01T00:00:00.000Z</time>
      </trkpt>
      <trkpt lat="60.11781" lon="8.71659">
        <ele>685.5964291214</ele>
        <time>1970-01-01T00:00:00.000Z</time>
      </trkpt>
      <trkpt lat="60.11745" lon="8.71668">
        <ele>685.4583108507804</ele>
        <time>1970-01-01T00:00:00.000Z</time>
      </trkpt>
      <trkpt lat="60.11701009294801" lon="8.716767982511712">
        <ele>685.29</ele>
        <time>1970-01-01T00:00:00.000Z</time>
      </trkpt>
      <trkpt lat="60.1166" lon="8.71685">
        <ele>685.0851021082422</ele>
        <time>1970-01-01T00:00:00.000Z</time>
      </trkpt>
      <trkpt lat="60.1164" lon="8.7169">
        <ele>684.9848986044672</ele>
        <time>1970-01-01T00:00:00.000Z</time>
      </trkpt>
      <trkpt lat="60.11622" lon="8.71698">
        <ele>684.8932391227796</ele>
        <time>1970-01-01T00:00:00.000Z</time>
      </trkpt>
      <trkpt lat="60.11501" lon="8.71783">
        <ele>684.2558717790043</ele>
        <time>1970-01-01T00:00:00.000Z</time>
      </trkpt>
      <trkpt lat="60.11487432211651" lon="8.717970201272026">
        <ele>684.18</ele>
        <time>1970-01-01T00:00:00.000Z</time>
      </trkpt>
      <trkpt lat="60.11471" lon="8.71814">
        <ele>683.80747430147</ele>
        <time>1970-01-01T00:00:00.000Z</time>
      </trkpt>
      <trkpt lat="60.11446" lon="8.71848">
        <ele>683.1987835233015</ele>
        <time>1970-01-01T00:00:00.000Z</time>
      </trkpt>
      <trkpt lat="60.1142" lon="8.71894">
        <ele>682.500175455518</ele>
        <time>1970-01-01T00:00:00.000Z</time>
      </trkpt>
      <trkpt lat="60.11401098801131" lon="8.71936240037068">
        <ele>681.93</ele>
        <time>1970-01-01T00:00:00.000Z</time>
      </trkpt>
      <trkpt lat="60.1132651045186" lon="8.721029209844193">
        <ele>678.47</ele>
        <time>1970-01-01T00:00:00.000Z</time>
      </trkpt>
      <trkpt lat="60.11322" lon="8.72113">
        <ele>678.3514780849283</ele>
        <time>1970-01-01T00:00:00.000Z</time>
      </trkpt>
      <trkpt lat="60.113" lon="8.72174">
        <ele>677.6926713290216</ele>
        <time>1970-01-01T00:00:00.000Z</time>
      </trkpt>
      <trkpt lat="60.11244" lon="8.72365">
        <ele>675.7538005690793</ele>
        <time>1970-01-01T00:00:00.000Z</time>
      </trkpt>
      <trkpt lat="60.11223" lon="8.7242">
        <ele>675.1475771380516</ele>
        <time>1970-01-01T00:00:00.000Z</time>
      </trkpt>
      <trkpt lat="60.11209" lon="8.72451">
        <ele>674.7815367576794</ele>
        <time>1970-01-01T00:00:00.000Z</time>
      </trkpt>
      <trkpt lat="60.11198930535984" lon="8.724680877368238">
        <ele>674.55</ele>
        <time>1970-01-01T00:00:00.000Z</time>
      </trkpt>
      <trkpt lat="60.11176" lon="8.72507">
        <ele>673.1834237011989</ele>
        <time>1970-01-01T00:00:00.000Z</time>
      </trkpt>
      <trkpt lat="60.11111308775109" lon="8.726068095268536">
        <ele>669.47</ele>
        <time>1970-01-01T00:00:00.000Z</time>
      </trkpt>
      <trkpt lat="60.11106" lon="8.72615">
        <ele>669.0098998422931</ele>
        <time>1970-01-01T00:00:00.000Z</time>
      </trkpt>
      <trkpt lat="60.11087" lon="8.72641">
        <ele>667.4297963648557</ele>
        <time>1970-01-01T00:00:00.000Z</time>
      </trkpt>
      <trkpt lat="60.11065" lon="8.72665">
        <ele>665.7092807747999</ele>
        <time>1970-01-01T00:00:00.000Z</time>
      </trkpt>
      <trkpt lat="60.110131575089454" lon="8.7271204229437">
        <ele>661.8</ele>
        <time>1970-01-01T00:00:00.000Z</time>
      </trkpt>
      <trkpt lat="60.11011" lon="8.72714">
        <ele>661.6313700760704</ele>
        <time>1970-01-01T00:00:00.000Z</time>
      </trkpt>
      <trkpt lat="60.10989" lon="8.72737">
        <ele>659.8647118619468</ele>
        <time>1970-01-01T00:00:00.000Z</time>
      </trkpt>
      <trkpt lat="60.10966" lon="8.7277">
        <ele>657.8510887473558</ele>
        <time>1970-01-01T00:00:00.000Z</time>
      </trkpt>
      <trkpt lat="60.10939" lon="8.7282">
        <ele>655.234537867678</ele>
        <time>1970-01-01T00:00:00.000Z</time>
      </trkpt>
      <trkpt lat="60.10926654966456" lon="8.72850136750201">
        <ele>653.85</ele>
        <time>1970-01-01T00:00:00.000Z</time>
      </trkpt>
      <trkpt lat="60.10905" lon="8.72903">
        <ele>652.0659275775208</ele>
        <time>1970-01-01T00:00:00.000Z</time>
      </trkpt>
      <trkpt lat="60.10875" lon="8.72996">
        <ele>649.177648523097</ele>
        <time>1970-01-01T00:00:00.000Z</time>
      </trkpt>
      <trkpt lat="60.108642525742965" lon="8.730352518556797">
        <ele>648.01</ele>
        <time>1970-01-01T00:00:00.000Z</time>
      </trkpt>
      <trkpt lat="60.10852" lon="8.7308">
        <ele>646.9295728264672</ele>
        <time>1970-01-01T00:00:00.000Z</time>
      </trkpt>
      <trkpt lat="60.108135094732255" lon="8.73234733543457">
        <ele>643.27</ele>
        <time>1970-01-01T00:00:00.000Z</time>
      </trkpt>
      <trkpt lat="60.10802" lon="8.73281">
        <ele>642.1872872372008</ele>
        <time>1970-01-01T00:00:00.000Z</time>
      </trkpt>
      <trkpt lat="60.10784" lon="8.7338">
        <ele>639.9807633265065</ele>
        <time>1970-01-01T00:00:00.000Z</time>
      </trkpt>
      <trkpt lat="60.10776292314552" lon="8.734450873732502">
        <ele>638.58</ele>
        <time>1970-01-01T00:00:00.000Z</time>
      </trkpt>
      <trkpt lat="60.10775" lon="8.73456">
        <ele>638.4941204445952</ele>
        <time>1970-01-01T00:00:00.000Z</time>
      </trkpt>
      <trkpt lat="60.10774" lon="8.73493">
        <ele>638.2104117466263</ele>
        <time>1970-01-01T00:00:00.000Z</time>
      </trkpt>
      <trkpt lat="60.10776" lon="8.7354">
        <ele>637.8492444586504</ele>
        <time>1970-01-01T00:00:00.000Z</time>
      </trkpt>
      <trkpt lat="60.10782" lon="8.73588">
        <ele>637.4703467021166</ele>
        <time>1970-01-01T00:00:00.000Z</time>
      </trkpt>
      <trkpt lat="60.10809" lon="8.73701">
        <ele>636.5108632214342</ele>
        <time>1970-01-01T00:00:00.000Z</time>
      </trkpt>
      <trkpt lat="60.10815" lon="8.7373">
        <ele>636.2704518742122</ele>
        <time>1970-01-01T00:00:00.000Z</time>
      </trkpt>
      <trkpt lat="60.1082" lon="8.73787">
        <ele>635.8273253187294</ele>
        <time>1970-01-01T00:00:00.000Z</time>
      </trkpt>
      <trkpt lat="60.10819" lon="8.7381">
        <ele>635.6505581411817</ele>
        <time>1970-01-01T00:00:00.000Z</time>
      </trkpt>
      <trkpt lat="60.10815" lon="8.73846">
        <ele>635.3681584132124</ele>
        <time>1970-01-01T00:00:00.000Z</time>
      </trkpt>
      <trkpt lat="60.10810168458166" lon="8.738727933374356">
        <ele>635.15</ele>
        <time>1970-01-01T00:00:00.000Z</time>
      </trkpt>
      <trkpt lat="60.10804" lon="8.73907">
        <ele>630.9209899636222</ele>
        <time>1970-01-01T00:00:00.000Z</time>
      </trkpt>
      <trkpt lat="60.10765713555492" lon="8.740781652289005">
        <ele>627.78</ele>
        <time>1970-01-01T00:00:00.000Z</time>
      </trkpt>
      <trkpt lat="60.10753" lon="8.74135">
        <ele>626.6341235553455</ele>
        <time>1970-01-01T00:00:00.000Z</time>
      </trkpt>
      <trkpt lat="60.10737" lon="8.74195">
        <ele>625.3824444428652</ele>
        <time>1970-01-01T00:00:00.000Z</time>
      </trkpt>
      <trkpt lat="60.10728" lon="8.74222">
        <ele>624.7849669869171</ele>
        <time>1970-01-01T00:00:00.000Z</time>
      </trkpt>
      <trkpt lat="60.10709220613829" lon="8.742701733201795">
        <ele>623.66</ele>
        <time>1970-01-01T00:00:00.000Z</time>
      </trkpt>
      <trkpt lat="60.10705" lon="8.74281">
        <ele>623.4145323302723</ele>
        <time>1970-01-01T00:00:00.000Z</time>
      </trkpt>
      <trkpt lat="60.10674" lon="8.74345">
        <ele>621.8207368328328</ele>
        <time>1970-01-01T00:00:00.000Z</time>
      </trkpt>
      <trkpt lat="60.106298793032806" lon="8.74427474847277">
        <ele>619.66</ele>
        <time>1970-01-01T00:00:00.000Z</time>
      </trkpt>
      <trkpt lat="60.10544" lon="8.74588">
        <ele>618.1774829089882</ele>
        <time>1970-01-01T00:00:00.000Z</time>
      </trkpt>
      <trkpt lat="60.10467860468212" lon="8.747356470386784">
        <ele>616.84</ele>
        <time>1970-01-01T00:00:00.000Z</time>
      </trkpt>
      <trkpt lat="60.10429" lon="8.74811">
        <ele>613.244959395894</ele>
        <time>1970-01-01T00:00:00.000Z</time>
      </trkpt>
      <trkpt lat="60.10369" lon="8.74923">
        <ele>612.2061440601311</ele>
        <time>1970-01-01T00:00:00.000Z</time>
      </trkpt>
      <trkpt lat="60.10338" lon="8.74974">
        <ele>611.6979776389677</ele>
        <time>1970-01-01T00:00:00.000Z</time>
      </trkpt>
      <trkpt lat="60.10305" lon="8.75017">
        <ele>611.1991961466769</ele>
        <time>1970-01-01T00:00:00.000Z</time>
      </trkpt>
      <trkpt lat="60.10298014813674" lon="8.750240784869286">
        <ele>611.1</ele>
        <time>1970-01-01T00:00:00.000Z</time>
      </trkpt>
      <trkpt lat="60.1023" lon="8.75093">
        <ele>608.4720121807972</ele>
        <time>1970-01-01T00:00:00.000Z</time>
      </trkpt>
      <trkpt lat="60.10212" lon="8.75117">
        <ele>607.7266153470671</ele>
        <time>1970-01-01T00:00:00.000Z</time>
      </trkpt>
      <trkpt lat="60.10201493804157" lon="8.75135010752003">
        <ele>607.25</ele>
        <time>1970-01-01T00:00:00.000Z</time>
      </trkpt>
      <trkpt lat="60.10184" lon="8.75165">
        <ele>606.3409593524001</ele>
        <time>1970-01-01T00:00:00.000Z</time>
      </trkpt>
      <trkpt lat="60.10122974730598" lon="8.75293917035754">
        <ele>602.84</ele>
        <time>1970-01-01T00:00:00.000Z</time>
      </trkpt>
      <trkpt lat="60.10104" lon="8.75334">
        <ele>599.1362642086291</ele>
        <time>1970-01-01T00:00:00.000Z</time>
      </trkpt>
      <trkpt lat="60.10043364389092" lon="8.754508398261983">
        <ele>597.05</ele>
        <time>1970-01-01T00:00:00.000Z</time>
      </trkpt>
      <trkpt lat="60.09962854949887" lon="8.756059651704081">
        <ele>594.55</ele>
        <time>1970-01-01T00:00:00.000Z</time>
      </trkpt>
      <trkpt lat="60.0994" lon="8.7565">
        <ele>593.9481849447205</ele>
        <time>1970-01-01T00:00:00.000Z</time>
      </trkpt>
      <trkpt lat="60.09928" lon="8.75679">
        <ele>593.5913783505483</ele>
        <time>1970-01-01T00:00:00.000Z</time>
      </trkpt>
      <trkpt lat="60.0991" lon="8.75733">
        <ele>592.9763937100869</ele>
        <time>1970-01-01T00:00:00.000Z</time>
      </trkpt>
      <trkpt lat="60.09903" lon="8.75762">
        <ele>592.671354476976</ele>
        <time>1970-01-01T00:00:00.000Z</time>
      </trkpt>
      <trkpt lat="60.09898267974405" lon="8.75785660696155">
        <ele>592.43</ele>
        <time>1970-01-01T00:00:00.000Z</time>
      </trkpt>
      <trkpt lat="60.09879" lon="8.75882">
        <ele>591.7902979634456</ele>
        <time>1970-01-01T00:00:00.000Z</time>
      </trkpt>
      <trkpt lat="60.09871" lon="8.75915">
        <ele>591.5641587998892</ele>
        <time>1970-01-01T00:00:00.000Z</time>
      </trkpt>
      <trkpt lat="60.09851" lon="8.75968">
        <ele>591.1545112856193</ele>
        <time>1970-01-01T00:00:00.000Z</time>
      </trkpt>
      <trkpt lat="60.09845013146251" lon="8.759799737347697">
        <ele>591.05</ele>
        <time>1970-01-01T00:00:00.000Z</time>
      </trkpt>
      <trkpt lat="60.0984" lon="8.7599">
        <ele>591.004340872816</ele>
        <time>1970-01-01T00:00:00.000Z</time>
      </trkpt>
      <trkpt lat="60.0982" lon="8.76023">
        <ele>590.8373118727097</ele>
        <time>1970-01-01T00:00:00.000Z</time>
      </trkpt>
      <trkpt lat="60.09806" lon="8.76044">
        <ele>590.7245600799793</ele>
        <time>1970-01-01T00:00:00.000Z</time>
      </trkpt>
      <trkpt lat="60.09774" lon="8.76081">
        <ele>590.4863322836997</ele>
        <time>1970-01-01T00:00:00.000Z</time>
      </trkpt>
      <trkpt lat="60.09764" lon="8.7609">
        <ele>590.4156393659244</ele>
        <time>1970-01-01T00:00:00.000Z</time>
      </trkpt>
      <trkpt lat="60.09751563147804" lon="8.760993276620551">
        <ele>590.33</ele>
        <time>1970-01-01T00:00:00.000Z</time>
      </trkpt>
      <trkpt lat="60.09744" lon="8.76105">
        <ele>590.2562209517217</ele>
        <time>1970-01-01T00:00:00.000Z</time>
      </trkpt>
      <trkpt lat="60.09725" lon="8.76115">
        <ele>590.0767360760834</ele>
        <time>1970-01-01T00:00:00.000Z</time>
      </trkpt>
      <trkpt lat="60.09667" lon="8.7614">
        <ele>589.534676260017</ele>
        <time>1970-01-01T00:00:00.000Z</time>
      </trkpt>
      <trkpt lat="60.096430225218484" lon="8.76150931058965">
        <ele>589.31</ele>
        <time>1970-01-01T00:00:00.000Z</time>
      </trkpt>
      <trkpt lat="60.09599" lon="8.76171">
        <ele>588.3394018970273</ele>
        <time>1970-01-01T00:00:00.000Z</time>
      </trkpt>
      <trkpt lat="60.09563" lon="8.76182">
        <ele>587.5564915773356</ele>
        <time>1970-01-01T00:00:00.000Z</time>
      </trkpt>
      <trkpt lat="60.09533062064033" lon="8.761876487068708">
        <ele>586.91</ele>
        <time>1970-01-01T00:00:00.000Z</time>
      </trkpt>
      <trkpt lat="60.0951" lon="8.76192">
        <ele>586.3850131343199</ele>
        <time>1970-01-01T00:00:00.000Z</time>
      </trkpt>
      <trkpt lat="60.09468" lon="8.76192">
        <ele>585.4331235969137</ele>
        <time>1970-01-01T00:00:00.000Z</time>
      </trkpt>
      <trkpt lat="60.09421627044541" lon="8.761860820101862">
        <ele>584.38</ele>
        <time>1970-01-01T00:00:00.000Z</time>
      </trkpt>
      <trkpt lat="60.09310221708052" lon="8.761718654477198">
        <ele>578.86</ele>
        <time>1970-01-01T00:00:00.000Z</time>
      </trkpt>
      <trkpt lat="60.09198816356318" lon="8.761576498463903">
        <ele>576.86</ele>
        <time>1970-01-01T00:00:00.000Z</time>
      </trkpt>
      <trkpt lat="60.09087410989342" lon="8.761434352060892">
        <ele>574.75</ele>
        <time>1970-01-01T00:00:00.000Z</time>
      </trkpt>
      <trkpt lat="60.09084" lon="8.76143">
        <ele>574.6850902286686</ele>
        <time>1970-01-01T00:00:00.000Z</time>
      </trkpt>
      <trkpt lat="60.09068" lon="8.76142">
        <ele>574.3810833724524</ele>
        <time>1970-01-01T00:00:00.000Z</time>
      </trkpt>
      <trkpt lat="60.09052" lon="8.76145">
        <ele>574.0758989136527</ele>
        <time>1970-01-01T00:00:00.000Z</time>
      </trkpt>
      <trkpt lat="60.09035" lon="8.76151">
        <ele>573.7480868690244</ele>
        <time>1970-01-01T00:00:00.000Z</time>
      </trkpt>
      <trkpt lat="60.0902" lon="8.7616">
        <ele>573.4507427743395</ele>
        <time>1970-01-01T00:00:00.000Z</time>
      </trkpt>
      <trkpt lat="60.09005" lon="8.76172">
        <ele>573.1440456244999</ele>
        <time>1970-01-01T00:00:00.000Z</time>
      </trkpt>
      <trkpt lat="60.089810156867024" lon="8.761971606919367">
        <ele>572.63</ele>
        <time>1970-01-01T00:00:00.000Z</time>
      </trkpt>
      <trkpt lat="60.08903" lon="8.76279">
        <ele>567.2654258560772</ele>
        <time>1970-01-01T00:00:00.000Z</time>
      </trkpt>
      <trkpt lat="60.08881526228859" lon="8.76298565145541">
        <ele>566.49</ele>
        <time>1970-01-01T00:00:00.000Z</time>
      </trkpt>
      <trkpt lat="60.08858" lon="8.7632">
        <ele>565.7284235655374</ele>
        <time>1970-01-01T00:00:00.000Z</time>
      </trkpt>
      <trkpt lat="60.0884" lon="8.76333">
        <ele>565.1645684614749</ele>
        <time>1970-01-01T00:00:00.000Z</time>
      </trkpt>
      <trkpt lat="60.08815" lon="8.76348">
        <ele>564.3954906717787</ele>
        <time>1970-01-01T00:00:00.000Z</time>
      </trkpt>
      <trkpt lat="60.08775312984449" lon="8.763648166327421">
        <ele>563.2</ele>
        <time>1970-01-01T00:00:00.000Z</time>
      </trkpt>
      <trkpt lat="60.08756" lon="8.76373">
        <ele>562.4626271810562</ele>
        <time>1970-01-01T00:00:00.000Z</time>
      </trkpt>
      <trkpt lat="60.08733" lon="8.76386">
        <ele>561.5699775046994</ele>
        <time>1970-01-01T00:00:00.000Z</time>
      </trkpt>
      <trkpt lat="60.08702" lon="8.76409">
        <ele>560.3352413407526</ele>
        <time>1970-01-01T00:00:00.000Z</time>
      </trkpt>
      <trkpt lat="60.08675" lon="8.76434">
        <ele>559.2243169245679</ele>
        <time>1970-01-01T00:00:00.000Z</time>
      </trkpt>
      <trkpt lat="60.086703553705256" lon="8.764386970445239">
        <ele>559.03</ele>
        <time>1970-01-01T00:00:00.000Z</time>
      </trkpt>
      <trkpt lat="60.08570682205713" lon="8.76539491434395">
        <ele>555.6</ele>
        <time>1970-01-01T00:00:00.000Z</time>
      </trkpt>
      <trkpt lat="60.08471008274473" lon="8.766402797292796">
        <ele>548.88</ele>
        <time>1970-01-01T00:00:00.000Z</time>
      </trkpt>
      <trkpt lat="60.08407" lon="8.76705">
        <ele>546.709456516741</ele>
        <time>1970-01-01T00:00:00.000Z</time>
      </trkpt>
      <trkpt lat="60.0837" lon="8.76737">
        <ele>545.4944077564417</ele>
        <time>1970-01-01T00:00:00.000Z</time>
      </trkpt>
      <trkpt lat="60.08341" lon="8.76756">
        <ele>545.0079292688406</ele>
        <time>1970-01-01T00:00:00.000Z</time>
      </trkpt>
      <trkpt lat="60.08297" lon="8.76778">
        <ele>544.2848437091103</ele>
        <time>1970-01-01T00:00:00.000Z</time>
      </trkpt>
      <trkpt lat="60.08252" lon="8.76796">
        <ele>543.5531586679665</ele>
        <time>1970-01-01T00:00:00.000Z</time>
      </trkpt>
      <trkpt lat="60.08199" lon="8.76814">
        <ele>542.6960114472022</ele>
        <time>1970-01-01T00:00:00.000Z</time>
      </trkpt>
      <trkpt lat="60.081526776671616" lon="8.768342663332355">
        <ele>541.94</ele>
        <time>1970-01-01T00:00:00.000Z</time>
      </trkpt>
      <trkpt lat="60.08103" lon="8.76856">
        <ele>534.4809633238942</ele>
        <time>1970-01-01T00:00:00.000Z</time>
      </trkpt>
      <trkpt lat="60.08082" lon="8.76868">
        <ele>533.9273809760685</ele>
        <time>1970-01-01T00:00:00.000Z</time>
      </trkpt>
      <trkpt lat="60.08045364282149" lon="8.76894502925283">
        <ele>532.94</ele>
        <time>1970-01-01T00:00:00.000Z</time>
      </trkpt>
      <trkpt lat="60.07988" lon="8.76936">
        <ele>532.9973619188214</ele>
        <time>1970-01-01T00:00:00.000Z</time>
      </trkpt>
      <trkpt lat="60.07968" lon="8.76954">
        <ele>533.0179825648215</ele>
        <time>1970-01-01T00:00:00.000Z</time>
      </trkpt>
      <trkpt lat="60.07955" lon="8.7697">
        <ele>533.0323307488106</ele>
        <time>1970-01-01T00:00:00.000Z</time>
      </trkpt>
      <trkpt lat="60.07944" lon="8.76989">
        <ele>533.045987846793</ele>
        <time>1970-01-01T00:00:00.000Z</time>
      </trkpt>
      <trkpt lat="60.07921" lon="8.77037">
        <ele>533.0772158395454</ele>
        <time>1970-01-01T00:00:00.000Z</time>
      </trkpt>
      <trkpt lat="60.07906" lon="8.77061">
        <ele>533.095267357554</ele>
        <time>1970-01-01T00:00:00.000Z</time>
      </trkpt>
      <trkpt lat="60.0788" lon="8.77091">
        <ele>533.1234842844824</ele>
        <time>1970-01-01T00:00:00.000Z</time>
      </trkpt>
      <trkpt lat="60.0787" lon="8.771">
        <ele>533.1337946615014</ele>
        <time>1970-01-01T00:00:00.000Z</time>
      </trkpt>
      <trkpt lat="60.078532501177904" lon="8.771080861809432">
        <ele>533.15</ele>
        <time>1970-01-01T00:00:00.000Z</time>
      </trkpt>
      <trkpt lat="60.07841" lon="8.77114">
        <ele>532.8373366522551</ele>
        <time>1970-01-01T00:00:00.000Z</time>
      </trkpt>
      <trkpt lat="60.07821" lon="8.77118">
        <ele>532.3385934127061</ele>
        <time>1970-01-01T00:00:00.000Z</time>
      </trkpt>
      <trkpt lat="60.07806" lon="8.77116">
        <ele>531.9655613214717</ele>
        <time>1970-01-01T00:00:00.000Z</time>
      </trkpt>
      <trkpt lat="60.07742845586998" lon="8.77096516007327">
        <ele>530.38</ele>
        <time>1970-01-01T00:00:00.000Z</time>
      </trkpt>
      <trkpt lat="60.07712" lon="8.77087">
        <ele>521.2753671480592</ele>
        <time>1970-01-01T00:00:00.000Z</time>
      </trkpt>
      <trkpt lat="60.077" lon="8.77081">
        <ele>520.5086960737837</ele>
        <time>1970-01-01T00:00:00.000Z</time>
      </trkpt>
      <trkpt lat="60.07647" lon="8.7704">
        <ele>516.9870749799627</ele>
        <time>1970-01-01T00:00:00.000Z</time>
      </trkpt>
      <trkpt lat="60.07636468052601" lon="8.77032101015185">
        <ele>516.29</ele>
        <time>1970-01-01T00:00:00.000Z</time>
      </trkpt>
      <trkpt lat="60.07627" lon="8.77025">
        <ele>515.6787357881527</ele>
        <time>1970-01-01T00:00:00.000Z</time>
      </trkpt>
      <trkpt lat="60.07609" lon="8.77016">
        <ele>514.5569790311292</ele>
        <time>1970-01-01T00:00:00.000Z</time>
      </trkpt>
      <trkpt lat="60.07593" lon="8.77011">
        <ele>513.577817151197</ele>
        <time>1970-01-01T00:00:00.000Z</time>
      </trkpt>
      <trkpt lat="60.07582" lon="8.77012">
        <ele>512.9119933192229</ele>
        <time>1970-01-01T00:00:00.000Z</time>
      </trkpt>
      <trkpt lat="60.07576" lon="8.77014">
        <ele>512.5442079040564</ele>
        <time>1970-01-01T00:00:00.000Z</time>
      </trkpt>
      <trkpt lat="60.07561" lon="8.77024">
        <ele>511.588354684216</ele>
        <time>1970-01-01T00:00:00.000Z</time>
      </trkpt>
      <trkpt lat="60.07548" lon="8.77037">
        <ele>510.7098975538451</ele>
        <time>1970-01-01T00:00:00.000Z</time>
      </trkpt>
      <trkpt lat="60.07532020673629" lon="8.770588664713086">
        <ele>509.54</ele>
        <time>1970-01-01T00:00:00.000Z</time>
      </trkpt>
      <trkpt lat="60.07529" lon="8.77063">
        <ele>509.38076993102214</ele>
        <time>1970-01-01T00:00:00.000Z</time>
      </trkpt>
      <trkpt lat="60.07495" lon="8.77113">
        <ele>507.54491287293376</ele>
        <time>1970-01-01T00:00:00.000Z</time>
      </trkpt>
      <trkpt lat="60.07481" lon="8.77127">
        <ele>506.86376799183216</ele>
        <time>1970-01-01T00:00:00.000Z</time>
      </trkpt>
      <trkpt lat="60.07467" lon="8.77137">
        <ele>506.21671745297095</ele>
        <time>1970-01-01T00:00:00.000Z</time>
      </trkpt>
      <trkpt lat="60.07458" lon="8.77141">
        <ele>505.81537380045006</ele>
        <time>1970-01-01T00:00:00.000Z</time>
      </trkpt>
      <trkpt lat="60.07437" lon="8.77148">
        <ele>504.888553559837</ele>
        <time>1970-01-01T00:00:00.000Z</time>
      </trkpt>
      <trkpt lat="60.07432209679222" lon="8.771479999999999">
        <ele>504.68</ele>
        <time>1970-01-01T00:00:00.000Z</time>
      </trkpt>
      <trkpt lat="60.07423" lon="8.77148">
        <ele>504.3664947325104</ele>
        <time>1970-01-01T00:00:00.000Z</time>
      </trkpt>
      <trkpt lat="60.07385" lon="8.77143">
        <ele>503.07015870987146</ele>
        <time>1970-01-01T00:00:00.000Z</time>
      </trkpt>
      <trkpt lat="60.07361" lon="8.77142">
        <ele>502.2530019307834</ele>
        <time>1970-01-01T00:00:00.000Z</time>
      </trkpt>
      <trkpt lat="60.07326" lon="8.77145">
        <ele>501.0604835203796</ele>
        <time>1970-01-01T00:00:00.000Z</time>
      </trkpt>
      <trkpt lat="60.07320710257589" lon="8.771457213321735">
        <ele>500.88</ele>
        <time>1970-01-01T00:00:00.000Z</time>
      </trkpt>
      <trkpt lat="60.07304" lon="8.77148">
        <ele>500.5259092567558</ele>
        <time>1970-01-01T00:00:00.000Z</time>
      </trkpt>
      <trkpt lat="60.07276" lon="8.77157">
        <ele>499.9263940579204</ele>
        <time>1970-01-01T00:00:00.000Z</time>
      </trkpt>
      <trkpt lat="60.07256" lon="8.77168">
        <ele>499.4879419584201</ele>
        <time>1970-01-01T00:00:00.000Z</time>
      </trkpt>
      <trkpt lat="60.07212190839256" lon="8.771946664641996">
        <ele>498.52</ele>
        <time>1970-01-01T00:00:00.000Z</time>
      </trkpt>
      <trkpt lat="60.0721" lon="8.77196">
        <ele>496.291339110029</ele>
        <time>1970-01-01T00:00:00.000Z</time>
      </trkpt>
      <trkpt lat="60.07192" lon="8.77212">
        <ele>495.78686050445486</ele>
        <time>1970-01-01T00:00:00.000Z</time>
      </trkpt>
      <trkpt lat="60.07169" lon="8.77239">
        <ele>495.10396791971806</ele>
        <time>1970-01-01T00:00:00.000Z</time>
      </trkpt>
      <trkpt lat="60.07119" lon="8.7731">
        <ele>493.53405056254473</ele>
        <time>1970-01-01T00:00:00.000Z</time>
      </trkpt>
      <trkpt lat="60.07117533684303" lon="8.773117995825688">
        <ele>493.49</ele>
        <time>1970-01-01T00:00:00.000Z</time>
      </trkpt>
      <trkpt lat="60.07097" lon="8.77337">
        <ele>492.5625452390126</ele>
        <time>1970-01-01T00:00:00.000Z</time>
      </trkpt>
      <trkpt lat="60.0708" lon="8.77355">
        <ele>491.82194750776574</ele>
        <time>1970-01-01T00:00:00.000Z</time>
      </trkpt>
      <trkpt lat="60.07043" lon="8.77386">
        <ele>490.277196086542</ele>
        <time>1970-01-01T00:00:00.000Z</time>
      </trkpt>
      <trkpt lat="60.07017530989957" lon="8.774103778476597">
        <ele>489.19</ele>
        <time>1970-01-01T00:00:00.000Z</time>
      </trkpt>
      <trkpt lat="60.06973" lon="8.77453">
        <ele>486.62158740098823</ele>
        <time>1970-01-01T00:00:00.000Z</time>
      </trkpt>
      <trkpt lat="60.06952" lon="8.77472">
        <ele>485.4223998480441</ele>
        <time>1970-01-01T00:00:00.000Z</time>
      </trkpt>
      <trkpt lat="60.069153640382844" lon="8.775001815306952">
        <ele>483.38</ele>
        <time>1970-01-01T00:00:00.000Z</time>
      </trkpt>
      <trkpt lat="60.06913" lon="8.77502">
        <ele>483.28427538707376</ele>
        <time>1970-01-01T00:00:00.000Z</time>
      </trkpt>
      <trkpt lat="60.06883" lon="8.77529">
        <ele>482.04107671620324</ele>
        <time>1970-01-01T00:00:00.000Z</time>
      </trkpt>
      <trkpt lat="60.0687" lon="8.77545">
        <ele>481.4643644276591</ele>
        <time>1970-01-01T00:00:00.000Z</time>
      </trkpt>
      <trkpt lat="60.0685" lon="8.77575">
        <ele>480.5199883939449</ele>
        <time>1970-01-01T00:00:00.000Z</time>
      </trkpt>
      <trkpt lat="60.068232777520606" lon="8.776232725359135">
        <ele>479.16</ele>
        <time>1970-01-01T00:00:00.000Z</time>
      </trkpt>
      <trkpt lat="60.06819" lon="8.77631">
        <ele>479.0841630168527</ele>
        <time>1970-01-01T00:00:00.000Z</time>
      </trkpt>
      <trkpt lat="60.06802" lon="8.77668">
        <ele>478.7536795137287</ele>
        <time>1970-01-01T00:00:00.000Z</time>
      </trkpt>
      <trkpt lat="60.06793" lon="8.7769">
        <ele>478.5667512816428</ele>
        <time>1970-01-01T00:00:00.000Z</time>
      </trkpt>
      <trkpt lat="60.06744" lon="8.77839">
        <ele>477.3942021964972</ele>
        <time>1970-01-01T00:00:00.000Z</time>
      </trkpt>
      <trkpt lat="60.0672" lon="8.77895">
        <ele>476.90914407596154</ele>
        <time>1970-01-01T00:00:00.000Z</time>
      </trkpt>
      <trkpt lat="60.06699" lon="8.77937">
        <ele>476.5184581334246</ele>
        <time>1970-01-01T00:00:00.000Z</time>
      </trkpt>
      <trkpt lat="60.06686" lon="8.77957">
        <ele>476.30264217277056</ele>
        <time>1970-01-01T00:00:00.000Z</time>
      </trkpt>
      <trkpt lat="60.06680862814316" lon="8.779642242406752">
        <ele>476.22</ele>
        <time>1970-01-01T00:00:00.000Z</time>
      </trkpt>
      <trkpt lat="60.06654" lon="8.78002">
        <ele>475.5879549108053</ele>
        <time>1970-01-01T00:00:00.000Z</time>
      </trkpt>
      <trkpt lat="60.06632" lon="8.78026">
        <ele>475.10552404699774</ele>
        <time>1970-01-01T00:00:00.000Z</time>
      </trkpt>
      <trkpt lat="60.06618" lon="8.78037">
        <ele>474.8159009111148</ele>
        <time>1970-01-01T00:00:00.000Z</time>
      </trkpt>
      <trkpt lat="60.0659" lon="8.78054">
        <ele>474.25241589558476</ele>
        <time>1970-01-01T00:00:00.000Z</time>
      </trkpt>
      <trkpt lat="60.06580794348072" lon="8.780584633795216">
        <ele>474.07</ele>
        <time>1970-01-01T00:00:00.000Z</time>
      </trkpt>
      <trkpt lat="60.06557" lon="8.7807">
        <ele>473.7037650185007</ele>
        <time>1970-01-01T00:00:00.000Z</time>
      </trkpt>
      <trkpt lat="60.06494" lon="8.78095">
        <ele>472.74298067143695</ele>
        <time>1970-01-01T00:00:00.000Z</time>
      </trkpt>
      <trkpt lat="60.064718340628005" lon="8.78106734951489">
        <ele>472.4</ele>
        <time>1970-01-01T00:00:00.000Z</time>
      </trkpt>
      <trkpt lat="60.0646" lon="8.78113">
        <ele>470.60605468453394</ele>
        <time>1970-01-01T00:00:00.000Z</time>
      </trkpt>
      <trkpt lat="60.06439" lon="8.78129">
        <ele>470.2317130699579</ele>
        <time>1970-01-01T00:00:00.000Z</time>
      </trkpt>
      <trkpt lat="60.06418" lon="8.78148">
        <ele>469.8477974112521</ele>
        <time>1970-01-01T00:00:00.000Z</time>
      </trkpt>
      <trkpt lat="60.06385" lon="8.78181">
        <ele>469.2332850987179</ele>
        <time>1970-01-01T00:00:00.000Z</time>
      </trkpt>
      <trkpt lat="60.063709229187985" lon="8.782001047093079">
        <ele>468.95</ele>
        <time>1970-01-01T00:00:00.000Z</time>
      </trkpt>
      <trkpt lat="60.06357" lon="8.78219">
        <ele>468.725552959203</ele>
        <time>1970-01-01T00:00:00.000Z</time>
      </trkpt>
      <trkpt lat="60.06335" lon="8.78255">
        <ele>468.3464348207063</ele>
        <time>1970-01-01T00:00:00.000Z</time>
      </trkpt>
      <trkpt lat="60.062877013079806" lon="8.783484162922306">
        <ele>467.46</ele>
        <time>1970-01-01T00:00:00.000Z</time>
      </trkpt>
      <trkpt lat="60.06255" lon="8.78413">
        <ele>466.60858408705315</ele>
        <time>1970-01-01T00:00:00.000Z</time>
      </trkpt>
      <trkpt lat="60.0621" lon="8.78507">
        <ele>465.4031722286184</ele>
        <time>1970-01-01T00:00:00.000Z</time>
      </trkpt>
      <trkpt lat="60.06189" lon="8.78555">
        <ele>464.5418044937764</ele>
        <time>1970-01-01T00:00:00.000Z</time>
      </trkpt>
      <trkpt lat="60.06162" lon="8.78632">
        <ele>463.2628195456492</ele>
        <time>1970-01-01T00:00:00.000Z</time>
      </trkpt>
      <trkpt lat="60.06144280710632" lon="8.786890119156759">
        <ele>462.35</ele>
        <time>1970-01-01T00:00:00.000Z</time>
      </trkpt>
      <trkpt lat="60.06093" lon="8.78854">
        <ele>457.665573253164</ele>
        <time>1970-01-01T00:00:00.000Z</time>
      </trkpt>
      <trkpt lat="60.06027381190246" lon="8.790701273464666">
        <ele>456.15</ele>
        <time>1970-01-01T00:00:00.000Z</time>
      </trkpt>
      <trkpt lat="60.05984" lon="8.79213">
        <ele>454.26580256024914</ele>
        <time>1970-01-01T00:00:00.000Z</time>
      </trkpt>
      <trkpt lat="60.05972409802515" lon="8.792644317386205">
        <ele>453.63</ele>
        <time>1970-01-01T00:00:00.000Z</time>
      </trkpt>
      <trkpt lat="60.05968" lon="8.79284">
        <ele>453.53784559372815</ele>
        <time>1970-01-01T00:00:00.000Z</time>
      </trkpt>
      <trkpt lat="60.0591" lon="8.79596">
        <ele>452.1088128980072</ele>
        <time>1970-01-01T00:00:00.000Z</time>
      </trkpt>
      <trkpt lat="60.05889739233487" lon="8.796795784852407">
        <ele>451.71</ele>
        <time>1970-01-01T00:00:00.000Z</time>
      </trkpt>
      <trkpt lat="60.05854" lon="8.79827">
        <ele>449.81210811256375</ele>
        <time>1970-01-01T00:00:00.000Z</time>
      </trkpt>
      <trkpt lat="60.05842231730928" lon="8.798819187886606">
        <ele>449.12</ele>
        <time>1970-01-01T00:00:00.000Z</time>
      </trkpt>
      <trkpt lat="60.05839" lon="8.79897">
        <ele>448.8323413133757</ele>
        <time>1970-01-01T00:00:00.000Z</time>
      </trkpt>
      <trkpt lat="60.058027295460214" lon="8.800910843115874">
        <ele>445.2</ele>
        <time>1970-01-01T00:00:00.000Z</time>
      </trkpt>
      <trkpt lat="60.05782" lon="8.80202">
        <ele>443.055304428539</ele>
        <time>1970-01-01T00:00:00.000Z</time>
      </trkpt>
      <trkpt lat="60.0577" lon="8.80253">
        <ele>442.034296721294</ele>
        <time>1970-01-01T00:00:00.000Z</time>
      </trkpt>
      <trkpt lat="60.05758992946943" lon="8.802965700913216">
        <ele>441.15</ele>
        <time>1970-01-01T00:00:00.000Z</time>
      </trkpt>
      <trkpt lat="60.05746" lon="8.80348">
        <ele>435.18978086542023</ele>
        <time>1970-01-01T00:00:00.000Z</time>
      </trkpt>
      <trkpt lat="60.05722" lon="8.80482">
        <ele>432.49713646346794</ele>
        <time>1970-01-01T00:00:00.000Z</time>
      </trkpt>
      <trkpt lat="60.05716773717237" lon="8.805031957302056">
        <ele>432.05</ele>
        <time>1970-01-01T00:00:00.000Z</time>
      </trkpt>
      <trkpt lat="60.05704" lon="8.80555">
        <ele>431.0036564883312</ele>
        <time>1970-01-01T00:00:00.000Z</time>
      </trkpt>
      <trkpt lat="60.05689" lon="8.806">
        <ele>430.0237455100437</ele>
        <time>1970-01-01T00:00:00.000Z</time>
      </trkpt>
      <trkpt lat="60.05681" lon="8.80618">
        <ele>429.5872913186321</ele>
        <time>1970-01-01T00:00:00.000Z</time>
      </trkpt>
      <trkpt lat="60.0566" lon="8.80656">
        <ele>428.5606380819261</ele>
        <time>1970-01-01T00:00:00.000Z</time>
      </trkpt>
      <trkpt lat="60.05647206184998" lon="8.806733630424487">
        <ele>428</ele>
        <time>1970-01-01T00:00:00.000Z</time>
      </trkpt>
      <trkpt lat="60.05646" lon="8.80675">
        <ele>427.94923193563943</ele>
        <time>1970-01-01T00:00:00.000Z</time>
      </trkpt>
      <trkpt lat="60.05598" lon="8.80733">
        <ele>425.995885308685</ele>
        <time>1970-01-01T00:00:00.000Z</time>
      </trkpt>
      <trkpt lat="60.05554516555599" lon="8.807975462491369">
        <ele>424.11</ele>
        <time>1970-01-01T00:00:00.000Z</time>
      </trkpt>
      <trkpt lat="60.05534" lon="8.80828">
        <ele>423.3185563907043</ele>
        <time>1970-01-01T00:00:00.000Z</time>
      </trkpt>
      <trkpt lat="60.0546292645034" lon="8.809253439700406">
        <ele>420.65</ele>
        <time>1970-01-01T00:00:00.000Z</time>
      </trkpt>
      <trkpt lat="60.053707727583" lon="8.810515520883804">
        <ele>412.16</ele>
        <time>1970-01-01T00:00:00.000Z</time>
      </trkpt>
      <trkpt lat="60.0535" lon="8.8108">
        <ele>411.37556457097463</ele>
        <time>1970-01-01T00:00:00.000Z</time>
      </trkpt>
      <trkpt lat="60.0533" lon="8.81102">
        <ele>410.66426580906773</ele>
        <time>1970-01-01T00:00:00.000Z</time>
      </trkpt>
      <trkpt lat="60.05309" lon="8.8112">
        <ele>409.9521954652816</ele>
        <time>1970-01-01T00:00:00.000Z</time>
      </trkpt>
      <trkpt lat="60.052700153627946" lon="8.81144170559587">
        <ele>408.68</ele>
        <time>1970-01-01T00:00:00.000Z</time>
      </trkpt>
      <trkpt lat="60.05259" lon="8.81151">
        <ele>408.15319514500806</ele>
        <time>1970-01-01T00:00:00.000Z</time>
      </trkpt>
      <trkpt lat="60.05242" lon="8.81165">
        <ele>407.3134541285228</ele>
        <time>1970-01-01T00:00:00.000Z</time>
      </trkpt>
      <trkpt lat="60.05224" lon="8.81184">
        <ele>406.3839131806513</ele>
        <time>1970-01-01T00:00:00.000Z</time>
      </trkpt>
      <trkpt lat="60.05207" lon="8.81209">
        <ele>405.4204201309019</ele>
        <time>1970-01-01T00:00:00.000Z</time>
      </trkpt>
      <trkpt lat="60.05176408746625" lon="8.812615021488904">
        <ele>403.58</ele>
        <time>1970-01-01T00:00:00.000Z</time>
      </trkpt>
      <trkpt lat="60.05133" lon="8.81336">
        <ele>400.94287673631396</ele>
        <time>1970-01-01T00:00:00.000Z</time>
      </trkpt>
      <trkpt lat="60.05092788475699" lon="8.81409595080651">
        <ele>398.43</ele>
        <time>1970-01-01T00:00:00.000Z</time>
      </trkpt>
      <trkpt lat="60.0508" lon="8.81433">
        <ele>393.1732664464397</ele>
        <time>1970-01-01T00:00:00.000Z</time>
      </trkpt>
      <trkpt lat="60.05049" lon="8.81493">
        <ele>392.4846128387264</ele>
        <time>1970-01-01T00:00:00.000Z</time>
      </trkpt>
      <trkpt lat="60.04971" lon="8.81657">
        <ele>390.6780855734338</ele>
        <time>1970-01-01T00:00:00.000Z</time>
      </trkpt>
      <trkpt lat="60.04938" lon="8.81726">
        <ele>389.91599695411236</ele>
        <time>1970-01-01T00:00:00.000Z</time>
      </trkpt>
      <trkpt lat="60.04922" lon="8.81754">
        <ele>389.57657667942954</ele>
        <time>1970-01-01T00:00:00.000Z</time>
      </trkpt>
      <trkpt lat="60.04902" lon="8.81783">
        <ele>389.18213665452026</ele>
        <time>1970-01-01T00:00:00.000Z</time>
      </trkpt>
      <trkpt lat="60.04868" lon="8.81805">
        <ele>388.61133664688873</ele>
        <time>1970-01-01T00:00:00.000Z</time>
      </trkpt>
      <trkpt lat="60.04837297135125" lon="8.818231198970308">
        <ele>388.1</ele>
        <time>1970-01-01T00:00:00.000Z</time>
      </trkpt>
      <trkpt lat="60.04807" lon="8.81841">
        <ele>387.1379987790263</ele>
        <time>1970-01-01T00:00:00.000Z</time>
      </trkpt>
      <trkpt lat="60.04782" lon="8.81857">
        <ele>386.3386306643237</ele>
        <time>1970-01-01T00:00:00.000Z</time>
      </trkpt>
      <trkpt lat="60.04732894933853" lon="8.819010257876425">
        <ele>384.7</ele>
        <time>1970-01-01T00:00:00.000Z</time>
      </trkpt>
      <trkpt lat="60.04695" lon="8.81935">
        <ele>383.6214162696379</ele>
        <time>1970-01-01T00:00:00.000Z</time>
      </trkpt>
      <trkpt lat="60.0465" lon="8.81968">
        <ele>382.3764826583117</ele>
        <time>1970-01-01T00:00:00.000Z</time>
      </trkpt>
      <trkpt lat="60.04628470065659" lon="8.81978765029266">
        <ele>381.8</ele>
        <time>1970-01-01T00:00:00.000Z</time>
      </trkpt>
      <trkpt lat="60.0461" lon="8.81988">
        <ele>378.43808194413526</ele>
        <time>1970-01-01T00:00:00.000Z</time>
      </trkpt>
      <trkpt lat="60.04581" lon="8.81996">
        <ele>377.7431508127529</ele>
        <time>1970-01-01T00:00:00.000Z</time>
      </trkpt>
      <trkpt lat="60.04561" lon="8.82006">
        <ele>377.25379833309347</ele>
        <time>1970-01-01T00:00:00.000Z</time>
      </trkpt>
      <trkpt lat="60.0455" lon="8.82013">
        <ele>376.9798042022358</ele>
        <time>1970-01-01T00:00:00.000Z</time>
      </trkpt>
      <trkpt lat="60.04542" lon="8.82022">
        <ele>376.7619810007819</ele>
        <time>1970-01-01T00:00:00.000Z</time>
      </trkpt>
      <trkpt lat="60.04522957431771" lon="8.820440180703162">
        <ele>376.24</ele>
        <time>1970-01-01T00:00:00.000Z</time>
      </trkpt>
      <trkpt lat="60.0451" lon="8.82059">
        <ele>375.92234925609694</ele>
        <time>1970-01-01T00:00:00.000Z</time>
      </trkpt>
      <trkpt lat="60.04498" lon="8.82069">
        <ele>375.64640523462094</ele>
        <time>1970-01-01T00:00:00.000Z</time>
      </trkpt>
      <trkpt lat="60.04476" lon="8.8208">
        <ele>375.1649924728584</ele>
        <time>1970-01-01T00:00:00.000Z</time>
      </trkpt>
      <trkpt lat="60.04442" lon="8.82092">
        <ele>374.4320235817898</ele>
        <time>1970-01-01T00:00:00.000Z</time>
      </trkpt>
      <trkpt lat="60.04425" lon="8.82102">
        <ele>374.05585407722515</ele>
        <time>1970-01-01T00:00:00.000Z</time>
      </trkpt>
      <trkpt lat="60.044167797780574" lon="8.821080282344035">
        <ele>373.87</ele>
        <time>1970-01-01T00:00:00.000Z</time>
      </trkpt>
      <trkpt lat="60.0438" lon="8.82135">
        <ele>372.9156277237664</ele>
        <time>1970-01-01T00:00:00.000Z</time>
      </trkpt>
      <trkpt lat="60.04313792450232" lon="8.821939801053835">
        <ele>371.15</ele>
        <time>1970-01-01T00:00:00.000Z</time>
      </trkpt>
      <trkpt lat="60.04206" lon="8.8229">
        <ele>369.49076289101686</ele>
        <time>1970-01-01T00:00:00.000Z</time>
      </trkpt>
      <trkpt lat="60.04176" lon="8.82313">
        <ele>369.03897106989234</ele>
        <time>1970-01-01T00:00:00.000Z</time>
      </trkpt>
      <trkpt lat="60.04155" lon="8.82325">
        <ele>368.73183252431033</ele>
        <time>1970-01-01T00:00:00.000Z</time>
      </trkpt>
      <trkpt lat="60.04146" lon="8.82329">
        <ele>368.6021742540313</ele>
        <time>1970-01-01T00:00:00.000Z</time>
      </trkpt>
      <trkpt lat="60.04131" lon="8.8233">
        <ele>368.39109371662414</ele>
        <time>1970-01-01T00:00:00.000Z</time>
      </trkpt>
      <trkpt lat="60.04125" lon="8.82329">
        <ele>368.3064164825618</ele>
        <time>1970-01-01T00:00:00.000Z</time>
      </trkpt>
      <trkpt lat="60.04112" lon="8.82326">
        <ele>368.1223712454279</ele>
        <time>1970-01-01T00:00:00.000Z</time>
      </trkpt>
      <trkpt lat="60.041042481383656" lon="8.823221240640418">
        <ele>368.01</ele>
        <time>1970-01-01T00:00:00.000Z</time>
      </trkpt>
      <trkpt lat="60.041" lon="8.8232">
        <ele>367.8334935224651</ele>
        <time>1970-01-01T00:00:00.000Z</time>
      </trkpt>
      <trkpt lat="60.04087" lon="8.82312">
        <ele>367.28525612896453</ele>
        <time>1970-01-01T00:00:00.000Z</time>
      </trkpt>
      <trkpt lat="60.0406" lon="8.82287">
        <ele>366.08612176854217</ele>
        <time>1970-01-01T00:00:00.000Z</time>
      </trkpt>
      <trkpt lat="60.04047" lon="8.82269">
        <ele>365.4489935536544</ele>
        <time>1970-01-01T00:00:00.000Z</time>
      </trkpt>
      <trkpt lat="60.04031" lon="8.82237">
        <ele>364.53740461298594</ele>
        <time>1970-01-01T00:00:00.000Z</time>
      </trkpt>
      <trkpt lat="60.0401448976377" lon="8.821981207680958">
        <ele>363.51</ele>
        <time>1970-01-01T00:00:00.000Z</time>
      </trkpt>
      <trkpt lat="60.04" lon="8.82164">
        <ele>362.7525987866465</ele>
        <time>1970-01-01T00:00:00.000Z</time>
      </trkpt>
      <trkpt lat="60.03982" lon="8.82129">
        <ele>361.9030069774387</ele>
        <time>1970-01-01T00:00:00.000Z</time>
      </trkpt>
      <trkpt lat="60.0397" lon="8.82114">
        <ele>361.4239930016172</ele>
        <time>1970-01-01T00:00:00.000Z</time>
      </trkpt>
      <trkpt lat="60.03957" lon="8.82104">
        <ele>360.9524271298254</ele>
        <time>1970-01-01T00:00:00.000Z</time>
      </trkpt>
      <trkpt lat="60.03946" lon="8.82099">
        <ele>360.5704723358054</ele>
        <time>1970-01-01T00:00:00.000Z</time>
      </trkpt>
      <trkpt lat="60.03934" lon="8.82096">
        <ele>360.1609774106397</ele>
        <time>1970-01-01T00:00:00.000Z</time>
      </trkpt>
      <trkpt lat="60.039213060381535" lon="8.82097851222611">
        <ele>359.73</ele>
        <time>1970-01-01T00:00:00.000Z</time>
      </trkpt>
      <trkpt lat="60.03886" lon="8.82103">
        <ele>358.62961676940404</ele>
        <time>1970-01-01T00:00:00.000Z</time>
      </trkpt>
      <trkpt lat="60.03858" lon="8.82109">
        <ele>357.75427622850697</ele>
        <time>1970-01-01T00:00:00.000Z</time>
      </trkpt>
      <trkpt lat="60.0382" lon="8.8212">
        <ele>356.5607789122498</ele>
        <time>1970-01-01T00:00:00.000Z</time>
      </trkpt>
      <trkpt lat="60.03810502582734" lon="8.821237063451987">
        <ele>356.26</ele>
        <time>1970-01-01T00:00:00.000Z</time>
      </trkpt>
      <trkpt lat="60.03779" lon="8.82136">
        <ele>351.1731984507997</ele>
        <time>1970-01-01T00:00:00.000Z</time>
      </trkpt>
      <trkpt lat="60.037017300021766" lon="8.821737366132702">
        <ele>348.48</ele>
        <time>1970-01-01T00:00:00.000Z</time>
      </trkpt>
      <trkpt lat="60.03693" lon="8.82178">
        <ele>348.13225297872805</ele>
        <time>1970-01-01T00:00:00.000Z</time>
      </trkpt>
      <trkpt lat="60.03666" lon="8.82193">
        <ele>347.0479020213379</ele>
        <time>1970-01-01T00:00:00.000Z</time>
      </trkpt>
      <trkpt lat="60.03626" lon="8.82218">
        <ele>345.42627459046895</ele>
        <time>1970-01-01T00:00:00.000Z</time>
      </trkpt>
      <trkpt lat="60.03595103237163" lon="8.82239569591313">
        <ele>344.16</ele>
        <time>1970-01-01T00:00:00.000Z</time>
      </trkpt>
      <trkpt lat="60.03573" lon="8.82255">
        <ele>342.8934464258712</ele>
        <time>1970-01-01T00:00:00.000Z</time>
      </trkpt>
      <trkpt lat="60.03565" lon="8.8226">
        <ele>342.43999040939065</ele>
        <time>1970-01-01T00:00:00.000Z</time>
      </trkpt>
      <trkpt lat="60.03547" lon="8.82267">
        <ele>341.44786214071996</ele>
        <time>1970-01-01T00:00:00.000Z</time>
      </trkpt>
      <trkpt lat="60.03486069032694" lon="8.822837872934011">
        <ele>338.12</ele>
        <time>1970-01-01T00:00:00.000Z</time>
      </trkpt>
      <trkpt lat="60.03449" lon="8.82294">
        <ele>336.7691519719603</ele>
        <time>1970-01-01T00:00:00.000Z</time>
      </trkpt>
      <trkpt lat="60.03435" lon="8.82299">
        <ele>336.25575643026883</ele>
        <time>1970-01-01T00:00:00.000Z</time>
      </trkpt>
      <trkpt lat="60.03376488670355" lon="8.823255129914248">
        <ele>334.09</ele>
        <time>1970-01-01T00:00:00.000Z</time>
      </trkpt>
      <trkpt lat="60.03371" lon="8.82328">
        <ele>329.674130358559</ele>
        <time>1970-01-01T00:00:00.000Z</time>
      </trkpt>
      <trkpt lat="60.03315" lon="8.82348">
        <ele>328.9072211730372</ele>
        <time>1970-01-01T00:00:00.000Z</time>
      </trkpt>
      <trkpt lat="60.03212" lon="8.8237">
        <ele>327.51069759451997</ele>
        <time>1970-01-01T00:00:00.000Z</time>
      </trkpt>
      <trkpt lat="60.0315537005413" lon="8.823856220605732">
        <ele>326.74</ele>
        <time>1970-01-01T00:00:00.000Z</time>
      </trkpt>
      <trkpt lat="60.03154" lon="8.82386">
        <ele>326.70580614287354</ele>
        <time>1970-01-01T00:00:00.000Z</time>
      </trkpt>
      <trkpt lat="60.03116" lon="8.82395">
        <ele>325.75972638644976</ele>
        <time>1970-01-01T00:00:00.000Z</time>
      </trkpt>
      <trkpt lat="60.03104" lon="8.824">
        <ele>325.4566751330828</ele>
        <time>1970-01-01T00:00:00.000Z</time>
      </trkpt>
      <trkpt lat="60.03088" lon="8.82409">
        <ele>325.045764689563</ele>
        <time>1970-01-01T00:00:00.000Z</time>
      </trkpt>
      <trkpt lat="60.03072" lon="8.82423">
        <ele>324.61403611848834</ele>
        <time>1970-01-01T00:00:00.000Z</time>
      </trkpt>
      <trkpt lat="60.03059" lon="8.82436">
        <ele>324.2547473009755</ele>
        <time>1970-01-01T00:00:00.000Z</time>
      </trkpt>
      <trkpt lat="60.0304989969481" lon="8.824487663550975">
        <ele>323.98</ele>
        <time>1970-01-01T00:00:00.000Z</time>
      </trkpt>
      <trkpt lat="60.02958481035329" lon="8.82577008081132">
        <ele>321.46</ele>
        <time>1970-01-01T00:00:00.000Z</time>
      </trkpt>
      <trkpt lat="60.02915" lon="8.82638">
        <ele>318.6931618962003</ele>
        <time>1970-01-01T00:00:00.000Z</time>
      </trkpt>
      <trkpt lat="60.0289" lon="8.82677">
        <ele>318.46223303871284</ele>
        <time>1970-01-01T00:00:00.000Z</time>
      </trkpt>
      <trkpt lat="60.0288" lon="8.82695">
        <ele>318.36424905734896</ele>
        <time>1970-01-01T00:00:00.000Z</time>
      </trkpt>
      <trkpt lat="60.02829" lon="8.8281">
        <ele>317.80453244417726</ele>
        <time>1970-01-01T00:00:00.000Z</time>
      </trkpt>
      <trkpt lat="60.02819" lon="8.82829">
        <ele>317.70407740028463</ele>
        <time>1970-01-01T00:00:00.000Z</time>
      </trkpt>
      <trkpt lat="60.02798" lon="8.82859">
        <ele>317.5161033670282</ele>
        <time>1970-01-01T00:00:00.000Z</time>
      </trkpt>
      <trkpt lat="60.02693853179682" lon="8.82979308037236">
        <ele>316.64</ele>
        <time>1970-01-01T00:00:00.000Z</time>
      </trkpt>
      <trkpt lat="60.02682" lon="8.82993">
        <ele>316.4475257020722</ele>
        <time>1970-01-01T00:00:00.000Z</time>
      </trkpt>
      <trkpt lat="60.02597622663167" lon="8.830925527533374">
        <ele>315.07</ele>
        <time>1970-01-01T00:00:00.000Z</time>
      </trkpt>
      <trkpt lat="60.02415" lon="8.83308">
        <ele>312.47528575047664</ele>
        <time>1970-01-01T00:00:00.000Z</time>
      </trkpt>
      <trkpt lat="60.02386" lon="8.83339">
        <ele>312.29464890116645</ele>
        <time>1970-01-01T00:00:00.000Z</time>
      </trkpt>
      <trkpt lat="60.02357" lon="8.83366">
        <ele>312.11891775602174</ele>
        <time>1970-01-01T00:00:00.000Z</time>
      </trkpt>
      <trkpt lat="60.02319" lon="8.83394">
        <ele>311.8964338731314</ele>
        <time>1970-01-01T00:00:00.000Z</time>
      </trkpt>
      <trkpt lat="60.02302262073821" lon="8.83404571456996">
        <ele>311.8</ele>
        <time>1970-01-01T00:00:00.000Z</time>
      </trkpt>
      <trkpt lat="60.02262" lon="8.8343">
        <ele>310.86961592439565</ele>
        <time>1970-01-01T00:00:00.000Z</time>
      </trkpt>
      <trkpt lat="60.02195444971997" lon="8.834694405328491">
        <ele>309.34</ele>
        <time>1970-01-01T00:00:00.000Z</time>
      </trkpt>
      <trkpt lat="60.02154" lon="8.83494">
        <ele>304.7634803974031</ele>
        <time>1970-01-01T00:00:00.000Z</time>
      </trkpt>
      <trkpt lat="60.020871818927006" lon="8.83523334916801">
        <ele>302.49</ele>
        <time>1970-01-01T00:00:00.000Z</time>
      </trkpt>
      <trkpt lat="60.02072" lon="8.8353">
        <ele>301.9609065442625</ele>
        <time>1970-01-01T00:00:00.000Z</time>
      </trkpt>
      <trkpt lat="60.02038" lon="8.83547">
        <ele>300.76794111864064</ele>
        <time>1970-01-01T00:00:00.000Z</time>
      </trkpt>
      <trkpt lat="60.0202" lon="8.83557">
        <ele>300.13203358058746</ele>
        <time>1970-01-01T00:00:00.000Z</time>
      </trkpt>
      <trkpt lat="60.01980145466007" lon="8.8358573276562">
        <ele>298.69</ele>
        <time>1970-01-01T00:00:00.000Z</time>
      </trkpt>
      <trkpt lat="60.01934" lon="8.83619">
        <ele>297.7453285186674</ele>
        <time>1970-01-01T00:00:00.000Z</time>
      </trkpt>
      <trkpt lat="60.01888" lon="8.83648">
        <ele>296.81644614439875</ele>
        <time>1970-01-01T00:00:00.000Z</time>
      </trkpt>
      <trkpt lat="60.01873998704864" lon="8.836543231988912">
        <ele>296.54</ele>
        <time>1970-01-01T00:00:00.000Z</time>
      </trkpt>
      <trkpt lat="60.01857" lon="8.83662">
        <ele>296.27305873928486</ele>
        <time>1970-01-01T00:00:00.000Z</time>
      </trkpt>
      <trkpt lat="60.01818" lon="8.83674">
        <ele>295.668620987435</ele>
        <time>1970-01-01T00:00:00.000Z</time>
      </trkpt>
      <trkpt lat="60.01763735213084" lon="8.836884942640344">
        <ele>294.83</ele>
        <time>1970-01-01T00:00:00.000Z</time>
      </trkpt>
      <trkpt lat="60.016530859111306" lon="8.837180474893962">
        <ele>292.6</ele>
        <time>1970-01-01T00:00:00.000Z</time>
      </trkpt>
      <trkpt lat="60.01496" lon="8.8376">
        <ele>291.1590321677845</ele>
        <time>1970-01-01T00:00:00.000Z</time>
      </trkpt>
      <trkpt lat="60.01468" lon="8.83766">
        <ele>290.9029866546499</ele>
        <time>1970-01-01T00:00:00.000Z</time>
      </trkpt>
      <trkpt lat="60.0144" lon="8.83768">
        <ele>290.64823479132264</ele>
        <time>1970-01-01T00:00:00.000Z</time>
      </trkpt>
      <trkpt lat="60.014314055326814" lon="8.837671758569238">
        <ele>290.57</ele>
        <time>1970-01-01T00:00:00.000Z</time>
      </trkpt>
      <trkpt lat="60.01367" lon="8.83761">
        <ele>289.4147709991058</ele>
        <time>1970-01-01T00:00:00.000Z</time>
      </trkpt>
      <trkpt lat="60.01345" lon="8.83755">
        <ele>289.0169690126041</ele>
        <time>1970-01-01T00:00:00.000Z</time>
      </trkpt>
      <trkpt lat="60.01320343507255" lon="8.837473954694754">
        <ele>288.57</ele>
        <time>1970-01-01T00:00:00.000Z</time>
      </trkpt>
      <trkpt lat="60.01238" lon="8.83722">
        <ele>286.2786908537093</ele>
        <time>1970-01-01T00:00:00.000Z</time>
      </trkpt>
      <trkpt lat="60.0122" lon="8.83718">
        <ele>285.78062121181483</ele>
        <time>1970-01-01T00:00:00.000Z</time>
      </trkpt>
      <trkpt lat="60.012098154908145" lon="8.83716742626206">
        <ele>285.5</ele>
        <time>1970-01-01T00:00:00.000Z</time>
      </trkpt>
      <trkpt lat="60.01139" lon="8.83708">
        <ele>283.98731945139684</ele>
        <time>1970-01-01T00:00:00.000Z</time>
      </trkpt>
      <trkpt lat="60.01115" lon="8.83702">
        <ele>283.47165243231</ele>
        <time>1970-01-01T00:00:00.000Z</time>
      </trkpt>
      <trkpt lat="60.01099025574954" lon="8.836937845325721">
        <ele>283.12</ele>
        <time>1970-01-01T00:00:00.000Z</time>
      </trkpt>
      <trkpt lat="60.0108" lon="8.83684">
        <ele>282.65366829336887</ele>
        <time>1970-01-01T00:00:00.000Z</time>
      </trkpt>
      <trkpt lat="60.01065" lon="8.83669">
        <ele>282.25557879465384</ele>
        <time>1970-01-01T00:00:00.000Z</time>
      </trkpt>
      <trkpt lat="60.01039" lon="8.83638">
        <ele>281.537067837499</ele>
        <time>1970-01-01T00:00:00.000Z</time>
      </trkpt>
      <trkpt lat="60.01001245581846" lon="8.835891954503381">
        <ele>280.47</ele>
        <time>1970-01-01T00:00:00.000Z</time>
      </trkpt>
      <trkpt lat="60.00998" lon="8.83585">
        <ele>280.3765383206758</ele>
        <time>1970-01-01T00:00:00.000Z</time>
      </trkpt>
      <trkpt lat="60.0098" lon="8.83568">
        <ele>279.8950990973697</ele>
        <time>1970-01-01T00:00:00.000Z</time>
      </trkpt>
      <trkpt lat="60.00969" lon="8.8356">
        <ele>279.6120082368034</ele>
        <time>1970-01-01T00:00:00.000Z</time>
      </trkpt>
      <trkpt lat="60.00956" lon="8.83554">
        <ele>279.2893192685851</ele>
        <time>1970-01-01T00:00:00.000Z</time>
      </trkpt>
      <trkpt lat="60.00894132317763" lon="8.835322492012612">
        <ele>277.77</ele>
        <time>1970-01-01T00:00:00.000Z</time>
      </trkpt>
      <trkpt lat="60.00828" lon="8.83509">
        <ele>276.0858027614268</ele>
        <time>1970-01-01T00:00:00.000Z</time>
      </trkpt>
      <trkpt lat="60.008" lon="8.83502">
        <ele>275.3780234698237</ele>
        <time>1970-01-01T00:00:00.000Z</time>
      </trkpt>
      <trkpt lat="60.007837328911904" lon="8.83502">
        <ele>274.97</ele>
        <time>1970-01-01T00:00:00.000Z</time>
      </trkpt>
      <trkpt lat="60.00731" lon="8.83502">
        <ele>270.7019201507879</ele>
        <time>1970-01-01T00:00:00.000Z</time>
      </trkpt>
      <trkpt lat="60.00702" lon="8.83493">
        <ele>269.77916545468224</ele>
        <time>1970-01-01T00:00:00.000Z</time>
      </trkpt>
      <trkpt lat="60.00683" lon="8.83484">
        <ele>269.1652282454798</ele>
        <time>1970-01-01T00:00:00.000Z</time>
      </trkpt>
      <trkpt lat="60.00673430793387" lon="8.834780192336675">
        <ele>268.85</ele>
        <time>1970-01-01T00:00:00.000Z</time>
      </trkpt>
      <trkpt lat="60.00667" lon="8.83474">
        <ele>268.5898739775018</ele>
        <time>1970-01-01T00:00:00.000Z</time>
      </trkpt>
      <trkpt lat="60.0065" lon="8.83461">
        <ele>267.8871885791964</ele>
        <time>1970-01-01T00:00:00.000Z</time>
      </trkpt>
      <trkpt lat="60.00611" lon="8.83418">
        <ele>266.16784191466536</ele>
        <time>1970-01-01T00:00:00.000Z</time>
      </trkpt>
      <trkpt lat="60.006" lon="8.83408">
        <ele>265.7013363504133</ele>
        <time>1970-01-01T00:00:00.000Z</time>
      </trkpt>
      <trkpt lat="60.00584" lon="8.834">
        <ele>265.06457910946403</ele>
        <time>1970-01-01T00:00:00.000Z</time>
      </trkpt>
      <trkpt lat="60.00570491887885" lon="8.833970793062427">
        <ele>264.54</ele>
        <time>1970-01-01T00:00:00.000Z</time>
      </trkpt>
      <trkpt lat="60.00547" lon="8.83392">
        <ele>263.839376097438</ele>
        <time>1970-01-01T00:00:00.000Z</time>
      </trkpt>
      <trkpt lat="60.0053" lon="8.83385">
        <ele>263.3247339049125</ele>
        <time>1970-01-01T00:00:00.000Z</time>
      </trkpt>
      <trkpt lat="60.00516" lon="8.83376">
        <ele>262.88870391170246</ele>
        <time>1970-01-01T00:00:00.000Z</time>
      </trkpt>
      <trkpt lat="60.00466708592997" lon="8.833230897823393">
        <ele>261.23</ele>
        <time>1970-01-01T00:00:00.000Z</time>
      </trkpt>
      <trkpt lat="60.00407" lon="8.83259">
        <ele>258.2555921638769</ele>
        <time>1970-01-01T00:00:00.000Z</time>
      </trkpt>
      <trkpt lat="60.00375" lon="8.83226">
        <ele>256.67526711045394</ele>
        <time>1970-01-01T00:00:00.000Z</time>
      </trkpt>
      <trkpt lat="60.003677631663884" lon="8.832198352497105">
        <ele>256.33</ele>
        <time>1970-01-01T00:00:00.000Z</time>
      </trkpt>
      <trkpt lat="60.00348" lon="8.83203">
        <ele>251.64117237783668</ele>
        <time>1970-01-01T00:00:00.000Z</time>
      </trkpt>
      <trkpt lat="60.00315" lon="8.83179">
        <ele>250.67864160342987</ele>
        <time>1970-01-01T00:00:00.000Z</time>
      </trkpt>
      <trkpt lat="60.00261606837131" lon="8.831523033968686">
        <ele>249.17</ele>
        <time>1970-01-01T00:00:00.000Z</time>
      </trkpt>
      <trkpt lat="60.00259" lon="8.83151">
        <ele>249.07203135903003</ele>
        <time>1970-01-01T00:00:00.000Z</time>
      </trkpt>
      <trkpt lat="60.00234" lon="8.83134">
        <ele>248.10930678156217</ele>
        <time>1970-01-01T00:00:00.000Z</time>
      </trkpt>
      <trkpt lat="60.00206" lon="8.83113">
        <ele>247.01902924430752</ele>
        <time>1970-01-01T00:00:00.000Z</time>
      </trkpt>
      <trkpt lat="60.001578030493675" lon="8.830706919396752">
        <ele>245.1</ele>
        <time>1970-01-01T00:00:00.000Z</time>
      </trkpt>
      <trkpt lat="60.00055583425186" lon="8.829809663786994">
        <ele>240.95</ele>
        <time>1970-01-01T00:00:00.000Z</time>
      </trkpt>
      <trkpt lat="60.00026" lon="8.82955">
        <ele>239.7026458416121</ele>
        <time>1970-01-01T00:00:00.000Z</time>
      </trkpt>
      <trkpt lat="59.99952201152995" lon="8.828968289318588">
        <ele>236.64</ele>
        <time>1970-01-01T00:00:00.000Z</time>
      </trkpt>
      <trkpt lat="59.99941" lon="8.82888">
        <ele>230.93955263188863</ele>
        <time>1970-01-01T00:00:00.000Z</time>
      </trkpt>
      <trkpt lat="59.99924" lon="8.82877">
        <ele>230.033612569078</ele>
        <time>1970-01-01T00:00:00.000Z</time>
      </trkpt>
      <trkpt lat="59.99907" lon="8.82869">
        <ele>229.14812254133875</ele>
        <time>1970-01-01T00:00:00.000Z</time>
      </trkpt>
      <trkpt lat="59.99888" lon="8.82863">
        <ele>228.17283121398438</ele>
        <time>1970-01-01T00:00:00.000Z</time>
      </trkpt>
      <trkpt lat="59.99863" lon="8.82857">
        <ele>226.89616303434488</ele>
        <time>1970-01-01T00:00:00.000Z</time>
      </trkpt>
      <trkpt lat="59.99843192656258" lon="8.828545799508314">
        <ele>225.89</ele>
        <time>1970-01-01T00:00:00.000Z</time>
      </trkpt>
      <trkpt lat="59.99731769785347" lon="8.828409669134912">
        <ele>220.71</ele>
        <time>1970-01-01T00:00:00.000Z</time>
      </trkpt>
      <trkpt lat="59.99642" lon="8.8283">
        <ele>217.3261969029666</ele>
        <time>1970-01-01T00:00:00.000Z</time>
      </trkpt>
      <trkpt lat="59.99620314902241" lon="8.828287952671324">
        <ele>216.51</ele>
        <time>1970-01-01T00:00:00.000Z</time>
      </trkpt>
      <trkpt lat="59.99606" lon="8.82828">
        <ele>216.51384852141283</ele>
        <time>1970-01-01T00:00:00.000Z</time>
      </trkpt>
      <trkpt lat="59.99567" lon="8.82831">
        <ele>216.52433726986663</ele>
        <time>1970-01-01T00:00:00.000Z</time>
      </trkpt>
      <trkpt lat="59.99548" lon="8.8283">
        <ele>216.52944516490683</ele>
        <time>1970-01-01T00:00:00.000Z</time>
      </trkpt>
      <trkpt lat="59.9954" lon="8.82868">
        <ele>216.53498610314816</ele>
        <time>1970-01-01T00:00:00.000Z</time>
      </trkpt>
      <trkpt lat="59.99533" lon="8.82887">
        <ele>216.53815767851057</ele>
        <time>1970-01-01T00:00:00.000Z</time>
      </trkpt>
      <trkpt lat="59.995279278092326" lon="8.828962221883854">
        <ele>216.54</ele>
        <time>1970-01-01T00:00:00.000Z</time>
      </trkpt>
      <trkpt lat="59.99522" lon="8.82907">
        <ele>222.42966265276826</ele>
        <time>1970-01-01T00:00:00.000Z</time>
      </trkpt>
      <trkpt lat="59.99514" lon="8.82918">
        <ele>222.88974270453</ele>
        <time>1970-01-01T00:00:00.000Z</time>
      </trkpt>
      <trkpt lat="59.99492" lon="8.82939">
        <ele>224.04497445060338</ele>
        <time>1970-01-01T00:00:00.000Z</time>
      </trkpt>
      <trkpt lat="59.99448" lon="8.82967">
        <ele>226.2331008763311</ele>
        <time>1970-01-01T00:00:00.000Z</time>
      </trkpt>
      <trkpt lat="59.99437" lon="8.82976">
        <ele>226.79631966665664</ele>
        <time>1970-01-01T00:00:00.000Z</time>
      </trkpt>
      <trkpt lat="59.99426619480742" lon="8.829857699221881">
        <ele>227.34</ele>
        <time>1970-01-01T00:00:00.000Z</time>
      </trkpt>
      <trkpt lat="59.9942" lon="8.82992">
        <ele>227.71946446502326</ele>
        <time>1970-01-01T00:00:00.000Z</time>
      </trkpt>
      <trkpt lat="59.994" lon="8.83018">
        <ele>228.95676284770045</ele>
        <time>1970-01-01T00:00:00.000Z</time>
      </trkpt>
      <trkpt lat="59.99385" lon="8.83046">
        <ele>230.02108593754812</ele>
        <time>1970-01-01T00:00:00.000Z</time>
      </trkpt>
      <trkpt lat="59.99347" lon="8.8314">
        <ele>233.15850590650638</ele>
        <time>1970-01-01T00:00:00.000Z</time>
      </trkpt>
      <trkpt lat="59.99329" lon="8.83171">
        <ele>234.4928169232164</ele>
        <time>1970-01-01T00:00:00.000Z</time>
      </trkpt>
      <trkpt lat="59.99308" lon="8.832">
        <ele>235.92628173364048</ele>
        <time>1970-01-01T00:00:00.000Z</time>
      </trkpt>
      <trkpt lat="59.992551243712136" lon="8.832641443918863">
        <ele>239.4</ele>
        <time>1970-01-01T00:00:00.000Z</time>
      </trkpt>
      <trkpt lat="59.99247" lon="8.83274">
        <ele>239.9839610860972</ele>
        <time>1970-01-01T00:00:00.000Z</time>
      </trkpt>
      <trkpt lat="59.99227" lon="8.83295">
        <ele>241.3721673796884</ele>
        <time>1970-01-01T00:00:00.000Z</time>
      </trkpt>
      <trkpt lat="59.99165" lon="8.83339">
        <ele>245.41509799783654</ele>
        <time>1970-01-01T00:00:00.000Z</time>
      </trkpt>
      <trkpt lat="59.99152347031299" lon="8.833497550494336">
        <ele>246.26</ele>
        <time>1970-01-01T00:00:00.000Z</time>
      </trkpt>
      <trkpt lat="59.99145" lon="8.83356">
        <ele>254.73978500687411</ele>
        <time>1970-01-01T00:00:00.000Z</time>
      </trkpt>
      <trkpt lat="59.99133" lon="8.83372">
        <ele>255.48013625427143</ele>
        <time>1970-01-01T00:00:00.000Z</time>
      </trkpt>
      <trkpt lat="59.99105" lon="8.83418">
        <ele>257.34029636126263</ele>
        <time>1970-01-01T00:00:00.000Z</time>
      </trkpt>
      <trkpt lat="59.99088" lon="8.8344">
        <ele>258.37973366578996</ele>
        <time>1970-01-01T00:00:00.000Z</time>
      </trkpt>
      <trkpt lat="59.99058194930695" lon="8.83467063473075">
        <ele>260.06</ele>
        <time>1970-01-01T00:00:00.000Z</time>
      </trkpt>
      <trkpt lat="59.989565540520175" lon="8.835593509504148">
        <ele>264.43</ele>
        <time>1970-01-01T00:00:00.000Z</time>
      </trkpt>
      <trkpt lat="59.98925" lon="8.83588">
        <ele>266.0381060421203</ele>
        <time>1970-01-01T00:00:00.000Z</time>
      </trkpt>
      <trkpt lat="59.98914" lon="8.83601">
        <ele>266.6310447606574</ele>
        <time>1970-01-01T00:00:00.000Z</time>
      </trkpt>
      <trkpt lat="59.98905" lon="8.83621">
        <ele>267.2554476182292</ele>
        <time>1970-01-01T00:00:00.000Z</time>
      </trkpt>
      <trkpt lat="59.98904" lon="8.83637">
        <ele>267.6296829281235</ele>
        <time>1970-01-01T00:00:00.000Z</time>
      </trkpt>
      <trkpt lat="59.98909" lon="8.83658">
        <ele>268.16948201524565</ele>
        <time>1970-01-01T00:00:00.000Z</time>
      </trkpt>
      <trkpt lat="59.98913" lon="8.83664">
        <ele>268.40152475001264</ele>
        <time>1970-01-01T00:00:00.000Z</time>
      </trkpt>
      <trkpt lat="59.98923" lon="8.83669">
        <ele>268.87984561705485</ele>
        <time>1970-01-01T00:00:00.000Z</time>
      </trkpt>
      <trkpt lat="59.98938608712511" lon="8.836650213514709">
        <ele>269.61</ele>
        <time>1970-01-01T00:00:00.000Z</time>
      </trkpt>
      <trkpt lat="59.98974" lon="8.83656">
        <ele>271.43814357451805</ele>
        <time>1970-01-01T00:00:00.000Z</time>
      </trkpt>
      <trkpt lat="59.99008" lon="8.83651">
        <ele>273.18502432984684</ele>
        <time>1970-01-01T00:00:00.000Z</time>
      </trkpt>
      <trkpt lat="59.99047" lon="8.83653">
        <ele>275.1840583294757</ele>
        <time>1970-01-01T00:00:00.000Z</time>
      </trkpt>
      <trkpt lat="59.99049840813777" lon="8.836534091409368">
        <ele>275.33</ele>
        <time>1970-01-01T00:00:00.000Z</time>
      </trkpt>
      <trkpt lat="59.991611829224865" lon="8.83669445458068">
        <ele>289.47</ele>
        <time>1970-01-01T00:00:00.000Z</time>
      </trkpt>
      <trkpt lat="59.99272525011759" lon="8.83685482854394">
        <ele>298</ele>
        <time>1970-01-01T00:00:00.000Z</time>
      </trkpt>
      <trkpt lat="59.9929" lon="8.83688">
        <ele>299.08137616180136</ele>
        <time>1970-01-01T00:00:00.000Z</time>
      </trkpt>
      <trkpt lat="59.99366" lon="8.837">
        <ele>303.7868061178575</ele>
        <time>1970-01-01T00:00:00.000Z</time>
      </trkpt>
      <trkpt lat="59.99383826506159" lon="8.837025971344955">
        <ele>304.89</ele>
        <time>1970-01-01T00:00:00.000Z</time>
      </trkpt>
      <trkpt lat="59.99495161981012" lon="8.837188181773339">
        <ele>310.53</ele>
        <time>1970-01-01T00:00:00.000Z</time>
      </trkpt>
      <trkpt lat="59.99517" lon="8.83722">
        <ele>311.8029883136176</ele>
        <time>1970-01-01T00:00:00.000Z</time>
      </trkpt>
      <trkpt lat="59.99561" lon="8.83731">
        <ele>314.37441556735047</ele>
        <time>1970-01-01T00:00:00.000Z</time>
      </trkpt>
      <trkpt lat="59.996061292778876" lon="8.837426713191876">
        <ele>317.02</ele>
        <time>1970-01-01T00:00:00.000Z</time>
      </trkpt>
      <trkpt lat="59.99619" lon="8.83746">
        <ele>325.8238311547165</ele>
        <time>1970-01-01T00:00:00.000Z</time>
      </trkpt>
      <trkpt lat="59.99638" lon="8.83748">
        <ele>326.79704273958464</ele>
        <time>1970-01-01T00:00:00.000Z</time>
      </trkpt>
      <trkpt lat="59.99652" lon="8.83747">
        <ele>327.51361128776307</ele>
        <time>1970-01-01T00:00:00.000Z</time>
      </trkpt>
      <trkpt lat="59.99684" lon="8.83737">
        <ele>329.1703027454685</ele>
        <time>1970-01-01T00:00:00.000Z</time>
      </trkpt>
      <trkpt lat="59.99691" lon="8.83739">
        <ele>329.53199455369037</ele>
        <time>1970-01-01T00:00:00.000Z</time>
      </trkpt>
      <trkpt lat="59.99699" lon="8.8375">
        <ele>330.02859417188944</ele>
        <time>1970-01-01T00:00:00.000Z</time>
      </trkpt>
      <trkpt lat="59.99701" lon="8.83759">
        <ele>330.28050196864126</ele>
        <time>1970-01-01T00:00:00.000Z</time>
      </trkpt>
      <trkpt lat="59.99701" lon="8.83766">
        <ele>330.4595461232583</ele>
        <time>1970-01-01T00:00:00.000Z</time>
      </trkpt>
      <trkpt lat="59.99699" lon="8.83779">
        <ele>330.8074383271013</ele>
        <time>1970-01-01T00:00:00.000Z</time>
      </trkpt>
      <trkpt lat="59.996982661943136" lon="8.837809568176954">
        <ele>330.87</ele>
        <time>1970-01-01T00:00:00.000Z</time>
      </trkpt>
      <trkpt lat="59.99696" lon="8.83787">
        <ele>331.0537332669732</ele>
        <time>1970-01-01T00:00:00.000Z</time>
      </trkpt>
      <trkpt lat="59.99689" lon="8.83794">
        <ele>331.43442872214223</ele>
        <time>1970-01-01T00:00:00.000Z</time>
      </trkpt>
      <trkpt lat="59.99679" lon="8.83798">
        <ele>331.9304894391952</ele>
        <time>1970-01-01T00:00:00.000Z</time>
      </trkpt>
      <trkpt lat="59.99659" lon="8.83802">
        <ele>332.9081940970056</ele>
        <time>1970-01-01T00:00:00.000Z</time>
      </trkpt>
      <trkpt lat="59.9964" lon="8.83809">
        <ele>333.84795633465194</ele>
        <time>1970-01-01T00:00:00.000Z</time>
      </trkpt>
      <trkpt lat="59.99622" lon="8.83822">
        <ele>334.7788733677282</ele>
        <time>1970-01-01T00:00:00.000Z</time>
      </trkpt>
      <trkpt lat="59.99593397015347" lon="8.838472775375362">
        <ele>336.3</ele>
        <time>1970-01-01T00:00:00.000Z</time>
      </trkpt>
      <trkpt lat="59.99536" lon="8.83898">
        <ele>340.0663198355272</ele>
        <time>1970-01-01T00:00:00.000Z</time>
      </trkpt>
      <trkpt lat="59.99548" lon="8.8391">
        <ele>340.87158668935837</ele>
        <time>1970-01-01T00:00:00.000Z</time>
      </trkpt>
      <trkpt lat="59.99554" lon="8.83909">
        <ele>341.2329515810055</ele>
        <time>1970-01-01T00:00:00.000Z</time>
      </trkpt>
      <trkpt lat="59.99575" lon="8.83896">
        <ele>342.5523697942271</ele>
        <time>1970-01-01T00:00:00.000Z</time>
      </trkpt>
      <trkpt lat="59.99581" lon="8.83894">
        <ele>342.917454722077</ele>
        <time>1970-01-01T00:00:00.000Z</time>
      </trkpt>
      <trkpt lat="59.99582369660781" lon="8.838942490285048">
        <ele>343</ele>
        <time>1970-01-01T00:00:00.000Z</time>
      </trkpt>
      <trkpt lat="59.99592" lon="8.83896">
        <ele>343.5474734731158</ele>
        <time>1970-01-01T00:00:00.000Z</time>
      </trkpt>
      <trkpt lat="59.99623" lon="8.83919">
        <ele>345.41944740547484</ele>
        <time>1970-01-01T00:00:00.000Z</time>
      </trkpt>
      <trkpt lat="59.99636" lon="8.83924">
        <ele>346.16893520596636</ele>
        <time>1970-01-01T00:00:00.000Z</time>
      </trkpt>
      <trkpt lat="59.99691404882725" lon="8.83934592069424">
        <ele>349.32</ele>
        <time>1970-01-01T00:00:00.000Z</time>
      </trkpt>
      <trkpt lat="59.99704" lon="8.83937">
        <ele>357.8941610953275</ele>
        <time>1970-01-01T00:00:00.000Z</time>
      </trkpt>
      <trkpt lat="59.99718" lon="8.8394">
        <ele>359.13403433942597</ele>
        <time>1970-01-01T00:00:00.000Z</time>
      </trkpt>
      <trkpt lat="59.99781" lon="8.83973">
        <ele>364.8688479467164</ele>
        <time>1970-01-01T00:00:00.000Z</time>
      </trkpt>
      <trkpt lat="59.99799" lon="8.83985">
        <ele>366.539647179054</ele>
        <time>1970-01-01T00:00:00.000Z</time>
      </trkpt>
      <trkpt lat="59.99842" lon="8.84025">
        <ele>370.98304178174607</ele>
        <time>1970-01-01T00:00:00.000Z</time>
      </trkpt>
      <trkpt lat="59.99903834467845" lon="8.840651086887487">
        <ele>377.08</ele>
        <time>1970-01-01T00:00:00.000Z</time>
      </trkpt>
      <trkpt lat="59.99916" lon="8.84073">
        <ele>378.2795385602271</ele>
        <time>1970-01-01T00:00:00.000Z</time>
      </trkpt>
      <trkpt lat="59.99932" lon="8.84082">
        <ele>379.83842793942574</ele>
        <time>1970-01-01T00:00:00.000Z</time>
      </trkpt>
      <trkpt lat="59.99946" lon="8.84087">
        <ele>381.1722808355209</ele>
        <time>1970-01-01T00:00:00.000Z</time>
      </trkpt>
      <trkpt lat="59.99989" lon="8.84097">
        <ele>385.2324887519955</ele>
        <time>1970-01-01T00:00:00.000Z</time>
      </trkpt>
      <trkpt lat="60.00001" lon="8.84104">
        <ele>386.4048824840825</ele>
        <time>1970-01-01T00:00:00.000Z</time>
      </trkpt>
      <trkpt lat="60.000124388439815" lon="8.841125362973703">
        <ele>387.55</ele>
        <time>1970-01-01T00:00:00.000Z</time>
      </trkpt>
      <trkpt lat="60.00068" lon="8.84154">
        <ele>392.1080639380989</ele>
        <time>1970-01-01T00:00:00.000Z</time>
      </trkpt>
      <trkpt lat="60.0011" lon="8.84174">
        <ele>395.4264457685671</ele>
        <time>1970-01-01T00:00:00.000Z</time>
      </trkpt>
      <trkpt lat="60.001186478015775" lon="8.841800017224498">
        <ele>396.13</ele>
        <time>1970-01-01T00:00:00.000Z</time>
      </trkpt>
      <trkpt lat="60.002241094420995" lon="8.842531965847646">
        <ele>416.82</ele>
        <time>1970-01-01T00:00:00.000Z</time>
      </trkpt>
      <trkpt lat="60.00329" lon="8.84326">
        <ele>426.795725000795</ele>
        <time>1970-01-01T00:00:00.000Z</time>
      </trkpt>
      <trkpt lat="60.00425" lon="8.84396">
        <ele>435.52161162305123</ele>
        <time>1970-01-01T00:00:00.000Z</time>
      </trkpt>
      <trkpt lat="60.00434374368416" lon="8.844032729647578">
        <ele>436.38</ele>
        <time>1970-01-01T00:00:00.000Z</time>
      </trkpt>
      <trkpt lat="60.005384502190346" lon="8.844840216487006">
        <ele>444.91</ele>
        <time>1970-01-01T00:00:00.000Z</time>
      </trkpt>
      <trkpt lat="60.00541" lon="8.84486">
        <ele>445.0778203142077</ele>
        <time>1970-01-01T00:00:00.000Z</time>
      </trkpt>
      <trkpt lat="60.00562" lon="8.845">
        <ele>446.4361278591856</ele>
        <time>1970-01-01T00:00:00.000Z</time>
      </trkpt>
      <trkpt lat="60.00592" lon="8.84517">
        <ele>448.34946129120186</ele>
        <time>1970-01-01T00:00:00.000Z</time>
      </trkpt>
      <trkpt lat="60.006466178664226" lon="8.845375935813175">
        <ele>451.76</ele>
        <time>1970-01-01T00:00:00.000Z</time>
      </trkpt>
      <trkpt lat="60.00653" lon="8.8454">
        <ele>452.1468880876841</ele>
        <time>1970-01-01T00:00:00.000Z</time>
      </trkpt>
      <trkpt lat="60.00754723151133" lon="8.84593152483336">
        <ele>458.41</ele>
        <time>1970-01-01T00:00:00.000Z</time>
      </trkpt>
      <trkpt lat="60.00764" lon="8.84598">
        <ele>458.7149144831071</ele>
        <time>1970-01-01T00:00:00.000Z</time>
      </trkpt>
      <trkpt lat="60.00827" lon="8.84638">
        <ele>460.8168846891344</ele>
        <time>1970-01-01T00:00:00.000Z</time>
      </trkpt>
      <trkpt lat="60.0087" lon="8.84663">
        <ele>462.2409197357868</ele>
        <time>1970-01-01T00:00:00.000Z</time>
      </trkpt>
      <trkpt lat="60.00893" lon="8.84676">
        <ele>463.0009828250477</ele>
        <time>1970-01-01T00:00:00.000Z</time>
      </trkpt>
      <trkpt lat="60.00921" lon="8.84688">
        <ele>463.91162297350024</ele>
        <time>1970-01-01T00:00:00.000Z</time>
      </trkpt>
      <trkpt lat="60.0094" lon="8.84694">
        <ele>464.5233293188994</ele>
        <time>1970-01-01T00:00:00.000Z</time>
      </trkpt>
      <trkpt lat="60.009710006456814" lon="8.84696513561302">
        <ele>465.51</ele>
        <time>1970-01-01T00:00:00.000Z</time>
      </trkpt>
      <trkpt lat="60.00977" lon="8.84697">
        <ele>474.762327060972</ele>
        <time>1970-01-01T00:00:00.000Z</time>
      </trkpt>
      <trkpt lat="60.01007" lon="8.84705">
        <ele>476.7903076873304</ele>
        <time>1970-01-01T00:00:00.000Z</time>
      </trkpt>
      <trkpt lat="60.0106" lon="8.84725">
        <ele>480.40428595263904</ele>
        <time>1970-01-01T00:00:00.000Z</time>
      </trkpt>
      <trkpt lat="60.01081" lon="8.84735">
        <ele>481.8523016869815</ele>
        <time>1970-01-01T00:00:00.000Z</time>
      </trkpt>
      <trkpt lat="60.0112" lon="8.84756">
        <ele>484.9529182449897</ele>
        <time>1970-01-01T00:00:00.000Z</time>
      </trkpt>
      <trkpt lat="60.01149" lon="8.84776">
        <ele>487.3078403603616</ele>
        <time>1970-01-01T00:00:00.000Z</time>
      </trkpt>
      <trkpt lat="60.01172" lon="8.84789">
        <ele>489.1426854445728</ele>
        <time>1970-01-01T00:00:00.000Z</time>
      </trkpt>
      <trkpt lat="60.01187997278898" lon="8.847971494630142">
        <ele>490.41</ele>
        <time>1970-01-01T00:00:00.000Z</time>
      </trkpt>
      <trkpt lat="60.01225" lon="8.84816">
        <ele>492.65727769917834</ele>
        <time>1970-01-01T00:00:00.000Z</time>
      </trkpt>
      <trkpt lat="60.01254" lon="8.84837">
        <ele>494.47241962129624</ele>
        <time>1970-01-01T00:00:00.000Z</time>
      </trkpt>
      <trkpt lat="60.01262" lon="8.84838">
        <ele>494.9441762755802</ele>
        <time>1970-01-01T00:00:00.000Z</time>
      </trkpt>
      <trkpt lat="60.01278" lon="8.84836">
        <ele>495.8876895708746</ele>
        <time>1970-01-01T00:00:00.000Z</time>
      </trkpt>
      <trkpt lat="60.01289" lon="8.84838">
        <ele>496.5377603512218</ele>
        <time>1970-01-01T00:00:00.000Z</time>
      </trkpt>
      <trkpt lat="60.01296363817999" lon="8.8484099149876">
        <ele>496.98</ele>
        <time>1970-01-01T00:00:00.000Z</time>
      </trkpt>
      <trkpt lat="60.01353" lon="8.84864">
        <ele>500.82655739150897</ele>
        <time>1970-01-01T00:00:00.000Z</time>
      </trkpt>
      <trkpt lat="60.014055298406106" lon="8.848876086501233">
        <ele>504.41</ele>
        <time>1970-01-01T00:00:00.000Z</time>
      </trkpt>
      <trkpt lat="60.01442" lon="8.84904">
        <ele>512.7802475032518</ele>
        <time>1970-01-01T00:00:00.000Z</time>
      </trkpt>
      <trkpt lat="60.01481" lon="8.84925">
        <ele>515.2332259445745</ele>
        <time>1970-01-01T00:00:00.000Z</time>
      </trkpt>
      <trkpt lat="60.01499" lon="8.84936">
        <ele>516.3763270976103</ele>
        <time>1970-01-01T00:00:00.000Z</time>
      </trkpt>
      <trkpt lat="60.01512957809747" lon="8.849472268163222">
        <ele>517.29</ele>
        <time>1970-01-01T00:00:00.000Z</time>
      </trkpt>
      <trkpt lat="60.01545" lon="8.84973">
        <ele>518.7439997018549</ele>
        <time>1970-01-01T00:00:00.000Z</time>
      </trkpt>
      <trkpt lat="60.01564" lon="8.84982">
        <ele>519.5660694891787</ele>
        <time>1970-01-01T00:00:00.000Z</time>
      </trkpt>
      <trkpt lat="60.01579" lon="8.84986">
        <ele>520.2032004908815</ele>
        <time>1970-01-01T00:00:00.000Z</time>
      </trkpt>
      <trkpt lat="60.01595" lon="8.84986">
        <ele>520.8768509069303</ele>
        <time>1970-01-01T00:00:00.000Z</time>
      </trkpt>
      <trkpt lat="60.0162" lon="8.84983">
        <ele>521.9313207839416</ele>
        <time>1970-01-01T00:00:00.000Z</time>
      </trkpt>
      <trkpt lat="60.016213790649005" lon="8.849825968965618">
        <ele>521.99</ele>
        <time>1970-01-01T00:00:00.000Z</time>
      </trkpt>
      <trkpt lat="60.01685" lon="8.84964">
        <ele>523.4644900436855</ele>
        <time>1970-01-01T00:00:00.000Z</time>
      </trkpt>
      <trkpt lat="60.01702" lon="8.84956">
        <ele>523.8649830762223</ele>
        <time>1970-01-01T00:00:00.000Z</time>
      </trkpt>
      <trkpt lat="60.01718" lon="8.84954">
        <ele>524.2326227697116</ele>
        <time>1970-01-01T00:00:00.000Z</time>
      </trkpt>
      <trkpt lat="60.01731641535262" lon="8.849493331938804">
        <ele>524.55</ele>
        <time>1970-01-01T00:00:00.000Z</time>
      </trkpt>
      <trkpt lat="60.01756" lon="8.84941">
        <ele>524.1227521906148</ele>
        <time>1970-01-01T00:00:00.000Z</time>
      </trkpt>
      <trkpt lat="60.01815" lon="8.84911">
        <ele>523.0702753973554</ele>
        <time>1970-01-01T00:00:00.000Z</time>
      </trkpt>
      <trkpt lat="60.01840667129945" lon="8.849021684819336">
        <ele>522.62</ele>
        <time>1970-01-01T00:00:00.000Z</time>
      </trkpt>
      <trkpt lat="60.01908" lon="8.84879">
        <ele>519.798553416863</ele>
        <time>1970-01-01T00:00:00.000Z</time>
      </trkpt>
      <trkpt lat="60.01926" lon="8.84869">
        <ele>519.0270952962987</ele>
        <time>1970-01-01T00:00:00.000Z</time>
      </trkpt>
      <trkpt lat="60.019483521745286" lon="8.848483035743206">
        <ele>518.01</ele>
        <time>1970-01-01T00:00:00.000Z</time>
      </trkpt>
      <trkpt lat="60.01953" lon="8.84844">
        <ele>517.8333751274045</ele>
        <time>1970-01-01T00:00:00.000Z</time>
      </trkpt>
      <trkpt lat="60.01974" lon="8.84833">
        <ele>517.0847117171062</ele>
        <time>1970-01-01T00:00:00.000Z</time>
      </trkpt>
      <trkpt lat="60.02003" lon="8.84825">
        <ele>516.0750799445123</ele>
        <time>1970-01-01T00:00:00.000Z</time>
      </trkpt>
      <trkpt lat="60.02026" lon="8.84821">
        <ele>515.278848927627</ele>
        <time>1970-01-01T00:00:00.000Z</time>
      </trkpt>
      <trkpt lat="60.02038" lon="8.84817">
        <ele>514.8592821230898</ele>
        <time>1970-01-01T00:00:00.000Z</time>
      </trkpt>
      <trkpt lat="60.02058" lon="8.84805">
        <ele>514.1342498332143</ele>
        <time>1970-01-01T00:00:00.000Z</time>
      </trkpt>
      <trkpt lat="60.02073" lon="8.84793">
        <ele>513.4454285627507</ele>
        <time>1970-01-01T00:00:00.000Z</time>
      </trkpt>
      <trkpt lat="60.02155915259735" lon="8.84700726663044">
        <ele>509.4</ele>
        <time>1970-01-01T00:00:00.000Z</time>
      </trkpt>
      <trkpt lat="60.02253475579494" lon="8.84592148533045">
        <ele>503.57</ele>
        <time>1970-01-01T00:00:00.000Z</time>
      </trkpt>
      <trkpt lat="60.02259" lon="8.84586">
        <ele>503.3400985864148</ele>
        <time>1970-01-01T00:00:00.000Z</time>
      </trkpt>
      <trkpt lat="60.02285" lon="8.84555">
        <ele>502.2393920137381</ele>
        <time>1970-01-01T00:00:00.000Z</time>
      </trkpt>
      <trkpt lat="60.02352046241113" lon="8.844875260211074">
        <ele>499.51</ele>
        <time>1970-01-01T00:00:00.000Z</time>
      </trkpt>
      <trkpt lat="60.02441" lon="8.84398">
        <ele>495.9514304722409</ele>
        <time>1970-01-01T00:00:00.000Z</time>
      </trkpt>
      <trkpt lat="60.02465" lon="8.84372">
        <ele>495.6201764776976</ele>
        <time>1970-01-01T00:00:00.000Z</time>
      </trkpt>
      <trkpt lat="60.02483" lon="8.84346">
        <ele>495.3507327035314</ele>
        <time>1970-01-01T00:00:00.000Z</time>
      </trkpt>
      <trkpt lat="60.02516" lon="8.84289">
        <ele>494.821635522457</ele>
        <time>1970-01-01T00:00:00.000Z</time>
      </trkpt>
      <trkpt lat="60.025401180393864" lon="8.842512503517122">
        <ele>494.45</ele>
        <time>1970-01-01T00:00:00.000Z</time>
      </trkpt>
      <trkpt lat="60.02562" lon="8.84217">
        <ele>493.67610080792446</ele>
        <time>1970-01-01T00:00:00.000Z</time>
      </trkpt>
      <trkpt lat="60.02614" lon="8.84143">
        <ele>491.89855773555206</ele>
        <time>1970-01-01T00:00:00.000Z</time>
      </trkpt>
      <trkpt lat="60.0263161875913" lon="8.84123849669492">
        <ele>491.34</ele>
        <time>1970-01-01T00:00:00.000Z</time>
      </trkpt>
      <trkpt lat="60.02706" lon="8.84043">
        <ele>491.211101908545</ele>
        <time>1970-01-01T00:00:00.000Z</time>
      </trkpt>
      <trkpt lat="60.02724" lon="8.84026">
        <ele>491.1807919517923</ele>
        <time>1970-01-01T00:00:00.000Z</time>
      </trkpt>
      <trkpt lat="60.027307534715156" lon="8.840217024172594">
        <ele>491.17</ele>
        <time>1970-01-01T00:00:00.000Z</time>
      </trkpt>
      <trkpt lat="60.0279" lon="8.83984">
        <ele>493.4766686534081</ele>
        <time>1970-01-01T00:00:00.000Z</time>
      </trkpt>
      <trkpt lat="60.028364887578135" lon="8.839501900871559">
        <ele>493.84</ele>
        <time>1970-01-01T00:00:00.000Z</time>
      </trkpt>
      <trkpt lat="60.02845" lon="8.83944">
        <ele>493.8424336367469</ele>
        <time>1970-01-01T00:00:00.000Z</time>
      </trkpt>
      <trkpt lat="60.02869" lon="8.83914">
        <ele>493.8500377556238</ele>
        <time>1970-01-01T00:00:00.000Z</time>
      </trkpt>
      <trkpt lat="60.02908" lon="8.83846">
        <ele>493.8639372310297</ele>
        <time>1970-01-01T00:00:00.000Z</time>
      </trkpt>
      <trkpt lat="60.02924" lon="8.83824">
        <ele>493.8691538101734</ele>
        <time>1970-01-01T00:00:00.000Z</time>
      </trkpt>
      <trkpt lat="60.02926794984151" lon="8.838210975655013">
        <ele>493.87</ele>
        <time>1970-01-01T00:00:00.000Z</time>
      </trkpt>
      <trkpt lat="60.02976" lon="8.8377">
        <ele>493.5993712113257</ele>
        <time>1970-01-01T00:00:00.000Z</time>
      </trkpt>
      <trkpt lat="60.03086" lon="8.83662">
        <ele>493.00121707779874</ele>
        <time>1970-01-01T00:00:00.000Z</time>
      </trkpt>
      <trkpt lat="60.031" lon="8.83646">
        <ele>492.92251250422817</ele>
        <time>1970-01-01T00:00:00.000Z</time>
      </trkpt>
      <trkpt lat="60.03123608714284" lon="8.836116336127997">
        <ele>492.78</ele>
        <time>1970-01-01T00:00:00.000Z</time>
      </trkpt>
      <trkpt lat="60.03179" lon="8.83531">
        <ele>490.66266720875353</ele>
        <time>1970-01-01T00:00:00.000Z</time>
      </trkpt>
      <trkpt lat="60.03195" lon="8.83514">
        <ele>490.43062709944564</ele>
        <time>1970-01-01T00:00:00.000Z</time>
      </trkpt>
      <trkpt lat="60.03218016174309" lon="8.834943118554614">
        <ele>490.11</ele>
        <time>1970-01-01T00:00:00.000Z</time>
      </trkpt>
      <trkpt lat="60.03278" lon="8.83443">
        <ele>489.5315026118713</ele>
        <time>1970-01-01T00:00:00.000Z</time>
      </trkpt>
      <trkpt lat="60.03320684595242" lon="8.8340657620073">
        <ele>489.12</ele>
        <time>1970-01-01T00:00:00.000Z</time>
      </trkpt>
      <trkpt lat="60.03353" lon="8.83379">
        <ele>489.2789161765763</ele>
        <time>1970-01-01T00:00:00.000Z</time>
      </trkpt>
      <trkpt lat="60.03411" lon="8.83351">
        <ele>489.5488197783794</ele>
        <time>1970-01-01T00:00:00.000Z</time>
      </trkpt>
      <trkpt lat="60.03468" lon="8.83329">
        <ele>489.81142711917556</ele>
        <time>1970-01-01T00:00:00.000Z</time>
      </trkpt>
      <trkpt lat="60.03531" lon="8.83313">
        <ele>490.0987134366663</ele>
        <time>1970-01-01T00:00:00.000Z</time>
      </trkpt>
      <trkpt lat="60.035378220150655" lon="8.833107259964985">
        <ele>490.13</ele>
        <time>1970-01-01T00:00:00.000Z</time>
      </trkpt>
      <trkpt lat="60.0354" lon="8.8331">
        <ele>493.8186683337262</ele>
        <time>1970-01-01T00:00:00.000Z</time>
      </trkpt>
      <trkpt lat="60.0355" lon="8.83303">
        <ele>494.00419481141506</ele>
        <time>1970-01-01T00:00:00.000Z</time>
      </trkpt>
      <trkpt lat="60.0358" lon="8.83276">
        <ele>494.5802293145495</ele>
        <time>1970-01-01T00:00:00.000Z</time>
      </trkpt>
      <trkpt lat="60.03588" lon="8.83271">
        <ele>494.72700185671806</ele>
        <time>1970-01-01T00:00:00.000Z</time>
      </trkpt>
      <trkpt lat="60.03602" lon="8.83265">
        <ele>494.977739603947</ele>
        <time>1970-01-01T00:00:00.000Z</time>
      </trkpt>
      <trkpt lat="60.03629" lon="8.83261">
        <ele>495.45188648866787</ele>
        <time>1970-01-01T00:00:00.000Z</time>
      </trkpt>
      <trkpt lat="60.03741" lon="8.83251">
        <ele>497.41530510596516</ele>
        <time>1970-01-01T00:00:00.000Z</time>
      </trkpt>
      <trkpt lat="60.037566208227595" lon="8.83248159865413">
        <ele>497.69</ele>
        <time>1970-01-01T00:00:00.000Z</time>
      </trkpt>
      <trkpt lat="60.03774" lon="8.83245">
        <ele>498.5685479431435</ele>
        <time>1970-01-01T00:00:00.000Z</time>
      </trkpt>
      <trkpt lat="60.03812" lon="8.83233">
        <ele>500.50529010262943</ele>
        <time>1970-01-01T00:00:00.000Z</time>
      </trkpt>
      <trkpt lat="60.03836" lon="8.83222">
        <ele>501.74481110835296</ele>
        <time>1970-01-01T00:00:00.000Z</time>
      </trkpt>
      <trkpt lat="60.03856" lon="8.8321">
        <ele>502.79593673071474</ele>
        <time>1970-01-01T00:00:00.000Z</time>
      </trkpt>
      <trkpt lat="60.03865499208966" lon="8.832025006477505">
        <ele>503.31</ele>
        <time>1970-01-01T00:00:00.000Z</time>
      </trkpt>
      <trkpt lat="60.03875" lon="8.83195">
        <ele>503.7802360234422</ele>
        <time>1970-01-01T00:00:00.000Z</time>
      </trkpt>
      <trkpt lat="60.03904" lon="8.83167">
        <ele>505.2626610584623</ele>
        <time>1970-01-01T00:00:00.000Z</time>
      </trkpt>
      <trkpt lat="60.03925" lon="8.83149">
        <ele>506.3144664249785</ele>
        <time>1970-01-01T00:00:00.000Z</time>
      </trkpt>
      <trkpt lat="60.03934" lon="8.83144">
        <ele>506.7445230427078</ele>
        <time>1970-01-01T00:00:00.000Z</time>
      </trkpt>
      <trkpt lat="60.03963" lon="8.83133">
        <ele>508.1035662499169</ele>
        <time>1970-01-01T00:00:00.000Z</time>
      </trkpt>
      <trkpt lat="60.03969" lon="8.8313">
        <ele>508.3883170559242</ele>
        <time>1970-01-01T00:00:00.000Z</time>
      </trkpt>
      <trkpt lat="60.039698374739984" lon="8.83132093683683">
        <ele>508.45</ele>
        <time>1970-01-01T00:00:00.000Z</time>
      </trkpt>
      <trkpt lat="60.03971" lon="8.83135">
        <ele>515.1016113410654</ele>
        <time>1970-01-01T00:00:00.000Z</time>
      </trkpt>
      <trkpt lat="60.03973" lon="8.83137">
        <ele>515.2357865464766</ele>
        <time>1970-01-01T00:00:00.000Z</time>
      </trkpt>
      <trkpt lat="60.04008" lon="8.83134">
        <ele>517.338388699262</ele>
        <time>1970-01-01T00:00:00.000Z</time>
      </trkpt>
      <trkpt lat="60.0402" lon="8.83134">
        <ele>518.058621324931</ele>
        <time>1970-01-01T00:00:00.000Z</time>
      </trkpt>
      <trkpt lat="60.04036" lon="8.83146">
        <ele>519.0840791166439</ele>
        <time>1970-01-01T00:00:00.000Z</time>
      </trkpt>
      <trkpt lat="60.04052" lon="8.8316">
        <ele>520.1320668179073</ele>
        <time>1970-01-01T00:00:00.000Z</time>
      </trkpt>
      <trkpt lat="60.04068" lon="8.8317">
        <ele>521.1380652328112</ele>
        <time>1970-01-01T00:00:00.000Z</time>
      </trkpt>
      <trkpt lat="60.04077133108755" lon="8.831721489616116">
        <ele>521.69</ele>
        <time>1970-01-01T00:00:00.000Z</time>
      </trkpt>
      <trkpt lat="60.04085" lon="8.83174">
        <ele>522.366933265363</ele>
        <time>1970-01-01T00:00:00.000Z</time>
      </trkpt>
      <trkpt lat="60.041" lon="8.83175">
        <ele>523.649550053845</ele>
        <time>1970-01-01T00:00:00.000Z</time>
      </trkpt>
      <trkpt lat="60.04117" lon="8.83173">
        <ele>525.1048826484819</ele>
        <time>1970-01-01T00:00:00.000Z</time>
      </trkpt>
      <trkpt lat="60.04129" lon="8.83174">
        <ele>526.1312955201196</ele>
        <time>1970-01-01T00:00:00.000Z</time>
      </trkpt>
      <trkpt lat="60.04151" lon="8.83187">
        <ele>528.0915729857059</ele>
        <time>1970-01-01T00:00:00.000Z</time>
      </trkpt>
      <trkpt lat="60.0416" lon="8.8319">
        <ele>528.8712998515063</ele>
        <time>1970-01-01T00:00:00.000Z</time>
      </trkpt>
      <trkpt lat="60.04169" lon="8.83191">
        <ele>529.6416268506737</ele>
        <time>1970-01-01T00:00:00.000Z</time>
      </trkpt>
      <trkpt lat="60.04186811965856" lon="8.831803704269893">
        <ele>531.23</ele>
        <time>1970-01-01T00:00:00.000Z</time>
      </trkpt>
      <trkpt lat="60.04231" lon="8.83154">
        <ele>535.7487121124967</ele>
        <time>1970-01-01T00:00:00.000Z</time>
      </trkpt>
      <trkpt lat="60.04239" lon="8.83152">
        <ele>536.5388123488061</ele>
        <time>1970-01-01T00:00:00.000Z</time>
      </trkpt>
      <trkpt lat="60.04296460041598" lon="8.83152">
        <ele>542.17</ele>
        <time>1970-01-01T00:00:00.000Z</time>
      </trkpt>
      <trkpt lat="60.04324" lon="8.83152">
        <ele>544.4816368693049</ele>
        <time>1970-01-01T00:00:00.000Z</time>
      </trkpt>
      <trkpt lat="60.04334" lon="8.83154">
        <ele>545.3251879667955</ele>
        <time>1970-01-01T00:00:00.000Z</time>
      </trkpt>
      <trkpt lat="60.04343" lon="8.83154">
        <ele>546.0806259932265</ele>
        <time>1970-01-01T00:00:00.000Z</time>
      </trkpt>
      <trkpt lat="60.04354" lon="8.83152">
        <ele>547.0077366442637</ele>
        <time>1970-01-01T00:00:00.000Z</time>
      </trkpt>
      <trkpt lat="60.04394" lon="8.83133">
        <ele>550.4583885795691</ele>
        <time>1970-01-01T00:00:00.000Z</time>
      </trkpt>
      <trkpt lat="60.04406" lon="8.8313">
        <ele>551.4734571634302</ele>
        <time>1970-01-01T00:00:00.000Z</time>
      </trkpt>
      <trkpt lat="60.04433" lon="8.83126">
        <ele>561.7848208642126</ele>
        <time>1970-01-01T00:00:00.000Z</time>
      </trkpt>
      <trkpt lat="60.04458" lon="8.83126">
        <ele>563.9392480592479</ele>
        <time>1970-01-01T00:00:00.000Z</time>
      </trkpt>
      <trkpt lat="60.045183051234034" lon="8.831213611509542">
        <ele>569.14</ele>
        <time>1970-01-01T00:00:00.000Z</time>
      </trkpt>
      <trkpt lat="60.04523" lon="8.83121">
        <ele>569.6467427357082</ele>
        <time>1970-01-01T00:00:00.000Z</time>
      </trkpt>
      <trkpt lat="60.04556" lon="8.83114">
        <ele>573.2258899588288</ele>
        <time>1970-01-01T00:00:00.000Z</time>
      </trkpt>
      <trkpt lat="60.04565" lon="8.83112">
        <ele>574.2025487339071</ele>
        <time>1970-01-01T00:00:00.000Z</time>
      </trkpt>
      <trkpt lat="60.04591" lon="8.83099">
        <ele>577.0928672466957</ele>
        <time>1970-01-01T00:00:00.000Z</time>
      </trkpt>
      <trkpt lat="60.04607" lon="8.83089">
        <ele>578.9006352236444</ele>
        <time>1970-01-01T00:00:00.000Z</time>
      </trkpt>
      <trkpt lat="60.04626716863387" lon="8.830737644713917">
        <ele>581.18</ele>
        <time>1970-01-01T00:00:00.000Z</time>
      </trkpt>
      <trkpt lat="60.04673" lon="8.83038">
        <ele>585.1973658042608</ele>
        <time>1970-01-01T00:00:00.000Z</time>
      </trkpt>
      <trkpt lat="60.04689" lon="8.83033">
        <ele>586.5087449737957</ele>
        <time>1970-01-01T00:00:00.000Z</time>
      </trkpt>
      <trkpt lat="60.04704" lon="8.83032">
        <ele>587.7241384141305</ele>
        <time>1970-01-01T00:00:00.000Z</time>
      </trkpt>
      <trkpt lat="60.04734807654804" lon="8.830337604351811">
        <ele>590.22</ele>
        <time>1970-01-01T00:00:00.000Z</time>
      </trkpt>
      <trkpt lat="60.04739" lon="8.83034">
        <ele>590.6310245720904</ele>
        <time>1970-01-01T00:00:00.000Z</time>
      </trkpt>
      <trkpt lat="60.04766" lon="8.83026">
        <ele>593.3058707123969</ele>
        <time>1970-01-01T00:00:00.000Z</time>
      </trkpt>
      <trkpt lat="60.04806" lon="8.83006">
        <ele>597.3462448073766</ele>
        <time>1970-01-01T00:00:00.000Z</time>
      </trkpt>
      <trkpt lat="60.04837" lon="8.82987">
        <ele>600.5233584141022</ele>
        <time>1970-01-01T00:00:00.000Z</time>
      </trkpt>
      <trkpt lat="60.0484309828433" lon="8.829825160078535">
        <ele>601.16</ele>
        <time>1970-01-01T00:00:00.000Z</time>
      </trkpt>
      <trkpt lat="60.04871" lon="8.82962">
        <ele>613.0953461073068</ele>
        <time>1970-01-01T00:00:00.000Z</time>
      </trkpt>
      <trkpt lat="60.04902" lon="8.8293">
        <ele>615.1197730675389</ele>
        <time>1970-01-01T00:00:00.000Z</time>
      </trkpt>
      <trkpt lat="60.0492" lon="8.82916">
        <ele>616.2406591835419</ele>
        <time>1970-01-01T00:00:00.000Z</time>
      </trkpt>
      <trkpt lat="60.04948" lon="8.82909">
        <ele>617.8882192756204</ele>
        <time>1970-01-01T00:00:00.000Z</time>
      </trkpt>
      <trkpt lat="60.05021" lon="8.82899">
        <ele>623.5580354498742</ele>
        <time>1970-01-01T00:00:00.000Z</time>
      </trkpt>
      <trkpt lat="60.05058380036831" lon="8.828856808798978">
        <ele>626.5</ele>
        <time>1970-01-01T00:00:00.000Z</time>
      </trkpt>
      <trkpt lat="60.05108" lon="8.82868">
        <ele>629.678417041875</ele>
        <time>1970-01-01T00:00:00.000Z</time>
      </trkpt>
      <trkpt lat="60.05138" lon="8.82855">
        <ele>631.6141361143129</ele>
        <time>1970-01-01T00:00:00.000Z</time>
      </trkpt>
      <trkpt lat="60.05167628651166" lon="8.828401858982565">
        <ele>633.54</ele>
        <time>1970-01-01T00:00:00.000Z</time>
      </trkpt>
      <trkpt lat="60.05216" lon="8.82816">
        <ele>637.9212554362352</ele>
        <time>1970-01-01T00:00:00.000Z</time>
      </trkpt>
      <trkpt lat="60.052756793449994" lon="8.827840405412731">
        <ele>643.35</ele>
        <time>1970-01-01T00:00:00.000Z</time>
      </trkpt>
      <trkpt lat="60.053835225683855" lon="8.82726285346089">
        <ele>660.68</ele>
        <time>1970-01-01T00:00:00.000Z</time>
      </trkpt>
      <trkpt lat="60.05427" lon="8.82703">
        <ele>665.4896356233701</ele>
        <time>1970-01-01T00:00:00.000Z</time>
      </trkpt>
      <trkpt lat="60.054922670556856" lon="8.826761779864832">
        <ele>672.61</ele>
        <time>1970-01-01T00:00:00.000Z</time>
      </trkpt>
      <trkpt lat="60.055" lon="8.82673">
        <ele>673.4133247915316</ele>
        <time>1970-01-01T00:00:00.000Z</time>
      </trkpt>
      <trkpt lat="60.05519" lon="8.82664">
        <ele>675.4001588585331</ele>
        <time>1970-01-01T00:00:00.000Z</time>
      </trkpt>
      <trkpt lat="60.05549" lon="8.82645">
        <ele>678.6020112704516</ele>
        <time>1970-01-01T00:00:00.000Z</time>
      </trkpt>
      <trkpt lat="60.0557" lon="8.82628">
        <ele>680.9069364858567</ele>
        <time>1970-01-01T00:00:00.000Z</time>
      </trkpt>
      <trkpt lat="60.055968778494766" lon="8.826008567202475">
        <ele>683.97</ele>
        <time>1970-01-01T00:00:00.000Z</time>
      </trkpt>
      <trkpt lat="60.05671" lon="8.82526">
        <ele>691.2571704635207</ele>
        <time>1970-01-01T00:00:00.000Z</time>
      </trkpt>
      <trkpt lat="60.056969871980655" lon="8.825019619547293">
        <ele>693.77</ele>
        <time>1970-01-01T00:00:00.000Z</time>
      </trkpt>
      <trkpt lat="60.05711" lon="8.82489">
        <ele>695.1457075518315</ele>
        <time>1970-01-01T00:00:00.000Z</time>
      </trkpt>
      <trkpt lat="60.0577" lon="8.82438">
        <ele>700.8731663502717</ele>
        <time>1970-01-01T00:00:00.000Z</time>
      </trkpt>
      <trkpt lat="60.0579857727805" lon="8.824094233005926">
        <ele>703.72</ele>
        <time>1970-01-01T00:00:00.000Z</time>
      </trkpt>
      <trkpt lat="60.05858" lon="8.8235">
        <ele>710.6560159814273</ele>
        <time>1970-01-01T00:00:00.000Z</time>
      </trkpt>
      <trkpt lat="60.05886" lon="8.82314">
        <ele>711.1850207232941</ele>
        <time>1970-01-01T00:00:00.000Z</time>
      </trkpt>
      <trkpt lat="60.05926" lon="8.82258">
        <ele>711.9609340935724</ele>
        <time>1970-01-01T00:00:00.000Z</time>
      </trkpt>
      <trkpt lat="60.05946" lon="8.82234">
        <ele>712.331621885881</ele>
        <time>1970-01-01T00:00:00.000Z</time>
      </trkpt>
      <trkpt lat="60.059933028399804" lon="8.821933598505167">
        <ele>713.15</ele>
        <time>1970-01-01T00:00:00.000Z</time>
      </trkpt>
      <trkpt lat="60.06017" lon="8.82173">
        <ele>714.1316451464091</ele>
        <time>1970-01-01T00:00:00.000Z</time>
      </trkpt>
      <trkpt lat="60.06044" lon="8.82145">
        <ele>715.2891126714364</ele>
        <time>1970-01-01T00:00:00.000Z</time>
      </trkpt>
      <trkpt lat="60.060908013153814" lon="8.820854351059802">
        <ele>717.4</ele>
        <time>1970-01-01T00:00:00.000Z</time>
      </trkpt>
      <trkpt lat="60.0611" lon="8.82061">
        <ele>718.536908436313</ele>
        <time>1970-01-01T00:00:00.000Z</time>
      </trkpt>
      <trkpt lat="60.06146" lon="8.82006">
        <ele>720.7998304483929</ele>
        <time>1970-01-01T00:00:00.000Z</time>
      </trkpt>
      <trkpt lat="60.06164" lon="8.81985">
        <ele>721.840986257222</ele>
        <time>1970-01-01T00:00:00.000Z</time>
      </trkpt>
      <trkpt lat="60.06172" lon="8.81978">
        <ele>722.2773421156164</ele>
        <time>1970-01-01T00:00:00.000Z</time>
      </trkpt>
      <trkpt lat="60.06183" lon="8.81972">
        <ele>722.847199914954</ele>
        <time>1970-01-01T00:00:00.000Z</time>
      </trkpt>
      <trkpt lat="60.0618563817078" lon="8.819713718676201">
        <ele>722.98</ele>
        <time>1970-01-01T00:00:00.000Z</time>
      </trkpt>
      <trkpt lat="60.06204" lon="8.81967">
        <ele>733.2990840402393</ele>
        <time>1970-01-01T00:00:00.000Z</time>
      </trkpt>
      <trkpt lat="60.06216" lon="8.81969">
        <ele>734.4511209042583</ele>
        <time>1970-01-01T00:00:00.000Z</time>
      </trkpt>
      <trkpt lat="60.06226" lon="8.81972">
        <ele>735.4185111212089</ele>
        <time>1970-01-01T00:00:00.000Z</time>
      </trkpt>
      <trkpt lat="60.06238" lon="8.81982">
        <ele>736.6619096705839</ele>
        <time>1970-01-01T00:00:00.000Z</time>
      </trkpt>
      <trkpt lat="60.06248" lon="8.82">
        <ele>737.9479672382638</ele>
        <time>1970-01-01T00:00:00.000Z</time>
      </trkpt>
      <trkpt lat="60.06264" lon="8.82036">
        <ele>740.2496368435976</ele>
        <time>1970-01-01T00:00:00.000Z</time>
      </trkpt>
      <trkpt lat="60.0627" lon="8.82045">
        <ele>740.9666927931099</ele>
        <time>1970-01-01T00:00:00.000Z</time>
      </trkpt>
      <trkpt lat="60.06276" lon="8.8205">
        <ele>741.5883909287307</ele>
        <time>1970-01-01T00:00:00.000Z</time>
      </trkpt>
      <trkpt lat="60.0628247818121" lon="8.820509966412873">
        <ele>742.21</ele>
        <time>1970-01-01T00:00:00.000Z</time>
      </trkpt>
      <trkpt lat="60.06289" lon="8.82052">
        <ele>742.423677010444</ele>
        <time>1970-01-01T00:00:00.000Z</time>
      </trkpt>
      <trkpt lat="60.06304" lon="8.82045">
        <ele>742.9267989545343</ele>
        <time>1970-01-01T00:00:00.000Z</time>
      </trkpt>
      <trkpt lat="60.06422" lon="8.81957">
        <ele>747.0398345570511</ele>
        <time>1970-01-01T00:00:00.000Z</time>
      </trkpt>
      <trkpt lat="60.06471" lon="8.81924">
        <ele>748.7285109892476</ele>
        <time>1970-01-01T00:00:00.000Z</time>
      </trkpt>
      <trkpt lat="60.06505" lon="8.81919">
        <ele>749.8421848052299</ele>
        <time>1970-01-01T00:00:00.000Z</time>
      </trkpt>
      <trkpt lat="60.06529" lon="8.81919">
        <ele>750.6261992256328</ele>
        <time>1970-01-01T00:00:00.000Z</time>
      </trkpt>
      <trkpt lat="60.0657" lon="8.81927">
        <ele>751.9718910944758</ele>
        <time>1970-01-01T00:00:00.000Z</time>
      </trkpt>
      <trkpt lat="60.06605535301427" lon="8.81939328522895">
        <ele>753.15</ele>
        <time>1970-01-01T00:00:00.000Z</time>
      </trkpt>
      <trkpt lat="60.06619" lon="8.81944">
        <ele>754.0215776674969</ele>
        <time>1970-01-01T00:00:00.000Z</time>
      </trkpt>
      <trkpt lat="60.06656" lon="8.81952">
        <ele>756.3951996843525</ele>
        <time>1970-01-01T00:00:00.000Z</time>
      </trkpt>
      <trkpt lat="60.06686" lon="8.81967">
        <ele>758.3673089311768</ele>
        <time>1970-01-01T00:00:00.000Z</time>
      </trkpt>
      <trkpt lat="60.06714887712151" lon="8.819819169901171">
        <ele>760.27</ele>
        <time>1970-01-01T00:00:00.000Z</time>
      </trkpt>
      <trkpt lat="60.06808" lon="8.8203">
        <ele>765.7482239798072</ele>
        <time>1970-01-01T00:00:00.000Z</time>
      </trkpt>
      <trkpt lat="60.06822865583183" lon="8.820386315849568">
        <ele>766.63</ele>
        <time>1970-01-01T00:00:00.000Z</time>
      </trkpt>
      <trkpt lat="60.06839" lon="8.82048">
        <ele>767.6562591334074</ele>
        <time>1970-01-01T00:00:00.000Z</time>
      </trkpt>
      <trkpt lat="60.06887" lon="8.82071">
        <ele>770.6714385482408</ele>
        <time>1970-01-01T00:00:00.000Z</time>
      </trkpt>
      <trkpt lat="60.06901" lon="8.82082">
        <ele>771.5901400965911</ele>
        <time>1970-01-01T00:00:00.000Z</time>
      </trkpt>
      <trkpt lat="60.06907" lon="8.82092">
        <ele>772.0668942628361</ele>
        <time>1970-01-01T00:00:00.000Z</time>
      </trkpt>
      <trkpt lat="60.06916" lon="8.8211">
        <ele>772.8436863097802</ele>
        <time>1970-01-01T00:00:00.000Z</time>
      </trkpt>
      <trkpt lat="60.06920759909352" lon="8.82127452983413">
        <ele>773.45</ele>
        <time>1970-01-01T00:00:00.000Z</time>
      </trkpt>
      <trkpt lat="60.06922" lon="8.82132">
        <ele>773.5977711833356</ele>
        <time>1970-01-01T00:00:00.000Z</time>
      </trkpt>
      <trkpt lat="60.06925" lon="8.82154">
        <ele>774.2481434284261</ele>
        <time>1970-01-01T00:00:00.000Z</time>
      </trkpt>
      <trkpt lat="60.06926" lon="8.82176">
        <ele>774.8781053721666</ele>
        <time>1970-01-01T00:00:00.000Z</time>
      </trkpt>
      <trkpt lat="60.06923" lon="8.82242">
        <ele>776.7679917715835</ele>
        <time>1970-01-01T00:00:00.000Z</time>
      </trkpt>
      <trkpt lat="60.06924" lon="8.82256">
        <ele>777.1712938201501</ele>
        <time>1970-01-01T00:00:00.000Z</time>
      </trkpt>
      <trkpt lat="60.06927" lon="8.82273">
        <ele>777.6855027907204</ele>
        <time>1970-01-01T00:00:00.000Z</time>
      </trkpt>
      <trkpt lat="60.06933" lon="8.82287">
        <ele>778.211789172122</ele>
        <time>1970-01-01T00:00:00.000Z</time>
      </trkpt>
      <trkpt lat="60.06953209279554" lon="8.823267447416983">
        <ele>779.83</ele>
        <time>1970-01-01T00:00:00.000Z</time>
      </trkpt>
      <trkpt lat="60.06963" lon="8.82346">
        <ele>784.5010966957764</ele>
        <time>1970-01-01T00:00:00.000Z</time>
      </trkpt>
      <trkpt lat="60.06973" lon="8.8236">
        <ele>784.8310982451588</ele>
        <time>1970-01-01T00:00:00.000Z</time>
      </trkpt>
      <trkpt lat="60.06981" lon="8.82367">
        <ele>785.0672528961865</ele>
        <time>1970-01-01T00:00:00.000Z</time>
      </trkpt>
      <trkpt lat="60.07051" lon="8.82399">
        <ele>787.0096339472921</ele>
        <time>1970-01-01T00:00:00.000Z</time>
      </trkpt>
      <trkpt lat="60.070559232561976" lon="8.824022821539172">
        <ele>787.15</ele>
        <time>1970-01-01T00:00:00.000Z</time>
      </trkpt>
      <trkpt lat="60.07072" lon="8.82413">
        <ele>787.4125711793447</ele>
        <time>1970-01-01T00:00:00.000Z</time>
      </trkpt>
      <trkpt lat="60.07095" lon="8.82434">
        <ele>787.8042570256192</ele>
        <time>1970-01-01T00:00:00.000Z</time>
      </trkpt>
      <trkpt lat="60.07115" lon="8.82468">
        <ele>788.2106826900157</ele>
        <time>1970-01-01T00:00:00.000Z</time>
      </trkpt>
      <trkpt lat="60.07127" lon="8.82502">
        <ele>788.5327023304997</ele>
        <time>1970-01-01T00:00:00.000Z</time>
      </trkpt>
      <trkpt lat="60.07137" lon="8.82542">
        <ele>788.8786401319034</ele>
        <time>1970-01-01T00:00:00.000Z</time>
      </trkpt>
      <trkpt lat="60.0714" lon="8.8256">
        <ele>788.9102518857111</ele>
        <time>1970-01-01T00:00:00.000Z</time>
      </trkpt>
      <trkpt lat="60.07142" lon="8.82599">
        <ele>788.9733326726009</ele>
        <time>1970-01-01T00:00:00.000Z</time>
      </trkpt>
      <trkpt lat="60.07143" lon="8.82657">
        <ele>789.0667091176005</ele>
        <time>1970-01-01T00:00:00.000Z</time>
      </trkpt>
      <trkpt lat="60.0714" lon="8.82697">
        <ele>789.1317913831849</ele>
        <time>1970-01-01T00:00:00.000Z</time>
      </trkpt>
      <trkpt lat="60.0714" lon="8.82727">
        <ele>789.1800607676117</ele>
        <time>1970-01-01T00:00:00.000Z</time>
      </trkpt>
      <trkpt lat="60.07163" lon="8.82875">
        <ele>789.4294734234276</ele>
        <time>1970-01-01T00:00:00.000Z</time>
      </trkpt>
      <trkpt lat="60.07189278372328" lon="8.829669710845">
        <ele>789.6</ele>
        <time>1970-01-01T00:00:00.000Z</time>
      </trkpt>
      <trkpt lat="60.07235" lon="8.83127">
        <ele>790.060885419768</ele>
        <time>1970-01-01T00:00:00.000Z</time>
      </trkpt>
      <trkpt lat="60.07263" lon="8.83236">
        <ele>790.3074536610387</ele>
        <time>1970-01-01T00:00:00.000Z</time>
      </trkpt>
      <trkpt lat="60.07278" lon="8.83293">
        <ele>790.4370589634418</ele>
        <time>1970-01-01T00:00:00.000Z</time>
      </trkpt>
      <trkpt lat="60.07289447794283" lon="8.83365502624394">
        <ele>790.59</ele>
        <time>1970-01-01T00:00:00.000Z</time>
      </trkpt>
      <trkpt lat="60.0729" lon="8.83369">
        <ele>790.6249203098297</ele>
        <time>1970-01-01T00:00:00.000Z</time>
      </trkpt>
      <trkpt lat="60.073" lon="8.83451">
        <ele>791.4284892128952</ele>
        <time>1970-01-01T00:00:00.000Z</time>
      </trkpt>
      <trkpt lat="60.07311464823042" lon="8.835847122417784">
        <ele>792.72</ele>
        <time>1970-01-01T00:00:00.000Z</time>
      </trkpt>
      <trkpt lat="60.07330370020427" lon="8.838052366852256">
        <ele>796.94</ele>
        <time>1970-01-01T00:00:00.000Z</time>
      </trkpt>
      <trkpt lat="60.07349271547921" lon="8.840257636565179">
        <ele>807.88</ele>
        <time>1970-01-01T00:00:00.000Z</time>
      </trkpt>
      <trkpt lat="60.073681694054564" lon="8.842462931552125">
        <ele>814.4</ele>
        <time>1970-01-01T00:00:00.000Z</time>
      </trkpt>
      <trkpt lat="60.07372" lon="8.84291">
        <ele>815.4642989673588</ele>
        <time>1970-01-01T00:00:00.000Z</time>
      </trkpt>
      <trkpt lat="60.07387447360241" lon="8.844666913533699">
        <ele>819.65</ele>
        <time>1970-01-01T00:00:00.000Z</time>
      </trkpt>
      <trkpt lat="60.074068192305226" lon="8.846870581057773">
        <ele>823.79</ele>
        <time>1970-01-01T00:00:00.000Z</time>
      </trkpt>
      <trkpt lat="60.07412" lon="8.84746">
        <ele>828.3806744982462</ele>
        <time>1970-01-01T00:00:00.000Z</time>
      </trkpt>
      <trkpt lat="60.07425194410358" lon="8.84907765465663">
        <ele>830.82</ele>
        <time>1970-01-01T00:00:00.000Z</time>
      </trkpt>
      <trkpt lat="60.07435" lon="8.85028">
        <ele>831.9960334066549</ele>
        <time>1970-01-01T00:00:00.000Z</time>
      </trkpt>
      <trkpt lat="60.07443848882587" lon="8.851283786107773">
        <ele>832.98</ele>
        <time>1970-01-01T00:00:00.000Z</time>
      </trkpt>
      <trkpt lat="60.07464" lon="8.85357">
        <ele>833.2860697991354</ele>
        <time>1970-01-01T00:00:00.000Z</time>
      </trkpt>
      <trkpt lat="60.07466" lon="8.854">
        <ele>833.3430042431927</ele>
        <time>1970-01-01T00:00:00.000Z</time>
      </trkpt>
      <trkpt lat="60.07466" lon="8.85461">
        <ele>833.4234229212847</ele>
        <time>1970-01-01T00:00:00.000Z</time>
      </trkpt>
      <trkpt lat="60.0746" lon="8.8555">
        <ele>833.54182170346</ele>
        <time>1970-01-01T00:00:00.000Z</time>
      </trkpt>
      <trkpt lat="60.07457609698171" lon="8.855708300773097">
        <ele>833.57</ele>
        <time>1970-01-01T00:00:00.000Z</time>
      </trkpt>
      <trkpt lat="60.07453" lon="8.85611">
        <ele>833.2679021717762</ele>
        <time>1970-01-01T00:00:00.000Z</time>
      </trkpt>
      <trkpt lat="60.0744" lon="8.85707">
        <ele>832.5388466574907</ele>
        <time>1970-01-01T00:00:00.000Z</time>
      </trkpt>
      <trkpt lat="60.074289583107884" lon="8.857870692642651">
        <ele>831.93</ele>
        <time>1970-01-01T00:00:00.000Z</time>
      </trkpt>
      <trkpt lat="60.073992138170794" lon="8.860027425670637">
        <ele>828.36</ele>
        <time>1970-01-01T00:00:00.000Z</time>
      </trkpt>
      <trkpt lat="60.07369465813318" lon="8.862184119795106">
        <ele>826.31</ele>
        <time>1970-01-01T00:00:00.000Z</time>
      </trkpt>
      <trkpt lat="60.07339714299609" lon="8.864340775012638">
        <ele>825.71</ele>
        <time>1970-01-01T00:00:00.000Z</time>
      </trkpt>
      <trkpt lat="60.07336" lon="8.86461">
        <ele>825.7886465364087</ele>
        <time>1970-01-01T00:00:00.000Z</time>
      </trkpt>
      <trkpt lat="60.07335" lon="8.86489">
        <ele>825.8676836056826</ele>
        <time>1970-01-01T00:00:00.000Z</time>
      </trkpt>
      <trkpt lat="60.07328" lon="8.86538">
        <ele>826.0111903180023</ele>
        <time>1970-01-01T00:00:00.000Z</time>
      </trkpt>
      <trkpt lat="60.0731049629982" lon="8.866493881000432">
        <ele>826.34</ele>
        <time>1970-01-01T00:00:00.000Z</time>
      </trkpt>
      <trkpt lat="60.07306" lon="8.86678">
        <ele>826.4646802874075</ele>
        <time>1970-01-01T00:00:00.000Z</time>
      </trkpt>
      <trkpt lat="60.07296" lon="8.86759">
        <ele>826.8114976629755</ele>
        <time>1970-01-01T00:00:00.000Z</time>
      </trkpt>
      <trkpt lat="60.07272" lon="8.86922">
        <ele>827.5178713712069</ele>
        <time>1970-01-01T00:00:00.000Z</time>
      </trkpt>
      <trkpt lat="60.07266" lon="8.86976">
        <ele>827.7478141371616</ele>
        <time>1970-01-01T00:00:00.000Z</time>
      </trkpt>
      <trkpt lat="60.07249956984905" lon="8.870799322010797">
        <ele>828.2</ele>
        <time>1970-01-01T00:00:00.000Z</time>
      </trkpt>
      <trkpt lat="60.07243" lon="8.87125">
        <ele>828.9505908767601</ele>
        <time>1970-01-01T00:00:00.000Z</time>
      </trkpt>
      <trkpt lat="60.072193994888444" lon="8.87295120505094">
        <ele>831.76</ele>
        <time>1970-01-01T00:00:00.000Z</time>
      </trkpt>
      <trkpt lat="60.07219" lon="8.87298">
        <ele>831.8123617157441</ele>
        <time>1970-01-01T00:00:00.000Z</time>
      </trkpt>
      <trkpt lat="60.07196" lon="8.87457">
        <ele>834.7127091578895</ele>
        <time>1970-01-01T00:00:00.000Z</time>
      </trkpt>
      <trkpt lat="60.07188937074518" lon="8.875103657600212">
        <ele>835.68</ele>
        <time>1970-01-01T00:00:00.000Z</time>
      </trkpt>
      <trkpt lat="60.07178" lon="8.87593">
        <ele>838.9987293194525</ele>
        <time>1970-01-01T00:00:00.000Z</time>
      </trkpt>
      <trkpt lat="60.07167" lon="8.87661">
        <ele>839.8421856982799</ele>
        <time>1970-01-01T00:00:00.000Z</time>
      </trkpt>
      <trkpt lat="60.07159354557704" lon="8.877259867230437">
        <ele>840.63</ele>
        <time>1970-01-01T00:00:00.000Z</time>
      </trkpt>
      <trkpt lat="60.07157" lon="8.87746">
        <ele>840.7669307812596</ele>
        <time>1970-01-01T00:00:00.000Z</time>
      </trkpt>
      <trkpt lat="60.07142" lon="8.87852">
        <ele>841.5006681797408</ele>
        <time>1970-01-01T00:00:00.000Z</time>
      </trkpt>
      <trkpt lat="60.07137" lon="8.87873">
        <ele>841.6556236045932</ele>
        <time>1970-01-01T00:00:00.000Z</time>
      </trkpt>
      <trkpt lat="60.07127747405439" lon="8.87940221195183">
        <ele>842.12</ele>
        <time>1970-01-01T00:00:00.000Z</time>
      </trkpt>
      <trkpt lat="60.07103" lon="8.8812">
        <ele>842.4284056511214</ele>
        <time>1970-01-01T00:00:00.000Z</time>
      </trkpt>
      <trkpt lat="60.07093" lon="8.88202">
        <ele>842.5680006047604</ele>
        <time>1970-01-01T00:00:00.000Z</time>
      </trkpt>
      <trkpt lat="60.07079" lon="8.88283">
        <ele>842.7097601695677</ele>
        <time>1970-01-01T00:00:00.000Z</time>
      </trkpt>
      <trkpt lat="60.07077" lon="8.88307">
        <ele>842.7499988702444</ele>
        <time>1970-01-01T00:00:00.000Z</time>
      </trkpt>
      <trkpt lat="60.070679569806664" lon="8.88371000956634">
        <ele>842.86</ele>
        <time>1970-01-01T00:00:00.000Z</time>
      </trkpt>
      <trkpt lat="60.07038" lon="8.88583">
        <ele>843.5789039205373</ele>
        <time>1970-01-01T00:00:00.000Z</time>
      </trkpt>
      <trkpt lat="60.07037595604839" lon="8.885863028361026">
        <ele>843.59</ele>
        <time>1970-01-01T00:00:00.000Z</time>
      </trkpt>
      <trkpt lat="60.07008" lon="8.88828">
        <ele>844.6077855322051</ele>
        <time>1970-01-01T00:00:00.000Z</time>
      </trkpt>
      <trkpt lat="60.06988" lon="8.88937">
        <ele>845.0827468593787</ele>
        <time>1970-01-01T00:00:00.000Z</time>
      </trkpt>
      <trkpt lat="60.06979793162867" lon="8.890178073152848">
        <ele>845.42</ele>
        <time>1970-01-01T00:00:00.000Z</time>
      </trkpt>
      <trkpt lat="60.06975" lon="8.89065">
        <ele>845.205817636298</ele>
        <time>1970-01-01T00:00:00.000Z</time>
      </trkpt>
      <trkpt lat="60.06974" lon="8.89119">
        <ele>844.965500046309</ele>
        <time>1970-01-01T00:00:00.000Z</time>
      </trkpt>
      <trkpt lat="60.06974" lon="8.89169">
        <ele>844.7431368307163</ele>
        <time>1970-01-01T00:00:00.000Z</time>
      </trkpt>
      <trkpt lat="60.06982" lon="8.89266">
        <ele>844.3058990374223</ele>
        <time>1970-01-01T00:00:00.000Z</time>
      </trkpt>
      <trkpt lat="60.070037908210665" lon="8.894580501073548">
        <ele>843.43</ele>
        <time>1970-01-01T00:00:00.000Z</time>
      </trkpt>
      <trkpt lat="60.07025" lon="8.89645">
        <ele>838.5113279717423</ele>
        <time>1970-01-01T00:00:00.000Z</time>
      </trkpt>
      <trkpt lat="60.07027" lon="8.89677">
        <ele>837.6867833922774</ele>
        <time>1970-01-01T00:00:00.000Z</time>
      </trkpt>
      <trkpt lat="60.07026" lon="8.89713">
        <ele>837.1952677851313</ele>
        <time>1970-01-01T00:00:00.000Z</time>
      </trkpt>
      <trkpt lat="60.07016" lon="8.89767">
        <ele>836.4100641000232</ele>
        <time>1970-01-01T00:00:00.000Z</time>
      </trkpt>
      <trkpt lat="60.0698" lon="8.89908">
        <ele>834.2508734022304</ele>
        <time>1970-01-01T00:00:00.000Z</time>
      </trkpt>
      <trkpt lat="60.06945" lon="8.90028">
        <ele>832.3559893779808</ele>
        <time>1970-01-01T00:00:00.000Z</time>
      </trkpt>
      <trkpt lat="60.06941" lon="8.90048">
        <ele>832.062252209575</ele>
        <time>1970-01-01T00:00:00.000Z</time>
      </trkpt>
      <trkpt lat="60.06932447806081" lon="8.900781041041975">
        <ele>831.59</ele>
        <time>1970-01-01T00:00:00.000Z</time>
      </trkpt>
      <trkpt lat="60.06916" lon="8.90136">
        <ele>831.2356385407231</ele>
        <time>1970-01-01T00:00:00.000Z</time>
      </trkpt>
      <trkpt lat="60.069" lon="8.90206">
        <ele>830.8261042275615</ele>
        <time>1970-01-01T00:00:00.000Z</time>
      </trkpt>
      <trkpt lat="60.06892" lon="8.90233">
        <ele>830.659079335837</ele>
        <time>1970-01-01T00:00:00.000Z</time>
      </trkpt>
      <trkpt lat="60.06878" lon="8.90315">
        <ele>830.198095850286</ele>
        <time>1970-01-01T00:00:00.000Z</time>
      </trkpt>
      <trkpt lat="60.06867" lon="8.90388">
        <ele>829.7924885912258</ele>
        <time>1970-01-01T00:00:00.000Z</time>
      </trkpt>
      <trkpt lat="60.0686" lon="8.90471">
        <ele>829.3447481633527</ele>
        <time>1970-01-01T00:00:00.000Z</time>
      </trkpt>
      <trkpt lat="60.06857215983508" lon="8.904957111585277">
        <ele>829.21</ele>
        <time>1970-01-01T00:00:00.000Z</time>
      </trkpt>
      <trkpt lat="60.068326275281" lon="8.90713940735259">
        <ele>828.48</ele>
        <time>1970-01-01T00:00:00.000Z</time>
      </trkpt>
      <trkpt lat="60.0682" lon="8.90826">
        <ele>829.229707600251</ele>
        <time>1970-01-01T00:00:00.000Z</time>
      </trkpt>
      <trkpt lat="60.06806182828252" lon="8.90931259633484">
        <ele>829.94</ele>
        <time>1970-01-01T00:00:00.000Z</time>
      </trkpt>
      <trkpt lat="60.06786" lon="8.91085">
        <ele>836.764600211558</ele>
        <time>1970-01-01T00:00:00.000Z</time>
      </trkpt>
      <trkpt lat="60.06750326167085" lon="8.91364467215917">
        <ele>839.64</ele>
        <time>1970-01-01T00:00:00.000Z</time>
      </trkpt>
      <trkpt lat="60.067226554699374" lon="8.915812022687522">
        <ele>845.62</ele>
        <time>1970-01-01T00:00:00.000Z</time>
      </trkpt>
      <trkpt lat="60.0672" lon="8.91602">
        <ele>846.3281857114038</ele>
        <time>1970-01-01T00:00:00.000Z</time>
      </trkpt>
      <trkpt lat="60.06709" lon="8.91702">
        <ele>849.7062252017988</ele>
        <time>1970-01-01T00:00:00.000Z</time>
      </trkpt>
      <trkpt lat="60.06706" lon="8.91744">
        <ele>851.1058616093457</ele>
        <time>1970-01-01T00:00:00.000Z</time>
      </trkpt>
      <trkpt lat="60.067052546030155" lon="8.91801398841241">
        <ele>853</ele>
        <time>1970-01-01T00:00:00.000Z</time>
      </trkpt>
      <trkpt lat="60.06705" lon="8.91821">
        <ele>860.040494983207</ele>
        <time>1970-01-01T00:00:00.000Z</time>
      </trkpt>
      <trkpt lat="60.06704533655773" lon="8.92025104852807">
        <ele>867.02</ele>
        <time>1970-01-01T00:00:00.000Z</time>
      </trkpt>
      <trkpt lat="60.0670401889993" lon="8.922488172301069">
        <ele>875.59</ele>
        <time>1970-01-01T00:00:00.000Z</time>
      </trkpt>
      <trkpt lat="60.06704" lon="8.92257">
        <ele>875.9451645621483</ele>
        <time>1970-01-01T00:00:00.000Z</time>
      </trkpt>
      <trkpt lat="60.06703" lon="8.92316">
        <ele>878.5074476296265</ele>
        <time>1970-01-01T00:00:00.000Z</time>
      </trkpt>
      <trkpt lat="60.06704" lon="8.9236">
        <ele>880.4191812926391</ele>
        <time>1970-01-01T00:00:00.000Z</time>
      </trkpt>
      <trkpt lat="60.06705" lon="8.92376">
        <ele>881.1190633042517</ele>
        <time>1970-01-01T00:00:00.000Z</time>
      </trkpt>
      <trkpt lat="60.067200025920464" lon="8.924675150306653">
        <ele>885.3</ele>
        <time>1970-01-01T00:00:00.000Z</time>
      </trkpt>
      <trkpt lat="60.06725" lon="8.92498">
        <ele>886.6597322535894</ele>
        <time>1970-01-01T00:00:00.000Z</time>
      </trkpt>
      <trkpt lat="60.06728" lon="8.92544">
        <ele>888.6255657813258</ele>
        <time>1970-01-01T00:00:00.000Z</time>
      </trkpt>
      <trkpt lat="60.06725" lon="8.92589">
        <ele>890.5493894105929</ele>
        <time>1970-01-01T00:00:00.000Z</time>
      </trkpt>
      <trkpt lat="60.0671447393291" lon="8.9268658289296">
        <ele>894.78</ele>
        <time>1970-01-01T00:00:00.000Z</time>
      </trkpt>
      <trkpt lat="60.0669088439335" lon="8.929052454806659">
        <ele>902.28</ele>
        <time>1970-01-01T00:00:00.000Z</time>
      </trkpt>
      <trkpt lat="60.06673" lon="8.93071">
        <ele>911.9157516368042</ele>
        <time>1970-01-01T00:00:00.000Z</time>
      </trkpt>
      <trkpt lat="60.066682332954095" lon="8.931242782034474">
        <ele>912.69</ele>
        <time>1970-01-01T00:00:00.000Z</time>
      </trkpt>
      <trkpt lat="60.06656" lon="8.93261">
        <ele>913.0283897832949</ele>
        <time>1970-01-01T00:00:00.000Z</time>
      </trkpt>
      <trkpt lat="60.06622" lon="8.93519">
        <ele>913.6784755522564</ele>
        <time>1970-01-01T00:00:00.000Z</time>
      </trkpt>
      <trkpt lat="60.06620061236246" lon="8.93560491777828">
        <ele>913.78</ele>
        <time>1970-01-01T00:00:00.000Z</time>
      </trkpt>
      <trkpt lat="60.06617" lon="8.93626">
        <ele>913.3623649827832</ele>
        <time>1970-01-01T00:00:00.000Z</time>
      </trkpt>
      <trkpt lat="60.06616" lon="8.93696">
        <ele>912.9178553153484</ele>
        <time>1970-01-01T00:00:00.000Z</time>
      </trkpt>
      <trkpt lat="60.06618712928252" lon="8.9378371701231">
        <ele>912.36</ele>
        <time>1970-01-01T00:00:00.000Z</time>
      </trkpt>
      <trkpt lat="60.06619" lon="8.93793">
        <ele>910.3722320444007</ele>
        <time>1970-01-01T00:00:00.000Z</time>
      </trkpt>
      <trkpt lat="60.06616" lon="8.93883">
        <ele>909.7150075750998</ele>
        <time>1970-01-01T00:00:00.000Z</time>
      </trkpt>
      <trkpt lat="60.06603" lon="8.9396">
        <ele>909.1227222799375</ele>
        <time>1970-01-01T00:00:00.000Z</time>
      </trkpt>
      <trkpt lat="60.06593533179054" lon="8.939984986026888">
        <ele>908.81</ele>
        <time>1970-01-01T00:00:00.000Z</time>
      </trkpt>
      <trkpt lat="60.06588" lon="8.94021">
        <ele>908.8307448091339</ele>
        <time>1970-01-01T00:00:00.000Z</time>
      </trkpt>
      <trkpt lat="60.06556" lon="8.94131">
        <ele>908.9360421049337</ele>
        <time>1970-01-01T00:00:00.000Z</time>
      </trkpt>
      <trkpt lat="60.06538" lon="8.94212">
        <ele>909.0093698584575</ele>
        <time>1970-01-01T00:00:00.000Z</time>
      </trkpt>
      <trkpt lat="60.065073227410636" lon="8.944089550749384">
        <ele>909.18</ele>
        <time>1970-01-01T00:00:00.000Z</time>
      </trkpt>
      <trkpt lat="60.06488" lon="8.94533">
        <ele>911.4164704233378</ele>
        <time>1970-01-01T00:00:00.000Z</time>
      </trkpt>
      <trkpt lat="60.06473437362287" lon="8.946220946466356">
        <ele>913.03</ele>
        <time>1970-01-01T00:00:00.000Z</time>
      </trkpt>
      <trkpt lat="60.06437" lon="8.94845">
        <ele>913.4861220422563</ele>
        <time>1970-01-01T00:00:00.000Z</time>
      </trkpt>
      <trkpt lat="60.0643" lon="8.94892">
        <ele>913.5815019413849</ele>
        <time>1970-01-01T00:00:00.000Z</time>
      </trkpt>
      <trkpt lat="60.06427" lon="8.94948">
        <ele>913.6910253943471</ele>
        <time>1970-01-01T00:00:00.000Z</time>
      </trkpt>
      <trkpt lat="60.06429" lon="8.95002">
        <ele>913.7963227821849</ele>
        <time>1970-01-01T00:00:00.000Z</time>
      </trkpt>
      <trkpt lat="60.06438" lon="8.95054">
        <ele>913.8970340493757</ele>
        <time>1970-01-01T00:00:00.000Z</time>
      </trkpt>
      <trkpt lat="60.0648" lon="8.95234">
        <ele>913.5550490929428</ele>
        <time>1970-01-01T00:00:00.000Z</time>
      </trkpt>
      <trkpt lat="60.06504" lon="8.95361">
        <ele>913.3213274604274</ele>
        <time>1970-01-01T00:00:00.000Z</time>
      </trkpt>
      <trkpt lat="60.06525546167415" lon="8.954634422023293">
        <ele>913.13</ele>
        <time>1970-01-01T00:00:00.000Z</time>
      </trkpt>
      <trkpt lat="60.06557" lon="8.95613">
        <ele>914.6753233223357</ele>
        <time>1970-01-01T00:00:00.000Z</time>
      </trkpt>
      <trkpt lat="60.06566955788263" lon="8.956710746900288">
        <ele>915.26</ele>
        <time>1970-01-01T00:00:00.000Z</time>
      </trkpt>
      <trkpt lat="60.06575" lon="8.95718">
        <ele>916.528674106473</ele>
        <time>1970-01-01T00:00:00.000Z</time>
      </trkpt>
      <trkpt lat="60.06577" lon="8.95733">
        <ele>916.9256684385458</ele>
        <time>1970-01-01T00:00:00.000Z</time>
      </trkpt>
      <trkpt lat="60.06578" lon="8.9576">
        <ele>917.6179373084029</ele>
        <time>1970-01-01T00:00:00.000Z</time>
      </trkpt>
      <trkpt lat="60.06572" lon="8.95792">
        <ele>918.4920080612834</ele>
        <time>1970-01-01T00:00:00.000Z</time>
      </trkpt>
      <trkpt lat="60.06567" lon="8.95805">
        <ele>918.9116865751323</ele>
        <time>1970-01-01T00:00:00.000Z</time>
      </trkpt>
      <trkpt lat="60.06559" lon="8.95823">
        <ele>919.5280193007296</ele>
        <time>1970-01-01T00:00:00.000Z</time>
      </trkpt>
      <trkpt lat="60.06538249619817" lon="8.958616711840493">
        <ele>920.98</ele>
        <time>1970-01-01T00:00:00.000Z</time>
      </trkpt>
      <trkpt lat="60.06537" lon="8.95864">
        <ele>921.0255545406828</ele>
        <time>1970-01-01T00:00:00.000Z</time>
      </trkpt>
      <trkpt lat="60.06491" lon="8.9597">
        <ele>922.896874825801</ele>
        <time>1970-01-01T00:00:00.000Z</time>
      </trkpt>
      <trkpt lat="60.0643" lon="8.96099">
        <ele>925.2643348888065</ele>
        <time>1970-01-01T00:00:00.000Z</time>
      </trkpt>
      <trkpt lat="60.06416" lon="8.96134">
        <ele>925.8618907649094</ele>
        <time>1970-01-01T00:00:00.000Z</time>
      </trkpt>
      <trkpt lat="60.06406" lon="8.96164">
        <ele>926.342499409469</ele>
        <time>1970-01-01T00:00:00.000Z</time>
      </trkpt>
      <trkpt lat="60.063970610791536" lon="8.962051193104474">
        <ele>926.94</ele>
        <time>1970-01-01T00:00:00.000Z</time>
      </trkpt>
      <trkpt lat="60.06391" lon="8.96233">
        <ele>931.5488807724589</ele>
        <time>1970-01-01T00:00:00.000Z</time>
      </trkpt>
      <trkpt lat="60.06362" lon="8.96379">
        <ele>932.6798776742761</ele>
        <time>1970-01-01T00:00:00.000Z</time>
      </trkpt>
      <trkpt lat="60.0635" lon="8.96449">
        <ele>933.2125950325009</ele>
        <time>1970-01-01T00:00:00.000Z</time>
      </trkpt>
      <trkpt lat="60.06325454004236" lon="8.966281880306136">
        <ele>934.55</ele>
        <time>1970-01-01T00:00:00.000Z</time>
      </trkpt>
      <trkpt lat="60.0632" lon="8.96668">
        <ele>934.7105701904202</ele>
        <time>1970-01-01T00:00:00.000Z</time>
      </trkpt>
      <trkpt lat="60.06309" lon="8.96725">
        <ele>934.9482611838736</ele>
        <time>1970-01-01T00:00:00.000Z</time>
      </trkpt>
      <trkpt lat="60.06302" lon="8.96748">
        <ele>935.0530392827711</ele>
        <time>1970-01-01T00:00:00.000Z</time>
      </trkpt>
      <trkpt lat="60.06295" lon="8.96766">
        <ele>935.1417941454844</ele>
        <time>1970-01-01T00:00:00.000Z</time>
      </trkpt>
      <trkpt lat="60.06269734756021" lon="8.968165314913294">
        <ele>935.42</ele>
        <time>1970-01-01T00:00:00.000Z</time>
      </trkpt>
      <trkpt lat="60.06226" lon="8.96904">
        <ele>935.0768078149824</ele>
        <time>1970-01-01T00:00:00.000Z</time>
      </trkpt>
      <trkpt lat="60.06214" lon="8.96923">
        <ele>934.9918636434485</ele>
        <time>1970-01-01T00:00:00.000Z</time>
      </trkpt>
      <trkpt lat="60.06199" lon="8.96941">
        <ele>934.8947559852105</ele>
        <time>1970-01-01T00:00:00.000Z</time>
      </trkpt>
      <trkpt lat="60.061838681454276" lon="8.96956789804049">
        <ele>934.8</ele>
        <time>1970-01-01T00:00:00.000Z</time>
      </trkpt>
      <trkpt lat="60.06176" lon="8.96965">
        <ele>937.5799243429648</ele>
        <time>1970-01-01T00:00:00.000Z</time>
      </trkpt>
      <trkpt lat="60.06142" lon="8.96991">
        <ele>939.3436005305066</ele>
        <time>1970-01-01T00:00:00.000Z</time>
      </trkpt>
      <trkpt lat="60.06111" lon="8.97005">
        <ele>940.8836536202505</ele>
        <time>1970-01-01T00:00:00.000Z</time>
      </trkpt>
      <trkpt lat="60.0607676073702" lon="8.970148439260198">
        <ele>942.56</ele>
        <time>1970-01-01T00:00:00.000Z</time>
      </trkpt>
      <trkpt lat="60.06031" lon="8.97028">
        <ele>944.995074856383</ele>
        <time>1970-01-01T00:00:00.000Z</time>
      </trkpt>
      <trkpt lat="60.05997" lon="8.97033">
        <ele>946.7907989178642</ele>
        <time>1970-01-01T00:00:00.000Z</time>
      </trkpt>
      <trkpt lat="60.05979" lon="8.97037">
        <ele>947.7447396831025</ele>
        <time>1970-01-01T00:00:00.000Z</time>
      </trkpt>
      <trkpt lat="60.059660079609074" lon="8.970416690873781">
        <ele>948.44</ele>
        <time>1970-01-01T00:00:00.000Z</time>
      </trkpt>
      <trkpt lat="60.05915" lon="8.9706">
        <ele>952.1538179529138</ele>
        <time>1970-01-01T00:00:00.000Z</time>
      </trkpt>
      <trkpt lat="60.05856256863526" lon="8.97082518211048">
        <ele>956.44</ele>
        <time>1970-01-01T00:00:00.000Z</time>
      </trkpt>
      <trkpt lat="60.05855" lon="8.97083">
        <ele>956.5114166575272</ele>
        <time>1970-01-01T00:00:00.000Z</time>
      </trkpt>
      <trkpt lat="60.05845" lon="8.97088">
        <ele>957.0866235766513</ele>
        <time>1970-01-01T00:00:00.000Z</time>
      </trkpt>
      <trkpt lat="60.05808" lon="8.97118">
        <ele>959.3142430633577</ele>
        <time>1970-01-01T00:00:00.000Z</time>
      </trkpt>
      <trkpt lat="60.05793" lon="8.97126">
        <ele>960.1805320144612</ele>
        <time>1970-01-01T00:00:00.000Z</time>
      </trkpt>
      <trkpt lat="60.05769" lon="8.97133">
        <ele>961.5340684776463</ele>
        <time>1970-01-01T00:00:00.000Z</time>
      </trkpt>
      <trkpt lat="60.05749114710563" lon="8.971416998468253">
        <ele>962.67</ele>
        <time>1970-01-01T00:00:00.000Z</time>
      </trkpt>
      <trkpt lat="60.05737" lon="8.97147">
        <ele>971.7420017648911</ele>
        <time>1970-01-01T00:00:00.000Z</time>
      </trkpt>
      <trkpt lat="60.05708" lon="8.97163">
        <ele>973.8087296040712</ele>
        <time>1970-01-01T00:00:00.000Z</time>
      </trkpt>
      <trkpt lat="60.05640292900293" lon="8.971911617548495">
        <ele>978.56</ele>
        <time>1970-01-01T00:00:00.000Z</time>
      </trkpt>
      <trkpt lat="60.05595" lon="8.9721">
        <ele>982.020162207812</ele>
        <time>1970-01-01T00:00:00.000Z</time>
      </trkpt>
      <trkpt lat="60.05585" lon="8.97216">
        <ele>982.8009911366777</ele>
        <time>1970-01-01T00:00:00.000Z</time>
      </trkpt>
      <trkpt lat="60.055340458235186" lon="8.972571209957886">
        <ele>986.91</ele>
        <time>1970-01-01T00:00:00.000Z</time>
      </trkpt>
      <trkpt lat="60.05528" lon="8.97262">
        <ele>987.5067282087971</ele>
        <time>1970-01-01T00:00:00.000Z</time>
      </trkpt>
      <trkpt lat="60.05472" lon="8.97316">
        <ele>993.1966490434795</ele>
        <time>1970-01-01T00:00:00.000Z</time>
      </trkpt>
      <trkpt lat="60.054325953715995" lon="8.973502967869836">
        <ele>997.13</ele>
        <time>1970-01-01T00:00:00.000Z</time>
      </trkpt>
      <trkpt lat="60.05418" lon="8.97363">
        <ele>998.9219023129691</ele>
        <time>1970-01-01T00:00:00.000Z</time>
      </trkpt>
      <trkpt lat="60.05376" lon="8.97404">
        <ele>1004.1828852912826</ele>
        <time>1970-01-01T00:00:00.000Z</time>
      </trkpt>
      <trkpt lat="60.05334295763034" lon="8.974555171712673">
        <ele>1009.7</ele>
        <time>1970-01-01T00:00:00.000Z</time>
      </trkpt>
      <trkpt lat="60.05325" lon="8.97467">
        <ele>1010.5814650877942</ele>
        <time>1970-01-01T00:00:00.000Z</time>
      </trkpt>
      <trkpt lat="60.05288" lon="8.97515">
        <ele>1014.1393756919468</ele>
        <time>1970-01-01T00:00:00.000Z</time>
      </trkpt>
      <trkpt lat="60.052416258301925" lon="8.9758010233812">
        <ele>1018.71</ele>
        <time>1970-01-01T00:00:00.000Z</time>
      </trkpt>
      <trkpt lat="60.05236" lon="8.97588">
        <ele>1029.3937042904677</ele>
        <time>1970-01-01T00:00:00.000Z</time>
      </trkpt>
      <trkpt lat="60.052" lon="8.97636">
        <ele>1031.9350440167345</ele>
        <time>1970-01-01T00:00:00.000Z</time>
      </trkpt>
      <trkpt lat="60.05176" lon="8.97672">
        <ele>1033.6970063637693</ele>
        <time>1970-01-01T00:00:00.000Z</time>
      </trkpt>
      <trkpt lat="60.051484561413716" lon="8.977027472618929">
        <ele>1035.55</ele>
        <time>1970-01-01T00:00:00.000Z</time>
      </trkpt>
      <trkpt lat="60.0509" lon="8.97768">
        <ele>1038.3975234234479</ele>
        <time>1970-01-01T00:00:00.000Z</time>
      </trkpt>
      <trkpt lat="60.05056" lon="8.97796">
        <ele>1039.9617590462349</ele>
        <time>1970-01-01T00:00:00.000Z</time>
      </trkpt>
      <trkpt lat="60.050485260732756" lon="8.978014223367447">
        <ele>1040.3</ele>
        <time>1970-01-01T00:00:00.000Z</time>
      </trkpt>
      <trkpt lat="60.05005" lon="8.97833">
        <ele>1042.995542293956</ele>
        <time>1970-01-01T00:00:00.000Z</time>
      </trkpt>
      <trkpt lat="60.04977" lon="8.97857">
        <ele>1044.768924867672</ele>
        <time>1970-01-01T00:00:00.000Z</time>
      </trkpt>
      <trkpt lat="60.04946957889371" lon="8.978925043499089">
        <ele>1046.8</ele>
        <time>1970-01-01T00:00:00.000Z</time>
      </trkpt>
      <trkpt lat="60.04944" lon="8.97896">
        <ele>1047.000590775812</ele>
        <time>1970-01-01T00:00:00.000Z</time>
      </trkpt>
      <trkpt lat="60.0493" lon="8.9791">
        <ele>1047.9145309594828</ele>
        <time>1970-01-01T00:00:00.000Z</time>
      </trkpt>
      <trkpt lat="60.04877" lon="8.97954">
        <ele>1051.26546291616</ele>
        <time>1970-01-01T00:00:00.000Z</time>
      </trkpt>
      <trkpt lat="60.04845063293477" lon="8.979835334728403">
        <ele>1053.32</ele>
        <time>1970-01-01T00:00:00.000Z</time>
      </trkpt>
      <trkpt lat="60.04784" lon="8.9804">
        <ele>1062.8533091037532</ele>
        <time>1970-01-01T00:00:00.000Z</time>
      </trkpt>
      <trkpt lat="60.04744736363122" lon="8.98081405514498">
        <ele>1065.29</ele>
        <time>1970-01-01T00:00:00.000Z</time>
      </trkpt>
      <trkpt lat="60.04729" lon="8.98098">
        <ele>1066.330317702445</ele>
        <time>1970-01-01T00:00:00.000Z</time>
      </trkpt>
      <trkpt lat="60.04714" lon="8.98123">
        <ele>1067.4718304758117</ele>
        <time>1970-01-01T00:00:00.000Z</time>
      </trkpt>
      <trkpt lat="60.04694" lon="8.98169">
        <ele>1069.2533311733828</ele>
        <time>1970-01-01T00:00:00.000Z</time>
      </trkpt>
      <trkpt lat="60.0468" lon="8.98209">
        <ele>1070.680054866312</ele>
        <time>1970-01-01T00:00:00.000Z</time>
      </trkpt>
      <trkpt lat="60.04673506213352" lon="8.982457992676574">
        <ele>1071.82</ele>
        <time>1970-01-01T00:00:00.000Z</time>
      </trkpt>
      <trkpt lat="60.04653" lon="8.98362">
        <ele>1074.5321213103186</ele>
        <time>1970-01-01T00:00:00.000Z</time>
      </trkpt>
      <trkpt lat="60.04642" lon="8.9843">
        <ele>1076.105106039125</ele>
        <time>1970-01-01T00:00:00.000Z</time>
      </trkpt>
      <trkpt lat="60.04641" lon="8.98459">
        <ele>1076.7418834491543</ele>
        <time>1970-01-01T00:00:00.000Z</time>
      </trkpt>
      <trkpt lat="60.04647" lon="8.98514">
        <ele>1077.22786823537</ele>
        <time>1970-01-01T00:00:00.000Z</time>
      </trkpt>
      <trkpt lat="60.04657" lon="8.9856">
        <ele>1077.6609654163349</ele>
        <time>1970-01-01T00:00:00.000Z</time>
      </trkpt>
      <trkpt lat="60.04667" lon="8.98588">
        <ele>1077.9581418968614</ele>
        <time>1970-01-01T00:00:00.000Z</time>
      </trkpt>
      <trkpt lat="60.04684" lon="8.98624">
        <ele>1078.3858817916446</ele>
        <time>1970-01-01T00:00:00.000Z</time>
      </trkpt>
      <trkpt lat="60.04697" lon="8.98638">
        <ele>1078.6410719401497</ele>
        <time>1970-01-01T00:00:00.000Z</time>
      </trkpt>
      <trkpt lat="60.04698286130205" lon="8.986401435436006">
        <ele>1078.67</ele>
        <time>1970-01-01T00:00:00.000Z</time>
      </trkpt>
      <trkpt lat="60.04706" lon="8.98653">
        <ele>1078.5684153198326</ele>
        <time>1970-01-01T00:00:00.000Z</time>
      </trkpt>
      <trkpt lat="60.04716" lon="8.98694">
        <ele>1078.3377930288398</ele>
        <time>1970-01-01T00:00:00.000Z</time>
      </trkpt>
      <trkpt lat="60.04726" lon="8.98744">
        <ele>1078.0655671121222</ele>
        <time>1970-01-01T00:00:00.000Z</time>
      </trkpt>
      <trkpt lat="60.04727" lon="8.98764">
        <ele>1077.9639794630439</ele>
        <time>1970-01-01T00:00:00.000Z</time>
      </trkpt>
      <trkpt lat="60.04734" lon="8.988">
        <ele>1077.7687210657873</ele>
        <time>1970-01-01T00:00:00.000Z</time>
      </trkpt>
      <trkpt lat="60.04739" lon="8.98843">
        <ele>1077.54557940921</ele>
        <time>1970-01-01T00:00:00.000Z</time>
      </trkpt>
      <trkpt lat="60.04744" lon="8.98901">
        <ele>1076.602320834416</ele>
        <time>1970-01-01T00:00:00.000Z</time>
      </trkpt>
      <trkpt lat="60.04746" lon="8.98922">
        <ele>1076.2552246986234</ele>
        <time>1970-01-01T00:00:00.000Z</time>
      </trkpt>
      <trkpt lat="60.0475" lon="8.98936">
        <ele>1075.9933401651786</ele>
        <time>1970-01-01T00:00:00.000Z</time>
      </trkpt>
      <trkpt lat="60.0476" lon="8.98958">
        <ele>1075.510306273895</ele>
        <time>1970-01-01T00:00:00.000Z</time>
      </trkpt>
      <trkpt lat="60.04765" lon="8.98965">
        <ele>1075.3119340391163</ele>
        <time>1970-01-01T00:00:00.000Z</time>
      </trkpt>
      <trkpt lat="60.04782" lon="8.98974">
        <ele>1074.7401431909575</ele>
        <time>1970-01-01T00:00:00.000Z</time>
      </trkpt>
      <trkpt lat="60.04797" lon="8.98979">
        <ele>1074.245664876205</ele>
        <time>1970-01-01T00:00:00.000Z</time>
      </trkpt>
      <trkpt lat="60.04805" lon="8.98989">
        <ele>1073.9390160331916</ele>
        <time>1970-01-01T00:00:00.000Z</time>
      </trkpt>
      <trkpt lat="60.04811" lon="8.99004">
        <ele>1073.5326239477924</ele>
        <time>1970-01-01T00:00:00.000Z</time>
      </trkpt>
      <trkpt lat="60.04815" lon="8.99022">
        <ele>1073.1061230708265</ele>
        <time>1970-01-01T00:00:00.000Z</time>
      </trkpt>
      <trkpt lat="60.04821" lon="8.99114">
        <ele>1071.0976746292522</ele>
        <time>1970-01-01T00:00:00.000Z</time>
      </trkpt>
      <trkpt lat="60.04827" lon="8.99173">
        <ele>1069.7942756221673</ele>
        <time>1970-01-01T00:00:00.000Z</time>
      </trkpt>
      <trkpt lat="60.048317198829366" lon="8.992050951855477">
        <ele>1069.07</ele>
        <time>1970-01-01T00:00:00.000Z</time>
      </trkpt>
      <trkpt lat="60.04832" lon="8.99207">
        <ele>1069.0216863849143</ele>
        <time>1970-01-01T00:00:00.000Z</time>
      </trkpt>
      <trkpt lat="60.04836" lon="8.99224">
        <ele>1068.5644370839088</ele>
        <time>1970-01-01T00:00:00.000Z</time>
      </trkpt>
      <trkpt lat="60.04855" lon="8.99285">
        <ele>1066.815145331773</ele>
        <time>1970-01-01T00:00:00.000Z</time>
      </trkpt>
      <trkpt lat="60.0487" lon="8.99324">
        <ele>1065.6173522501767</ele>
        <time>1970-01-01T00:00:00.000Z</time>
      </trkpt>
      <trkpt lat="60.04891" lon="8.99346">
        <ele>1064.4624482943113</ele>
        <time>1970-01-01T00:00:00.000Z</time>
      </trkpt>
      <trkpt lat="60.04907684294756" lon="8.993533410707553">
        <ele>1063.63</ele>
        <time>1970-01-01T00:00:00.000Z</time>
      </trkpt>
      <trkpt lat="60.04916" lon="8.99357">
        <ele>1057.2415388408062</ele>
        <time>1970-01-01T00:00:00.000Z</time>
      </trkpt>
      <trkpt lat="60.04942" lon="8.99372">
        <ele>1055.5303361993185</ele>
        <time>1970-01-01T00:00:00.000Z</time>
      </trkpt>
      <trkpt lat="60.0498" lon="8.99411">
        <ele>1052.8299375358436</ele>
        <time>1970-01-01T00:00:00.000Z</time>
      </trkpt>
      <trkpt lat="60.05002" lon="8.99445">
        <ele>1051.0725554448247</ele>
        <time>1970-01-01T00:00:00.000Z</time>
      </trkpt>
      <trkpt lat="60.05005276148622" lon="8.994540340695947">
        <ele>1050.72</ele>
        <time>1970-01-01T00:00:00.000Z</time>
      </trkpt>
      <trkpt lat="60.05035" lon="8.99536">
        <ele>1047.7750245302313</ele>
        <time>1970-01-01T00:00:00.000Z</time>
      </trkpt>
      <trkpt lat="60.05055" lon="8.99584">
        <ele>1045.957568290406</ele>
        <time>1970-01-01T00:00:00.000Z</time>
      </trkpt>
      <trkpt lat="60.05068" lon="8.99599">
        <ele>1045.0840005728082</ele>
        <time>1970-01-01T00:00:00.000Z</time>
      </trkpt>
      <trkpt lat="60.05082024286872" lon="8.996087090843556">
        <ele>1044.22</ele>
        <time>1970-01-01T00:00:00.000Z</time>
      </trkpt>
      <trkpt lat="60.05094" lon="8.99617">
        <ele>1043.2302216265657</ele>
        <time>1970-01-01T00:00:00.000Z</time>
      </trkpt>
      <trkpt lat="60.0511" lon="8.99634">
        <ele>1041.8154439892025</ele>
        <time>1970-01-01T00:00:00.000Z</time>
      </trkpt>
      <trkpt lat="60.05124" lon="8.99661">
        <ele>1040.2973490478973</ele>
        <time>1970-01-01T00:00:00.000Z</time>
      </trkpt>
      <trkpt lat="60.05131" lon="8.99679">
        <ele>1039.4075636490797</ele>
        <time>1970-01-01T00:00:00.000Z</time>
      </trkpt>
      <trkpt lat="60.05153" lon="8.99757">
        <ele>1035.9139251918607</ele>
        <time>1970-01-01T00:00:00.000Z</time>
      </trkpt>
      <trkpt lat="60.05154888980319" lon="8.997669170652628">
        <ele>1035.5</ele>
        <time>1970-01-01T00:00:00.000Z</time>
      </trkpt>
      <trkpt lat="60.05161" lon="8.99799">
        <ele>1034.2469009617382</ele>
        <time>1970-01-01T00:00:00.000Z</time>
      </trkpt>
      <trkpt lat="60.05161" lon="8.99887">
        <ele>1031.0355978627858</ele>
        <time>1970-01-01T00:00:00.000Z</time>
      </trkpt>
      <trkpt lat="60.05157" lon="8.9996">
        <ele>1028.3556758369953</ele>
        <time>1970-01-01T00:00:00.000Z</time>
      </trkpt>
      <trkpt lat="60.05158815456771" lon="8.999875941499045">
        <ele>1027.34</ele>
        <time>1970-01-01T00:00:00.000Z</time>
      </trkpt>
      <trkpt lat="60.05162" lon="9.00036">
        <ele>1018.3734007399025</ele>
        <time>1970-01-01T00:00:00.000Z</time>
      </trkpt>
      <trkpt lat="60.05164" lon="9.0013">
        <ele>1014.5066547236345</ele>
        <time>1970-01-01T00:00:00.000Z</time>
      </trkpt>
      <trkpt lat="60.05167" lon="9.00171">
        <ele>1012.8036227959745</ele>
        <time>1970-01-01T00:00:00.000Z</time>
      </trkpt>
      <trkpt lat="60.05173" lon="9.00202">
        <ele>1011.4371763991946</ele>
        <time>1970-01-01T00:00:00.000Z</time>
      </trkpt>
      <trkpt lat="60.051745146161515" lon="9.002071929483888">
        <ele>1011.19</ele>
        <time>1970-01-01T00:00:00.000Z</time>
      </trkpt>
      <trkpt lat="60.0518" lon="9.00226">
        <ele>1010.5383364997593</ele>
        <time>1970-01-01T00:00:00.000Z</time>
      </trkpt>
      <trkpt lat="60.05197" lon="9.00266">
        <ele>1008.9666828146879</ele>
        <time>1970-01-01T00:00:00.000Z</time>
      </trkpt>
      <trkpt lat="60.05203" lon="9.00277">
        <ele>1008.4792396101</ele>
        <time>1970-01-01T00:00:00.000Z</time>
      </trkpt>
      <trkpt lat="60.0521" lon="9.00284">
        <ele>1008.010362290679</ele>
        <time>1970-01-01T00:00:00.000Z</time>
      </trkpt>
      <trkpt lat="60.0522" lon="9.0029">
        <ele>1007.3847581722172</ele>
        <time>1970-01-01T00:00:00.000Z</time>
      </trkpt>
      <trkpt lat="60.05241" lon="9.00295">
        <ele>1006.1173735220398</ele>
        <time>1970-01-01T00:00:00.000Z</time>
      </trkpt>
      <trkpt lat="60.052679385276065" lon="9.002982652700666">
        <ele>1004.5</ele>
        <time>1970-01-01T00:00:00.000Z</time>
      </trkpt>
      <trkpt lat="60.05274" lon="9.00299">
        <ele>1004.2780533167968</ele>
        <time>1970-01-01T00:00:00.000Z</time>
      </trkpt>
      <trkpt lat="60.05309" lon="9.00296">
        <ele>1002.9976636745054</ele>
        <time>1970-01-01T00:00:00.000Z</time>
      </trkpt>
      <trkpt lat="60.05318" lon="9.00297">
        <ele>1002.6682160014674</ele>
        <time>1970-01-01T00:00:00.000Z</time>
      </trkpt>
      <trkpt lat="60.0533" lon="9.00303">
        <ele>1002.2161711550276</ele>
        <time>1970-01-01T00:00:00.000Z</time>
      </trkpt>
      <trkpt lat="60.05345" lon="9.00313">
        <ele>1001.6383720549597</ele>
        <time>1970-01-01T00:00:00.000Z</time>
      </trkpt>
      <trkpt lat="60.05356" lon="9.00328">
        <ele>1001.1520240813537</ele>
        <time>1970-01-01T00:00:00.000Z</time>
      </trkpt>
      <trkpt lat="60.05368407494796" lon="9.003594959381312">
        <ele>1000.42</ele>
        <time>1970-01-01T00:00:00.000Z</time>
      </trkpt>
      <trkpt lat="60.05369" lon="9.00361">
        <ele>1000.37853133935</ele>
        <time>1970-01-01T00:00:00.000Z</time>
      </trkpt>
      <trkpt lat="60.05373" lon="9.00383">
        <ele>999.8717751757341</ele>
        <time>1970-01-01T00:00:00.000Z</time>
      </trkpt>
      <trkpt lat="60.05374" lon="9.00401">
        <ele>999.479788396438</ele>
        <time>1970-01-01T00:00:00.000Z</time>
      </trkpt>
      <trkpt lat="60.05373" lon="9.00443">
        <ele>998.5697313806851</ele>
        <time>1970-01-01T00:00:00.000Z</time>
      </trkpt>
      <trkpt lat="60.05371" lon="9.00461">
        <ele>998.1706156879268</ele>
        <time>1970-01-01T00:00:00.000Z</time>
      </trkpt>
      <trkpt lat="60.05364" lon="9.00499">
        <ele>997.2939520063974</ele>
        <time>1970-01-01T00:00:00.000Z</time>
      </trkpt>
      <trkpt lat="60.05352" lon="9.00537">
        <ele>996.3207463398029</ele>
        <time>1970-01-01T00:00:00.000Z</time>
      </trkpt>
      <trkpt lat="60.05341488394265" lon="9.005639800780877">
        <ele>995.58</ele>
        <time>1970-01-01T00:00:00.000Z</time>
      </trkpt>
      <trkpt lat="60.05322" lon="9.00614">
        <ele>988.9031772633942</ele>
        <time>1970-01-01T00:00:00.000Z</time>
      </trkpt>
      <trkpt lat="60.05318" lon="9.00629">
        <ele>988.504682342092</ele>
        <time>1970-01-01T00:00:00.000Z</time>
      </trkpt>
      <trkpt lat="60.05315" lon="9.00652">
        <ele>987.9476401278679</ele>
        <time>1970-01-01T00:00:00.000Z</time>
      </trkpt>
      <trkpt lat="60.05317" lon="9.00687">
        <ele>987.1221454552708</ele>
        <time>1970-01-01T00:00:00.000Z</time>
      </trkpt>
      <trkpt lat="60.0533" lon="9.0074">
        <ele>985.7384017498889</ele>
        <time>1970-01-01T00:00:00.000Z</time>
      </trkpt>
      <trkpt lat="60.053338966020284" lon="9.007638665190612">
        <ele>985.15</ele>
        <time>1970-01-01T00:00:00.000Z</time>
      </trkpt>
      <trkpt lat="60.05338" lon="9.00789">
        <ele>984.4132956693626</ele>
        <time>1970-01-01T00:00:00.000Z</time>
      </trkpt>
      <trkpt lat="60.05354" lon="9.00854">
        <ele>982.3942427142484</ele>
        <time>1970-01-01T00:00:00.000Z</time>
      </trkpt>
      <trkpt lat="60.05358" lon="9.00879">
        <ele>981.6628578758501</ele>
        <time>1970-01-01T00:00:00.000Z</time>
      </trkpt>
      <trkpt lat="60.0536" lon="9.00906">
        <ele>980.902419980779</ele>
        <time>1970-01-01T00:00:00.000Z</time>
      </trkpt>
      <trkpt lat="60.05359" lon="9.00928">
        <ele>980.2869794523289</ele>
        <time>1970-01-01T00:00:00.000Z</time>
      </trkpt>
      <trkpt lat="60.05351" lon="9.00974">
        <ele>978.9299027303961</ele>
        <time>1970-01-01T00:00:00.000Z</time>
      </trkpt>
      <trkpt lat="60.0533" lon="9.01072">
        <ele>975.7163435510622</ele>
        <time>1970-01-01T00:00:00.000Z</time>
      </trkpt>
      <trkpt lat="60.05322" lon="9.01123">
        <ele>974.1050873935103</ele>
        <time>1970-01-01T00:00:00.000Z</time>
      </trkpt>
      <trkpt lat="60.05322" lon="9.01167">
        <ele>972.7789153803202</ele>
        <time>1970-01-01T00:00:00.000Z</time>
      </trkpt>
      <trkpt lat="60.05318658959241" lon="9.011857098743901">
        <ele>972.18</ele>
        <time>1970-01-01T00:00:00.000Z</time>
      </trkpt>
      <trkpt lat="60.05317" lon="9.01195">
        <ele>971.9161493760447</ele>
        <time>1970-01-01T00:00:00.000Z</time>
      </trkpt>
      <trkpt lat="60.05306" lon="9.01212">
        <ele>971.1719026203108</ele>
        <time>1970-01-01T00:00:00.000Z</time>
      </trkpt>
      <trkpt lat="60.05299" lon="9.01213">
        <ele>970.7959635082827</ele>
        <time>1970-01-01T00:00:00.000Z</time>
      </trkpt>
      <trkpt lat="60.05289" lon="9.01213">
        <ele>970.2602680976104</ele>
        <time>1970-01-01T00:00:00.000Z</time>
      </trkpt>
      <trkpt lat="60.05269" lon="9.01201">
        <ele>969.1418505618964</ele>
        <time>1970-01-01T00:00:00.000Z</time>
      </trkpt>
      <trkpt lat="60.05254" lon="9.01186">
        <ele>968.2437477270869</ele>
        <time>1970-01-01T00:00:00.000Z</time>
      </trkpt>
      <trkpt lat="60.05229" lon="9.01174">
        <ele>966.8665978938286</ele>
        <time>1970-01-01T00:00:00.000Z</time>
      </trkpt>
      <trkpt lat="60.052166044085" lon="9.011761874603865">
        <ele>966.2</ele>
        <time>1970-01-01T00:00:00.000Z</time>
      </trkpt>
      <trkpt lat="60.05212" lon="9.01177">
        <ele>959.9147315641997</ele>
        <time>1970-01-01T00:00:00.000Z</time>
      </trkpt>
      <trkpt lat="60.05196" lon="9.01188">
        <ele>958.6145482064003</ele>
        <time>1970-01-01T00:00:00.000Z</time>
      </trkpt>
      <trkpt lat="60.0518" lon="9.01202">
        <ele>957.2725728103062</ele>
        <time>1970-01-01T00:00:00.000Z</time>
      </trkpt>
      <trkpt lat="60.05162" lon="9.01226">
        <ele>955.6106223401968</ele>
        <time>1970-01-01T00:00:00.000Z</time>
      </trkpt>
      <trkpt lat="60.05154" lon="9.01233">
        <ele>954.9396336650834</ele>
        <time>1970-01-01T00:00:00.000Z</time>
      </trkpt>
      <trkpt lat="60.05118" lon="9.01256">
        <ele>952.0353185650121</ele>
        <time>1970-01-01T00:00:00.000Z</time>
      </trkpt>
      <trkpt lat="60.051144037691834" lon="9.012613943512537">
        <ele>951.69</ele>
        <time>1970-01-01T00:00:00.000Z</time>
      </trkpt>
      <trkpt lat="60.05112" lon="9.01265">
        <ele>951.5068003096499</ele>
        <time>1970-01-01T00:00:00.000Z</time>
      </trkpt>
      <trkpt lat="60.05102" lon="9.01274">
        <ele>950.8380045419265</ele>
        <time>1970-01-01T00:00:00.000Z</time>
      </trkpt>
      <trkpt lat="60.05078" lon="9.01305">
        <ele>949.0958817056263</ele>
        <time>1970-01-01T00:00:00.000Z</time>
      </trkpt>
      <trkpt lat="60.05056" lon="9.01344">
        <ele>947.3036637939153</ele>
        <time>1970-01-01T00:00:00.000Z</time>
      </trkpt>
      <trkpt lat="60.05043" lon="9.01375">
        <ele>946.0706473409273</ele>
        <time>1970-01-01T00:00:00.000Z</time>
      </trkpt>
      <trkpt lat="60.05038" lon="9.01391">
        <ele>945.4957600471018</ele>
        <time>1970-01-01T00:00:00.000Z</time>
      </trkpt>
      <trkpt lat="60.05035223184091" lon="9.014104379299043">
        <ele>944.88</ele>
        <time>1970-01-01T00:00:00.000Z</time>
      </trkpt>
      <trkpt lat="60.0503" lon="9.01447">
        <ele>943.4071310574552</ele>
        <time>1970-01-01T00:00:00.000Z</time>
      </trkpt>
      <trkpt lat="60.05007" lon="9.01567">
        <ele>938.4288185727082</ele>
        <time>1970-01-01T00:00:00.000Z</time>
      </trkpt>
      <trkpt lat="60.05003" lon="9.01605">
        <ele>936.9247227365281</ele>
        <time>1970-01-01T00:00:00.000Z</time>
      </trkpt>
      <trkpt lat="60.05003" lon="9.01624">
        <ele>936.1873427547546</ele>
        <time>1970-01-01T00:00:00.000Z</time>
      </trkpt>
      <trkpt lat="60.0501" lon="9.0166">
        <ele>934.6184776606613</ele>
        <time>1970-01-01T00:00:00.000Z</time>
      </trkpt>
      <trkpt lat="60.05043" lon="9.01746">
        <ele>930.2138115936997</ele>
        <time>1970-01-01T00:00:00.000Z</time>
      </trkpt>
      <trkpt lat="60.05052" lon="9.01779">
        <ele>928.6868341811869</ele>
        <time>1970-01-01T00:00:00.000Z</time>
      </trkpt>
      <trkpt lat="60.0505469344422" lon="9.018167081300918">
        <ele>927.14</ele>
        <time>1970-01-01T00:00:00.000Z</time>
      </trkpt>
      <trkpt lat="60.05055" lon="9.01821">
        <ele>920.4528902651732</ele>
        <time>1970-01-01T00:00:00.000Z</time>
      </trkpt>
      <trkpt lat="60.05053" lon="9.01849">
        <ele>919.2321924844802</ele>
        <time>1970-01-01T00:00:00.000Z</time>
      </trkpt>
      <trkpt lat="60.05051" lon="9.01868">
        <ele>918.3941828439658</ele>
        <time>1970-01-01T00:00:00.000Z</time>
      </trkpt>
      <trkpt lat="60.05046" lon="9.01882">
        <ele>917.6512991744713</ele>
        <time>1970-01-01T00:00:00.000Z</time>
      </trkpt>
      <trkpt lat="60.0504" lon="9.01896">
        <ele>916.8550083594833</ele>
        <time>1970-01-01T00:00:00.000Z</time>
      </trkpt>
      <trkpt lat="60.05" lon="9.01954">
        <ele>912.5862568558798</ele>
        <time>1970-01-01T00:00:00.000Z</time>
      </trkpt>
      <trkpt lat="60.04991" lon="9.01972">
        <ele>911.4868117320507</ele>
        <time>1970-01-01T00:00:00.000Z</time>
      </trkpt>
      <trkpt lat="60.04987616394099" lon="9.019813049415003">
        <ele>910.99</ele>
        <time>1970-01-01T00:00:00.000Z</time>
      </trkpt>
      <trkpt lat="60.04983" lon="9.01994">
        <ele>910.324121520945</ele>
        <time>1970-01-01T00:00:00.000Z</time>
      </trkpt>
      <trkpt lat="60.04973" lon="9.02036">
        <ele>908.3512873514927</ele>
        <time>1970-01-01T00:00:00.000Z</time>
      </trkpt>
      <trkpt lat="60.04966" lon="9.02075">
        <ele>906.5941658379155</ele>
        <time>1970-01-01T00:00:00.000Z</time>
      </trkpt>
      <trkpt lat="60.04961" lon="9.02118">
        <ele>904.7222676555197</ele>
        <time>1970-01-01T00:00:00.000Z</time>
      </trkpt>
      <trkpt lat="60.04961" lon="9.02141">
        <ele>903.7471187179347</ele>
        <time>1970-01-01T00:00:00.000Z</time>
      </trkpt>
      <trkpt lat="60.04963" lon="9.02162">
        <ele>902.840710262656</ele>
        <time>1970-01-01T00:00:00.000Z</time>
      </trkpt>
      <trkpt lat="60.0496908848149" lon="9.021909202232392">
        <ele>901.51</ele>
        <time>1970-01-01T00:00:00.000Z</time>
      </trkpt>
      <trkpt lat="60.04971" lon="9.022">
        <ele>901.0675325176474</ele>
        <time>1970-01-01T00:00:00.000Z</time>
      </trkpt>
      <trkpt lat="60.04981" lon="9.02226">
        <ele>899.593809100253</ele>
        <time>1970-01-01T00:00:00.000Z</time>
      </trkpt>
      <trkpt lat="60.04988" lon="9.02238">
        <ele>898.7651369911496</ele>
        <time>1970-01-01T00:00:00.000Z</time>
      </trkpt>
      <trkpt lat="60.05006" lon="9.02261">
        <ele>896.8448694383297</ele>
        <time>1970-01-01T00:00:00.000Z</time>
      </trkpt>
      <trkpt lat="60.05055" lon="9.02308">
        <ele>891.9586036368901</ele>
        <time>1970-01-01T00:00:00.000Z</time>
      </trkpt>
      <trkpt lat="60.05059637452194" lon="9.023136679882425">
        <ele>891.47</ele>
        <time>1970-01-01T00:00:00.000Z</time>
      </trkpt>
      <trkpt lat="60.05064" lon="9.02319">
        <ele>891.2955749195463</ele>
        <time>1970-01-01T00:00:00.000Z</time>
      </trkpt>
      <trkpt lat="60.0507" lon="9.02332">
        <ele>890.9939101493662</ele>
        <time>1970-01-01T00:00:00.000Z</time>
      </trkpt>
      <trkpt lat="60.05077" lon="9.02347">
        <ele>890.6440482285897</ele>
        <time>1970-01-01T00:00:00.000Z</time>
      </trkpt>
      <trkpt lat="60.05087" lon="9.02386">
        <ele>889.897003236834</ele>
        <time>1970-01-01T00:00:00.000Z</time>
      </trkpt>
      <trkpt lat="60.05088" lon="9.02402">
        <ele>889.622251726394</ele>
        <time>1970-01-01T00:00:00.000Z</time>
      </trkpt>
      <trkpt lat="60.05088" lon="9.02432">
        <ele>889.1110829692631</ele>
        <time>1970-01-01T00:00:00.000Z</time>
      </trkpt>
      <trkpt lat="60.05085" lon="9.02465">
        <ele>888.53955047286</ele>
        <time>1970-01-01T00:00:00.000Z</time>
      </trkpt>
      <trkpt lat="60.05082" lon="9.02482">
        <ele>888.2323234419545</ele>
        <time>1970-01-01T00:00:00.000Z</time>
      </trkpt>
      <trkpt lat="60.05069" lon="9.02514">
        <ele>887.5293569240199</ele>
        <time>1970-01-01T00:00:00.000Z</time>
      </trkpt>
      <trkpt lat="60.05048" lon="9.02542">
        <ele>886.6683490992046</ele>
        <time>1970-01-01T00:00:00.000Z</time>
      </trkpt>
      <trkpt lat="60.05039" lon="9.02551">
        <ele>886.3250229906394</ele>
        <time>1970-01-01T00:00:00.000Z</time>
      </trkpt>
      <trkpt lat="60.04987" lon="9.02588">
        <ele>884.4415882789582</ele>
        <time>1970-01-01T00:00:00.000Z</time>
      </trkpt>
      <trkpt lat="60.04970096614787" lon="9.025956833690813">
        <ele>883.85</ele>
        <time>1970-01-01T00:00:00.000Z</time>
      </trkpt>
      <trkpt lat="60.04965" lon="9.02598">
        <ele>883.5634805860698</ele>
        <time>1970-01-01T00:00:00.000Z</time>
      </trkpt>
      <trkpt lat="60.04956" lon="9.02598">
        <ele>883.0700674887637</ele>
        <time>1970-01-01T00:00:00.000Z</time>
      </trkpt>
      <trkpt lat="60.04892" lon="9.02588">
        <ele>879.5506924347327</ele>
        <time>1970-01-01T00:00:00.000Z</time>
      </trkpt>
      <trkpt lat="60.04858887568402" lon="9.025930942293574">
        <ele>877.73</ele>
        <time>1970-01-01T00:00:00.000Z</time>
      </trkpt>
      <trkpt lat="60.04853" lon="9.02594">
        <ele>877.399923480199</ele>
        <time>1970-01-01T00:00:00.000Z</time>
      </trkpt>
      <trkpt lat="60.04791" lon="9.02608">
        <ele>873.91225200946</ele>
        <time>1970-01-01T00:00:00.000Z</time>
      </trkpt>
      <trkpt lat="60.04749" lon="9.02629">
        <ele>871.4924587191346</ele>
        <time>1970-01-01T00:00:00.000Z</time>
      </trkpt>
      <trkpt lat="60.04736" lon="9.02638">
        <ele>870.8734322932435</ele>
        <time>1970-01-01T00:00:00.000Z</time>
      </trkpt>
      <trkpt lat="60.04707" lon="9.02666">
        <ele>869.4256852013241</ele>
        <time>1970-01-01T00:00:00.000Z</time>
      </trkpt>
      <trkpt lat="60.04686" lon="9.02687">
        <ele>868.3701530520984</ele>
        <time>1970-01-01T00:00:00.000Z</time>
      </trkpt>
      <trkpt lat="60.04649883500177" lon="9.027309254866791">
        <ele>866.47</ele>
        <time>1970-01-01T00:00:00.000Z</time>
      </trkpt>
      <trkpt lat="60.04649" lon="9.02732">
        <ele>866.4071283686418</ele>
        <time>1970-01-01T00:00:00.000Z</time>
      </trkpt>
      <trkpt lat="60.04636" lon="9.02753">
        <ele>865.3912482737944</ele>
        <time>1970-01-01T00:00:00.000Z</time>
      </trkpt>
      <trkpt lat="60.04628" lon="9.02779">
        <ele>864.4637285576619</ele>
        <time>1970-01-01T00:00:00.000Z</time>
      </trkpt>
      <trkpt lat="60.04621" lon="9.02812">
        <ele>863.3748155571537</ele>
        <time>1970-01-01T00:00:00.000Z</time>
      </trkpt>
      <trkpt lat="60.04612" lon="9.02897">
        <ele>860.7359294089006</ele>
        <time>1970-01-01T00:00:00.000Z</time>
      </trkpt>
      <trkpt lat="60.0460725102246" lon="9.02930442116959">
        <ele>859.68</ele>
        <time>1970-01-01T00:00:00.000Z</time>
      </trkpt>
      <trkpt lat="60.04588" lon="9.03066">
        <ele>844.5023479802065</ele>
        <time>1970-01-01T00:00:00.000Z</time>
      </trkpt>
      <trkpt lat="60.04578244682986" lon="9.031462945083133">
        <ele>840.71</ele>
        <time>1970-01-01T00:00:00.000Z</time>
      </trkpt>
      <trkpt lat="60.04575" lon="9.03173">
        <ele>840.1276955776761</ele>
        <time>1970-01-01T00:00:00.000Z</time>
      </trkpt>
      <trkpt lat="60.04574" lon="9.03196">
        <ele>839.6385630283328</ele>
        <time>1970-01-01T00:00:00.000Z</time>
      </trkpt>
      <trkpt lat="60.04578" lon="9.03232">
        <ele>838.8571942860186</ele>
        <time>1970-01-01T00:00:00.000Z</time>
      </trkpt>
      <trkpt lat="60.04585" lon="9.03258">
        <ele>838.2313717013097</ele>
        <time>1970-01-01T00:00:00.000Z</time>
      </trkpt>
      <trkpt lat="60.04595" lon="9.0328">
        <ele>837.601059565292</ele>
        <time>1970-01-01T00:00:00.000Z</time>
      </trkpt>
      <trkpt lat="60.0461" lon="9.03304">
        <ele>836.7864173252709</ele>
        <time>1970-01-01T00:00:00.000Z</time>
      </trkpt>
      <trkpt lat="60.04625" lon="9.0332">
        <ele>836.065302775516</ele>
        <time>1970-01-01T00:00:00.000Z</time>
      </trkpt>
      <trkpt lat="60.04638" lon="9.03326">
        <ele>835.499234476901</ele>
        <time>1970-01-01T00:00:00.000Z</time>
      </trkpt>
      <trkpt lat="60.04655" lon="9.03327">
        <ele>834.7775859626971</ele>
        <time>1970-01-01T00:00:00.000Z</time>
      </trkpt>
      <trkpt lat="60.04673" lon="9.03324">
        <ele>834.0111769484006</ele>
        <time>1970-01-01T00:00:00.000Z</time>
      </trkpt>
      <trkpt lat="60.04778" lon="9.033">
        <ele>829.5269383205616</ele>
        <time>1970-01-01T00:00:00.000Z</time>
      </trkpt>
      <trkpt lat="60.04786" lon="9.03303">
        <ele>829.1815869423785</ele>
        <time>1970-01-01T00:00:00.000Z</time>
      </trkpt>
      <trkpt lat="60.04789" lon="9.03307">
        <ele>829.0286656878026</ele>
        <time>1970-01-01T00:00:00.000Z</time>
      </trkpt>
      <trkpt lat="60.04792" lon="9.03318">
        <ele>828.7631290996617</ele>
        <time>1970-01-01T00:00:00.000Z</time>
      </trkpt>
      <trkpt lat="60.04793" lon="9.03328">
        <ele>828.5470709294027</ele>
        <time>1970-01-01T00:00:00.000Z</time>
      </trkpt>
      <trkpt lat="60.04788" lon="9.03347">
        <ele>828.09206484144</ele>
        <time>1970-01-01T00:00:00.000Z</time>
      </trkpt>
      <trkpt lat="60.0478" lon="9.03359">
        <ele>827.6679695522799</ele>
        <time>1970-01-01T00:00:00.000Z</time>
      </trkpt>
      <trkpt lat="60.04769" lon="9.03371">
        <ele>827.1364788384204</ele>
        <time>1970-01-01T00:00:00.000Z</time>
      </trkpt>
      <trkpt lat="60.04755148146269" lon="9.033825282298054">
        <ele>826.5</ele>
        <time>1970-01-01T00:00:00.000Z</time>
      </trkpt>
      <trkpt lat="60.04652062528188" lon="9.03468318117234">
        <ele>808.31</ele>
        <time>1970-01-01T00:00:00.000Z</time>
      </trkpt>
      <trkpt lat="60.0462" lon="9.03495">
        <ele>805.8280042024884</ele>
        <time>1970-01-01T00:00:00.000Z</time>
      </trkpt>
      <trkpt lat="60.04601" lon="9.03516">
        <ele>804.2766758736457</ele>
        <time>1970-01-01T00:00:00.000Z</time>
      </trkpt>
      <trkpt lat="60.04589" lon="9.03535">
        <ele>803.1831552070981</ele>
        <time>1970-01-01T00:00:00.000Z</time>
      </trkpt>
      <trkpt lat="60.04572" lon="9.03576">
        <ele>801.280925959759</ele>
        <time>1970-01-01T00:00:00.000Z</time>
      </trkpt>
      <trkpt lat="60.0456503250428" lon="9.035986945763907">
        <ele>800.33</ele>
        <time>1970-01-01T00:00:00.000Z</time>
      </trkpt>
      <trkpt lat="60.04537" lon="9.0369">
        <ele>796.988390562899</ele>
        <time>1970-01-01T00:00:00.000Z</time>
      </trkpt>
      <trkpt lat="60.04512" lon="9.03776">
        <ele>793.88593785473</ele>
        <time>1970-01-01T00:00:00.000Z</time>
      </trkpt>
      <trkpt lat="60.04509070944057" lon="9.03791816948072">
        <ele>793.36</ele>
        <time>1970-01-01T00:00:00.000Z</time>
      </trkpt>
      <trkpt lat="60.04507" lon="9.03803">
        <ele>793.0559011215066</ele>
        <time>1970-01-01T00:00:00.000Z</time>
      </trkpt>
      <trkpt lat="60.04502" lon="9.03828">
        <ele>792.3692748364754</ele>
        <time>1970-01-01T00:00:00.000Z</time>
      </trkpt>
      <trkpt lat="60.045" lon="9.03846">
        <ele>791.8991237221678</ele>
        <time>1970-01-01T00:00:00.000Z</time>
      </trkpt>
      <trkpt lat="60.04498" lon="9.03862">
        <ele>791.4786007961109</ele>
        <time>1970-01-01T00:00:00.000Z</time>
      </trkpt>
      <trkpt lat="60.04496" lon="9.03892">
        <ele>790.7069359066547</ele>
        <time>1970-01-01T00:00:00.000Z</time>
      </trkpt>
      <trkpt lat="60.04496" lon="9.03905">
        <ele>790.3754888615196</ele>
        <time>1970-01-01T00:00:00.000Z</time>
      </trkpt>
      <trkpt lat="60.04499" lon="9.03905">
        <ele>790.2223050568244</ele>
        <time>1970-01-01T00:00:00.000Z</time>
      </trkpt>
      <trkpt lat="60.04497" lon="9.03932">
        <ele>789.5263817466431</ele>
        <time>1970-01-01T00:00:00.000Z</time>
      </trkpt>
      <trkpt lat="60.045" lon="9.03965">
        <ele>788.6711857230517</ele>
        <time>1970-01-01T00:00:00.000Z</time>
      </trkpt>
      <trkpt lat="60.04506" lon="9.03996">
        <ele>787.8235129763362</ele>
        <time>1970-01-01T00:00:00.000Z</time>
      </trkpt>
      <trkpt lat="60.04507778005386" lon="9.040013339399888">
        <ele>787.66</ele>
        <time>1970-01-01T00:00:00.000Z</time>
      </trkpt>
      <trkpt lat="60.0453" lon="9.04068">
        <ele>780.1395261621935</ele>
        <time>1970-01-01T00:00:00.000Z</time>
      </trkpt>
      <trkpt lat="60.04536" lon="9.04095">
        <ele>779.2802951909094</ele>
        <time>1970-01-01T00:00:00.000Z</time>
      </trkpt>
      <trkpt lat="60.04552" lon="9.042">
        <ele>776.0885420110245</ele>
        <time>1970-01-01T00:00:00.000Z</time>
      </trkpt>
      <trkpt lat="60.045521766076305" lon="9.042040619076863">
        <ele>775.97</ele>
        <time>1970-01-01T00:00:00.000Z</time>
      </trkpt>
      <trkpt lat="60.04553" lon="9.04223">
        <ele>775.548258188608</ele>
        <time>1970-01-01T00:00:00.000Z</time>
      </trkpt>
      <trkpt lat="60.04551" lon="9.04257">
        <ele>774.7887329012549</ele>
        <time>1970-01-01T00:00:00.000Z</time>
      </trkpt>
      <trkpt lat="60.0454" lon="9.04305">
        <ele>773.6170197446817</ele>
        <time>1970-01-01T00:00:00.000Z</time>
      </trkpt>
      <trkpt lat="60.04519" lon="9.04361">
        <ele>772.0632533752785</ele>
        <time>1970-01-01T00:00:00.000Z</time>
      </trkpt>
      <trkpt lat="60.04503884597466" lon="9.043975704203982">
        <ele>771.01</ele>
        <time>1970-01-01T00:00:00.000Z</time>
      </trkpt>
      <trkpt lat="60.04457" lon="9.04511">
        <ele>767.374243535465</ele>
        <time>1970-01-01T00:00:00.000Z</time>
      </trkpt>
      <trkpt lat="60.04449" lon="9.04535">
        <ele>766.661747334122</ele>
        <time>1970-01-01T00:00:00.000Z</time>
      </trkpt>
      <trkpt lat="60.04443" lon="9.04562">
        <ele>765.9320459081181</ele>
        <time>1970-01-01T00:00:00.000Z</time>
      </trkpt>
      <trkpt lat="60.044421895968696" lon="9.045798292628062">
        <ele>765.49</ele>
        <time>1970-01-01T00:00:00.000Z</time>
      </trkpt>
      <trkpt lat="60.04441" lon="9.04606">
        <ele>764.7905960261705</ele>
        <time>1970-01-01T00:00:00.000Z</time>
      </trkpt>
      <trkpt lat="60.04444" lon="9.04625">
        <ele>764.2602391548147</ele>
        <time>1970-01-01T00:00:00.000Z</time>
      </trkpt>
      <trkpt lat="60.04453" lon="9.04666">
        <ele>763.0682538160902</ele>
        <time>1970-01-01T00:00:00.000Z</time>
      </trkpt>
      <trkpt lat="60.04472" lon="9.04741">
        <ele>760.8299645114648</ele>
        <time>1970-01-01T00:00:00.000Z</time>
      </trkpt>
      <trkpt lat="60.04476" lon="9.04779">
        <ele>759.7963907942765</ele>
        <time>1970-01-01T00:00:00.000Z</time>
      </trkpt>
      <trkpt lat="60.04475573540717" lon="9.04788595627021">
        <ele>759.54</ele>
        <time>1970-01-01T00:00:00.000Z</time>
      </trkpt>
      <trkpt lat="60.04474" lon="9.04824">
        <ele>756.693298886247</ele>
        <time>1970-01-01T00:00:00.000Z</time>
      </trkpt>
      <trkpt lat="60.04467" lon="9.04879">
        <ele>756.9700293366548</ele>
        <time>1970-01-01T00:00:00.000Z</time>
      </trkpt>
      <trkpt lat="60.04459" lon="9.04932">
        <ele>757.2399841437929</ele>
        <time>1970-01-01T00:00:00.000Z</time>
      </trkpt>
      <trkpt lat="60.04452" lon="9.04966">
        <ele>757.4192927309836</ele>
        <time>1970-01-01T00:00:00.000Z</time>
      </trkpt>
      <trkpt lat="60.04456" lon="9.04967">
        <ele>757.4586532602868</ele>
        <time>1970-01-01T00:00:00.000Z</time>
      </trkpt>
      <trkpt lat="60.04465" lon="9.04967">
        <ele>757.5465323903626</ele>
        <time>1970-01-01T00:00:00.000Z</time>
      </trkpt>
      <trkpt lat="60.0447" lon="9.04963">
        <ele>757.5991052208758</ele>
        <time>1970-01-01T00:00:00.000Z</time>
      </trkpt>
      <trkpt lat="60.04470789504336" lon="9.049614209972127">
        <ele>757.61</ele>
        <time>1970-01-01T00:00:00.000Z</time>
      </trkpt>
      <trkpt lat="60.04479" lon="9.04945">
        <ele>758.146360862868</ele>
        <time>1970-01-01T00:00:00.000Z</time>
      </trkpt>
      <trkpt lat="60.04491" lon="9.0491">
        <ele>759.1262853529212</ele>
        <time>1970-01-01T00:00:00.000Z</time>
      </trkpt>
      <trkpt lat="60.04499" lon="9.04896">
        <ele>759.6173625074821</ele>
        <time>1970-01-01T00:00:00.000Z</time>
      </trkpt>
      <trkpt lat="60.04509" lon="9.04885">
        <ele>760.1447356362777</ele>
        <time>1970-01-01T00:00:00.000Z</time>
      </trkpt>
      <trkpt lat="60.04557" lon="9.04852">
        <ele>762.4905712456855</ele>
        <time>1970-01-01T00:00:00.000Z</time>
      </trkpt>
      <trkpt lat="60.0456258839461" lon="9.0484738352652">
        <ele>762.77</ele>
        <time>1970-01-01T00:00:00.000Z</time>
      </trkpt>
      <trkpt lat="60.0458" lon="9.04833">
        <ele>763.6827895646552</ele>
        <time>1970-01-01T00:00:00.000Z</time>
      </trkpt>
      <trkpt lat="60.04596" lon="9.04817">
        <ele>764.5494890711399</ele>
        <time>1970-01-01T00:00:00.000Z</time>
      </trkpt>
      <trkpt lat="60.04616" lon="9.04791">
        <ele>765.7050438642921</ele>
        <time>1970-01-01T00:00:00.000Z</time>
      </trkpt>
      <trkpt lat="60.04643" lon="9.04751">
        <ele>767.3326361874703</ele>
        <time>1970-01-01T00:00:00.000Z</time>
      </trkpt>
      <trkpt lat="60.0465582095249" lon="9.0472718967182">
        <ele>768.18</ele>
        <time>1970-01-01T00:00:00.000Z</time>
      </trkpt>
      <trkpt lat="60.04657" lon="9.04725">
        <ele>768.241073148681</ele>
        <time>1970-01-01T00:00:00.000Z</time>
      </trkpt>
      <trkpt lat="60.04671" lon="9.04707">
        <ele>768.8729659946107</ele>
        <time>1970-01-01T00:00:00.000Z</time>
      </trkpt>
      <trkpt lat="60.04684" lon="9.04696">
        <ele>769.4089953271866</ele>
        <time>1970-01-01T00:00:00.000Z</time>
      </trkpt>
      <trkpt lat="60.0471" lon="9.04682">
        <ele>770.4316051026068</ele>
        <time>1970-01-01T00:00:00.000Z</time>
      </trkpt>
      <trkpt lat="60.0472" lon="9.04673">
        <ele>770.8480148846575</ele>
        <time>1970-01-01T00:00:00.000Z</time>
      </trkpt>
      <trkpt lat="60.04726" lon="9.04662">
        <ele>771.1569678471905</ele>
        <time>1970-01-01T00:00:00.000Z</time>
      </trkpt>
      <trkpt lat="60.04738" lon="9.04639">
        <ele>771.7878326045444</ele>
        <time>1970-01-01T00:00:00.000Z</time>
      </trkpt>
      <trkpt lat="60.04746" lon="9.04615">
        <ele>772.335079162184</ele>
        <time>1970-01-01T00:00:00.000Z</time>
      </trkpt>
      <trkpt lat="60.047470802107405" lon="9.046110793164098">
        <ele>772.42</ele>
        <time>1970-01-01T00:00:00.000Z</time>
      </trkpt>
      <trkpt lat="60.04773" lon="9.04517">
        <ele>776.5224981350951</ele>
        <time>1970-01-01T00:00:00.000Z</time>
      </trkpt>
      <trkpt lat="60.04784" lon="9.04479">
        <ele>776.9527415456386</ele>
        <time>1970-01-01T00:00:00.000Z</time>
      </trkpt>
      <trkpt lat="60.04804" lon="9.04434">
        <ele>777.5428517994611</ele>
        <time>1970-01-01T00:00:00.000Z</time>
      </trkpt>
      <trkpt lat="60.048071580382775" lon="9.044238493374039">
        <ele>777.66</ele>
        <time>1970-01-01T00:00:00.000Z</time>
      </trkpt>
      <trkpt lat="60.04832" lon="9.04344">
        <ele>778.9981101604042</ele>
        <time>1970-01-01T00:00:00.000Z</time>
      </trkpt>
      <trkpt lat="60.04866" lon="9.04265">
        <ele>780.4815260417313</ele>
        <time>1970-01-01T00:00:00.000Z</time>
      </trkpt>
      <trkpt lat="60.04872208567471" lon="9.042430764335645">
        <ele>780.84</ele>
        <time>1970-01-01T00:00:00.000Z</time>
      </trkpt>
      <trkpt lat="60.04898" lon="9.04152">
        <ele>782.4977703010434</ele>
        <time>1970-01-01T00:00:00.000Z</time>
      </trkpt>
      <trkpt lat="60.04903" lon="9.04136">
        <ele>782.7966194976265</ele>
        <time>1970-01-01T00:00:00.000Z</time>
      </trkpt>
      <trkpt lat="60.04918" lon="9.04106">
        <ele>783.468827747609</ele>
        <time>1970-01-01T00:00:00.000Z</time>
      </trkpt>
      <trkpt lat="60.049404498263186" lon="9.040700806732755">
        <ele>784.38</ele>
        <time>1970-01-01T00:00:00.000Z</time>
      </trkpt>
      <trkpt lat="60.04968" lon="9.04026">
        <ele>785.3118214295552</ele>
        <time>1970-01-01T00:00:00.000Z</time>
      </trkpt>
      <trkpt lat="60.04975" lon="9.04012">
        <ele>785.5732333375333</ele>
        <time>1970-01-01T00:00:00.000Z</time>
      </trkpt>
      <trkpt lat="60.05004" lon="9.03931">
        <ele>786.8882788237979</ele>
        <time>1970-01-01T00:00:00.000Z</time>
      </trkpt>
      <trkpt lat="60.05016" lon="9.03909">
        <ele>787.3181727490626</ele>
        <time>1970-01-01T00:00:00.000Z</time>
      </trkpt>
      <trkpt lat="60.05022" lon="9.03901">
        <ele>787.4632287341624</ele>
        <time>1970-01-01T00:00:00.000Z</time>
      </trkpt>
      <trkpt lat="60.05035" lon="9.03891">
        <ele>787.7376736814972</ele>
        <time>1970-01-01T00:00:00.000Z</time>
      </trkpt>
      <trkpt lat="60.05041" lon="9.03887">
        <ele>787.8622981443054</ele>
        <time>1970-01-01T00:00:00.000Z</time>
      </trkpt>
      <trkpt lat="60.05052" lon="9.03884">
        <ele>788.0810847836142</ele>
        <time>1970-01-01T00:00:00.000Z</time>
      </trkpt>
      <trkpt lat="60.05073" lon="9.03887">
        <ele>788.4960010130834</ele>
        <time>1970-01-01T00:00:00.000Z</time>
      </trkpt>
      <trkpt lat="60.05101" lon="9.03898">
        <ele>789.0583339297751</ele>
        <time>1970-01-01T00:00:00.000Z</time>
      </trkpt>
      <trkpt lat="60.05125" lon="9.03904">
        <ele>789.5310664922058</ele>
        <time>1970-01-01T00:00:00.000Z</time>
      </trkpt>
      <trkpt lat="60.05145" lon="9.03905">
        <ele>789.6152990229454</ele>
        <time>1970-01-01T00:00:00.000Z</time>
      </trkpt>
      <trkpt lat="60.05171" lon="9.03903">
        <ele>789.7248479010508</ele>
        <time>1970-01-01T00:00:00.000Z</time>
      </trkpt>
      <trkpt lat="60.05182" lon="9.03907">
        <ele>789.7719182988933</ele>
        <time>1970-01-01T00:00:00.000Z</time>
      </trkpt>
      <trkpt lat="60.05191" lon="9.03917">
        <ele>789.8152501220877</ele>
        <time>1970-01-01T00:00:00.000Z</time>
      </trkpt>
      <trkpt lat="60.05196" lon="9.03931">
        <ele>789.8514309697881</ele>
        <time>1970-01-01T00:00:00.000Z</time>
      </trkpt>
      <trkpt lat="60.05203" lon="9.03988">
        <ele>789.9748081412375</ele>
        <time>1970-01-01T00:00:00.000Z</time>
      </trkpt>
      <trkpt lat="60.05216" lon="9.04016">
        <ele>790.0551780818865</ele>
        <time>1970-01-01T00:00:00.000Z</time>
      </trkpt>
      <trkpt lat="60.05226" lon="9.04026">
        <ele>790.1022359821654</ele>
        <time>1970-01-01T00:00:00.000Z</time>
      </trkpt>
      <trkpt lat="60.05237" lon="9.04034">
        <ele>790.1515073588765</ele>
        <time>1970-01-01T00:00:00.000Z</time>
      </trkpt>
      <trkpt lat="60.0527" lon="9.04047">
        <ele>790.2931089548719</ele>
        <time>1970-01-01T00:00:00.000Z</time>
      </trkpt>
      <trkpt lat="60.0528" lon="9.04054">
        <ele>790.3377086842747</ele>
        <time>1970-01-01T00:00:00.000Z</time>
      </trkpt>
      <trkpt lat="60.05293" lon="9.04068">
        <ele>790.3998509196663</ele>
        <time>1970-01-01T00:00:00.000Z</time>
      </trkpt>
      <trkpt lat="60.05306285220209" lon="9.040881419690036">
        <ele>790.47</ele>
        <time>1970-01-01T00:00:00.000Z</time>
      </trkpt>
      <trkpt lat="60.05324" lon="9.04115">
        <ele>790.6431456340863</ele>
        <time>1970-01-01T00:00:00.000Z</time>
      </trkpt>
      <trkpt lat="60.05338" lon="9.04124">
        <ele>790.7577361141314</ele>
        <time>1970-01-01T00:00:00.000Z</time>
      </trkpt>
      <trkpt lat="60.05345" lon="9.04126">
        <ele>790.8128431406989</ele>
        <time>1970-01-01T00:00:00.000Z</time>
      </trkpt>
      <trkpt lat="60.05353" lon="9.04125">
        <ele>790.8753128995342</ele>
        <time>1970-01-01T00:00:00.000Z</time>
      </trkpt>
      <trkpt lat="60.05366" lon="9.04119">
        <ele>790.9792834719175</ele>
        <time>1970-01-01T00:00:00.000Z</time>
      </trkpt>
      <trkpt lat="60.05398" lon="9.04099">
        <ele>791.2405334792909</ele>
        <time>1970-01-01T00:00:00.000Z</time>
      </trkpt>
      <trkpt lat="60.054104201637614" lon="9.040931167765894">
        <ele>791.34</ele>
        <time>1970-01-01T00:00:00.000Z</time>
      </trkpt>
      <trkpt lat="60.05417" lon="9.0409">
        <ele>793.5340903178122</ele>
        <time>1970-01-01T00:00:00.000Z</time>
      </trkpt>
      <trkpt lat="60.05429" lon="9.04088">
        <ele>793.9688015697861</ele>
        <time>1970-01-01T00:00:00.000Z</time>
      </trkpt>
      <trkpt lat="60.05437" lon="9.04089">
        <ele>794.258172952816</ele>
        <time>1970-01-01T00:00:00.000Z</time>
      </trkpt>
      <trkpt lat="60.05466" lon="9.04107">
        <ele>795.3542078872176</ele>
        <time>1970-01-01T00:00:00.000Z</time>
      </trkpt>
      <trkpt lat="60.05481" lon="9.04109">
        <ele>795.8969241424254</ele>
        <time>1970-01-01T00:00:00.000Z</time>
      </trkpt>
      <trkpt lat="60.0549" lon="9.04107">
        <ele>796.2238279177415</ele>
        <time>1970-01-01T00:00:00.000Z</time>
      </trkpt>
      <trkpt lat="60.05504" lon="9.04097">
        <ele>796.7604101847944</ele>
        <time>1970-01-01T00:00:00.000Z</time>
      </trkpt>
      <trkpt lat="60.055175813096334" lon="9.040820330273574">
        <ele>797.32</ele>
        <time>1970-01-01T00:00:00.000Z</time>
      </trkpt>
      <trkpt lat="60.05553" lon="9.04043">
        <ele>799.2392539747912</ele>
        <time>1970-01-01T00:00:00.000Z</time>
      </trkpt>
      <trkpt lat="60.05598" lon="9.04018">
        <ele>801.456392976751</ele>
        <time>1970-01-01T00:00:00.000Z</time>
      </trkpt>
      <trkpt lat="60.05612" lon="9.04016">
        <ele>802.12277303356</ele>
        <time>1970-01-01T00:00:00.000Z</time>
      </trkpt>
      <trkpt lat="60.05622381221698" lon="9.040187683218775">
        <ele>802.62</ele>
        <time>1970-01-01T00:00:00.000Z</time>
      </trkpt>
      <trkpt lat="60.05627" lon="9.0402">
        <ele>802.8946523799904</ele>
        <time>1970-01-01T00:00:00.000Z</time>
      </trkpt>
      <trkpt lat="60.05637" lon="9.04025">
        <ele>803.5021766474564</ele>
        <time>1970-01-01T00:00:00.000Z</time>
      </trkpt>
      <trkpt lat="60.05682" lon="9.04063">
        <ele>806.380671597131</ele>
        <time>1970-01-01T00:00:00.000Z</time>
      </trkpt>
      <trkpt lat="60.05695" lon="9.04068">
        <ele>807.1609418102427</ele>
        <time>1970-01-01T00:00:00.000Z</time>
      </trkpt>
      <trkpt lat="60.05704" lon="9.0407">
        <ele>807.6946949483114</ele>
        <time>1970-01-01T00:00:00.000Z</time>
      </trkpt>
      <trkpt lat="60.05721" lon="9.04068">
        <ele>808.6984761303358</ele>
        <time>1970-01-01T00:00:00.000Z</time>
      </trkpt>
      <trkpt lat="60.05729504530743" lon="9.040674845777216">
        <ele>809.2</ele>
        <time>1970-01-01T00:00:00.000Z</time>
      </trkpt>
      <trkpt lat="60.05754" lon="9.04066">
        <ele>810.8926045436104</ele>
        <time>1970-01-01T00:00:00.000Z</time>
      </trkpt>
      <trkpt lat="60.0581" lon="9.04066">
        <ele>814.7603612410072</ele>
        <time>1970-01-01T00:00:00.000Z</time>
      </trkpt>
      <trkpt lat="60.0584" lon="9.04063">
        <ele>816.8349530515592</ele>
        <time>1970-01-01T00:00:00.000Z</time>
      </trkpt>
      <trkpt lat="60.05841084913485" lon="9.04063120545324">
        <ele>816.91</ele>
        <time>1970-01-01T00:00:00.000Z</time>
      </trkpt>
      <trkpt lat="60.05858" lon="9.04065">
        <ele>818.195408565963</ele>
        <time>1970-01-01T00:00:00.000Z</time>
      </trkpt>
      <trkpt lat="60.05875" lon="9.04062">
        <ele>819.4902815578013</ele>
        <time>1970-01-01T00:00:00.000Z</time>
      </trkpt>
      <trkpt lat="60.05899" lon="9.04058">
        <ele>821.317577213521</ele>
        <time>1970-01-01T00:00:00.000Z</time>
      </trkpt>
      <trkpt lat="60.05915" lon="9.04054">
        <ele>822.5409953148251</ele>
        <time>1970-01-01T00:00:00.000Z</time>
      </trkpt>
      <trkpt lat="60.05928" lon="9.04048">
        <ele>823.5532058789042</ele>
        <time>1970-01-01T00:00:00.000Z</time>
      </trkpt>
      <trkpt lat="60.05951749855521" lon="9.0404008342588">
        <ele>825.38</ele>
        <time>1970-01-01T00:00:00.000Z</time>
      </trkpt>
      <trkpt lat="60.0597" lon="9.04034">
        <ele>834.7040122657381</ele>
        <time>1970-01-01T00:00:00.000Z</time>
      </trkpt>
      <trkpt lat="60.05988" lon="9.0403">
        <ele>835.745559870465</ele>
        <time>1970-01-01T00:00:00.000Z</time>
      </trkpt>
      <trkpt lat="60.06002" lon="9.04027">
        <ele>836.5553070433218</ele>
        <time>1970-01-01T00:00:00.000Z</time>
      </trkpt>
      <trkpt lat="60.06018" lon="9.04024">
        <ele>837.4795051288099</ele>
        <time>1970-01-01T00:00:00.000Z</time>
      </trkpt>
      <trkpt lat="60.06035" lon="9.04026">
        <ele>838.458877937585</ele>
        <time>1970-01-01T00:00:00.000Z</time>
      </trkpt>
      <trkpt lat="60.06062723303996" lon="9.040208930915513">
        <ele>840.06</ele>
        <time>1970-01-01T00:00:00.000Z</time>
      </trkpt>
      <trkpt lat="60.06073" lon="9.04019">
        <ele>840.5435035270114</ele>
        <time>1970-01-01T00:00:00.000Z</time>
      </trkpt>
      <trkpt lat="60.06113" lon="9.04023">
        <ele>842.4198741244722</ele>
        <time>1970-01-01T00:00:00.000Z</time>
      </trkpt>
      <trkpt lat="60.0614" lon="9.04022">
        <ele>843.6850659404099</ele>
        <time>1970-01-01T00:00:00.000Z</time>
      </trkpt>
      <trkpt lat="60.06174244355386" lon="9.040238023324422">
        <ele>845.29</ele>
        <time>1970-01-01T00:00:00.000Z</time>
      </trkpt>
      <trkpt lat="60.06178" lon="9.04024">
        <ele>845.4407748879221</ele>
        <time>1970-01-01T00:00:00.000Z</time>
      </trkpt>
      <trkpt lat="60.06193" lon="9.04024">
        <ele>846.0427603661078</ele>
        <time>1970-01-01T00:00:00.000Z</time>
      </trkpt>
      <trkpt lat="60.06193" lon="9.04017">
        <ele>846.1829605949765</ele>
        <time>1970-01-01T00:00:00.000Z</time>
      </trkpt>
      <trkpt lat="60.06204" lon="9.04022">
        <ele>846.6356326687976</ele>
        <time>1970-01-01T00:00:00.000Z</time>
      </trkpt>
      <trkpt lat="60.06223" lon="9.04023">
        <ele>847.3984105999441</ele>
        <time>1970-01-01T00:00:00.000Z</time>
      </trkpt>
      <trkpt lat="60.06232" lon="9.04021">
        <ele>847.7618162852661</ele>
        <time>1970-01-01T00:00:00.000Z</time>
      </trkpt>
      <trkpt lat="60.06266" lon="9.04021">
        <ele>849.1263167025112</ele>
        <time>1970-01-01T00:00:00.000Z</time>
      </trkpt>
      <trkpt lat="60.0628203900727" lon="9.040209999999998">
        <ele>849.77</ele>
        <time>1970-01-01T00:00:00.000Z</time>
      </trkpt>
      <trkpt lat="60.06288" lon="9.04021">
        <ele>850.0012188464365</ele>
        <time>1970-01-01T00:00:00.000Z</time>
      </trkpt>
      <trkpt lat="60.06299" lon="9.0402">
        <ele>850.4283328485851</ele>
        <time>1970-01-01T00:00:00.000Z</time>
      </trkpt>
      <trkpt lat="60.06324" lon="9.04017">
        <ele>851.399786315807</ele>
        <time>1970-01-01T00:00:00.000Z</time>
      </trkpt>
      <trkpt lat="60.0634" lon="9.04013">
        <ele>852.0252160584616</ele>
        <time>1970-01-01T00:00:00.000Z</time>
      </trkpt>
      <trkpt lat="60.06369" lon="9.04004">
        <ele>853.1634974909882</ele>
        <time>1970-01-01T00:00:00.000Z</time>
      </trkpt>
      <trkpt lat="60.06392833154158" lon="9.03996264892199">
        <ele>854.1</ele>
        <time>1970-01-01T00:00:00.000Z</time>
      </trkpt>
      <trkpt lat="60.06483" lon="9.03967">
        <ele>862.5185559761361</ele>
        <time>1970-01-01T00:00:00.000Z</time>
      </trkpt>
      <trkpt lat="60.06503" lon="9.03962">
        <ele>863.4935323284978</ele>
        <time>1970-01-01T00:00:00.000Z</time>
      </trkpt>
      <trkpt lat="60.06578" lon="9.03938">
        <ele>866.5766535292777</ele>
        <time>1970-01-01T00:00:00.000Z</time>
      </trkpt>
      <trkpt lat="60.06613303396502" lon="9.039259225322647">
        <ele>868.03</ele>
        <time>1970-01-01T00:00:00.000Z</time>
      </trkpt>
      <trkpt lat="60.06616" lon="9.03925">
        <ele>868.1299842969958</ele>
        <time>1970-01-01T00:00:00.000Z</time>
      </trkpt>
      <trkpt lat="60.0667" lon="9.03905">
        <ele>870.1370596313623</ele>
        <time>1970-01-01T00:00:00.000Z</time>
      </trkpt>
      <trkpt lat="60.06715" lon="9.03891">
        <ele>871.8014704702175</ele>
        <time>1970-01-01T00:00:00.000Z</time>
      </trkpt>
      <trkpt lat="60.06723399779438" lon="9.038893200474902">
        <ele>872.11</ele>
        <time>1970-01-01T00:00:00.000Z</time>
      </trkpt>
      <trkpt lat="60.0673" lon="9.03888">
        <ele>872.3423292592182</ele>
        <time>1970-01-01T00:00:00.000Z</time>
      </trkpt>
      <trkpt lat="60.06738" lon="9.03887">
        <ele>872.6230836955164</ele>
        <time>1970-01-01T00:00:00.000Z</time>
      </trkpt>
      <trkpt lat="60.06744" lon="9.03887">
        <ele>872.8332411258426</ele>
        <time>1970-01-01T00:00:00.000Z</time>
      </trkpt>
      <trkpt lat="60.06813" lon="9.03894">
        <ele>875.2531460730497</ele>
        <time>1970-01-01T00:00:00.000Z</time>
      </trkpt>
      <trkpt lat="60.06829" lon="9.03894">
        <ele>875.8135658872772</ele>
        <time>1970-01-01T00:00:00.000Z</time>
      </trkpt>
      <trkpt lat="60.068348716335194" lon="9.038950211483336">
        <ele>876.02</ele>
        <time>1970-01-01T00:00:00.000Z</time>
      </trkpt>
      <trkpt lat="60.06852" lon="9.03898">
        <ele>880.6262113940987</ele>
        <time>1970-01-01T00:00:00.000Z</time>
      </trkpt>
      <trkpt lat="60.0686" lon="9.03903">
        <ele>880.9947995353344</ele>
        <time>1970-01-01T00:00:00.000Z</time>
      </trkpt>
      <trkpt lat="60.06869" lon="9.03905">
        <ele>881.3930847429048</ele>
        <time>1970-01-01T00:00:00.000Z</time>
      </trkpt>
      <trkpt lat="60.0689" lon="9.03918">
        <ele>882.3598148426393</ele>
        <time>1970-01-01T00:00:00.000Z</time>
      </trkpt>
      <trkpt lat="60.06895" lon="9.03918">
        <ele>882.5797366207668</ele>
        <time>1970-01-01T00:00:00.000Z</time>
      </trkpt>
      <trkpt lat="60.06915" lon="9.03924">
        <ele>883.4692243323375</ele>
        <time>1970-01-01T00:00:00.000Z</time>
      </trkpt>
      <trkpt lat="60.06944669060035" lon="9.039296130528824">
        <ele>884.78</ele>
        <time>1970-01-01T00:00:00.000Z</time>
      </trkpt>
      <trkpt lat="60.06952" lon="9.03931">
        <ele>885.0669406203604</ele>
        <time>1970-01-01T00:00:00.000Z</time>
      </trkpt>
      <trkpt lat="60.06991" lon="9.03952">
        <ele>886.6405771779712</ele>
        <time>1970-01-01T00:00:00.000Z</time>
      </trkpt>
      <trkpt lat="60.07047" lon="9.03979">
        <ele>888.8850273481372</ele>
        <time>1970-01-01T00:00:00.000Z</time>
      </trkpt>
      <trkpt lat="60.070531839106" lon="9.039812674172415">
        <ele>889.13</ele>
        <time>1970-01-01T00:00:00.000Z</time>
      </trkpt>
      <trkpt lat="60.07077" lon="9.0399">
        <ele>889.8110285365638</ele>
        <time>1970-01-01T00:00:00.000Z</time>
      </trkpt>
      <trkpt lat="60.07119" lon="9.04007">
        <ele>891.0162744048198</ele>
        <time>1970-01-01T00:00:00.000Z</time>
      </trkpt>
      <trkpt lat="60.07141" lon="9.04013">
        <ele>891.6408036389618</ele>
        <time>1970-01-01T00:00:00.000Z</time>
      </trkpt>
      <trkpt lat="60.07152" lon="9.04018">
        <ele>891.9580738014297</ele>
        <time>1970-01-01T00:00:00.000Z</time>
      </trkpt>
      <trkpt lat="60.071628624821656" lon="9.040224727782762">
        <ele>892.27</ele>
        <time>1970-01-01T00:00:00.000Z</time>
      </trkpt>
      <trkpt lat="60.07169" lon="9.04025">
        <ele>892.4002188714323</ele>
        <time>1970-01-01T00:00:00.000Z</time>
      </trkpt>
      <trkpt lat="60.07179" lon="9.04027">
        <ele>892.6090792663409</ele>
        <time>1970-01-01T00:00:00.000Z</time>
      </trkpt>
      <trkpt lat="60.07236" lon="9.04053">
        <ele>893.8239889626839</ele>
        <time>1970-01-01T00:00:00.000Z</time>
      </trkpt>
      <trkpt lat="60.0725" lon="9.04056">
        <ele>894.1166066274146</ele>
        <time>1970-01-01T00:00:00.000Z</time>
      </trkpt>
      <trkpt lat="60.07261" lon="9.0406">
        <ele>894.348949455664</ele>
        <time>1970-01-01T00:00:00.000Z</time>
      </trkpt>
      <trkpt lat="60.0727" lon="9.04058">
        <ele>894.5371409663593</ele>
        <time>1970-01-01T00:00:00.000Z</time>
      </trkpt>
      <trkpt lat="60.07272534651909" lon="9.040575775592316">
        <ele>894.59</ele>
        <time>1970-01-01T00:00:00.000Z</time>
      </trkpt>
      <trkpt lat="60.07282" lon="9.04056">
        <ele>895.4348949411242</ele>
        <time>1970-01-01T00:00:00.000Z</time>
      </trkpt>
      <trkpt lat="60.07291" lon="9.04051">
        <ele>895.4298751895628</ele>
        <time>1970-01-01T00:00:00.000Z</time>
      </trkpt>
      <trkpt lat="60.07293" lon="9.04051">
        <ele>895.4288002154947</ele>
        <time>1970-01-01T00:00:00.000Z</time>
      </trkpt>
      <trkpt lat="60.07341" lon="9.04033">
        <ele>895.402553220987</ele>
        <time>1970-01-01T00:00:00.000Z</time>
      </trkpt>
      <trkpt lat="60.07351" lon="9.04031">
        <ele>895.3971516618269</ele>
        <time>1970-01-01T00:00:00.000Z</time>
      </trkpt>
      <trkpt lat="60.07365" lon="9.04026">
        <ele>895.3895083350865</ele>
        <time>1970-01-01T00:00:00.000Z</time>
      </trkpt>
      <trkpt lat="60.07376" lon="9.04024">
        <ele>895.3835717050965</ele>
        <time>1970-01-01T00:00:00.000Z</time>
      </trkpt>
      <trkpt lat="60.074" lon="9.04015">
        <ele>895.3704482173964</ele>
        <time>1970-01-01T00:00:00.000Z</time>
      </trkpt>
      <trkpt lat="60.07434" lon="9.0401">
        <ele>895.3521245442191</ele>
        <time>1970-01-01T00:00:00.000Z</time>
      </trkpt>
      <trkpt lat="60.07463" lon="9.03985">
        <ele>895.3351570832533</ele>
        <time>1970-01-01T00:00:00.000Z</time>
      </trkpt>
      <trkpt lat="60.07485" lon="9.03961">
        <ele>895.3216946715011</ele>
        <time>1970-01-01T00:00:00.000Z</time>
      </trkpt>
      <trkpt lat="60.07487663889445" lon="9.039576190342633">
        <ele>895.32</ele>
        <time>1970-01-01T00:00:00.000Z</time>
      </trkpt>
      <trkpt lat="60.07581978583804" lon="9.03837912112075">
        <ele>894.63</ele>
        <time>1970-01-01T00:00:00.000Z</time>
      </trkpt>
      <trkpt lat="60.07589" lon="9.03829">
        <ele>894.6195774001192</ele>
        <time>1970-01-01T00:00:00.000Z</time>
      </trkpt>
      <trkpt lat="60.0761" lon="9.03807">
        <ele>894.5898608641382</ele>
        <time>1970-01-01T00:00:00.000Z</time>
      </trkpt>
      <trkpt lat="60.07644" lon="9.03769">
        <ele>894.5410406887746</ele>
        <time>1970-01-01T00:00:00.000Z</time>
      </trkpt>
      <trkpt lat="60.07665" lon="9.0375">
        <ele>894.5121456293048</ele>
        <time>1970-01-01T00:00:00.000Z</time>
      </trkpt>
      <trkpt lat="60.076806062272475" lon="9.0373343848066">
        <ele>894.49</ele>
        <time>1970-01-01T00:00:00.000Z</time>
      </trkpt>
      <trkpt lat="60.07714" lon="9.03698">
        <ele>894.86</ele>
        <time>1970-01-01T00:00:00.000Z</time>
      </trkpt>
      <trkpt lat="60.07727" lon="9.03687">
        <ele>894.86</ele>
        <time>1970-01-01T00:00:00.000Z</time>
      </trkpt>
      <trkpt lat="60.07758" lon="9.03654">
        <ele>894.86</ele>
        <time>1970-01-01T00:00:00.000Z</time>
      </trkpt>
      <trkpt lat="60.07778" lon="9.03629">
        <ele>894.86</ele>
        <time>1970-01-01T00:00:00.000Z</time>
      </trkpt>
      <trkpt lat="60.07778821931169" lon="9.036276368193766">
        <ele>894.86</ele>
        <time>1970-01-01T00:00:00.000Z</time>
      </trkpt>
      <trkpt lat="60.07819" lon="9.03561">
        <ele>894.5236690108972</ele>
        <time>1970-01-01T00:00:00.000Z</time>
      </trkpt>
      <trkpt lat="60.07835" lon="9.03542">
        <ele>894.403725616286</ele>
        <time>1970-01-01T00:00:00.000Z</time>
      </trkpt>
      <trkpt lat="60.07839" lon="9.03538">
        <ele>894.3748946949038</ele>
        <time>1970-01-01T00:00:00.000Z</time>
      </trkpt>
      <trkpt lat="60.07855" lon="9.03523">
        <ele>894.2609707688803</ele>
        <time>1970-01-01T00:00:00.000Z</time>
      </trkpt>
      <trkpt lat="60.07865" lon="9.0352">
        <ele>894.1957541609835</ele>
        <time>1970-01-01T00:00:00.000Z</time>
      </trkpt>
      <trkpt lat="60.07873" lon="9.03514">
        <ele>894.1406628174581</ele>
        <time>1970-01-01T00:00:00.000Z</time>
      </trkpt>
      <trkpt lat="60.07892" lon="9.03505">
        <ele>893.9468931568501</ele>
        <time>1970-01-01T00:00:00.000Z</time>
      </trkpt>
      <trkpt lat="60.07902" lon="9.03505">
        <ele>893.847458055538</ele>
        <time>1970-01-01T00:00:00.000Z</time>
      </trkpt>
      <trkpt lat="60.07913" lon="9.03504">
        <ele>893.7379670471958</ele>
        <time>1970-01-01T00:00:00.000Z</time>
      </trkpt>
      <trkpt lat="60.07924" lon="9.035">
        <ele>893.6268037335815</ele>
        <time>1970-01-01T00:00:00.000Z</time>
      </trkpt>
      <trkpt lat="60.07943" lon="9.035">
        <ele>893.4378770410914</ele>
        <time>1970-01-01T00:00:00.000Z</time>
      </trkpt>
      <trkpt lat="60.07966" lon="9.03495">
        <ele>893.2078357090838</ele>
        <time>1970-01-01T00:00:00.000Z</time>
      </trkpt>
      <trkpt lat="60.07983353074343" lon="9.034863234971422">
        <ele>893.03</ele>
        <time>1970-01-01T00:00:00.000Z</time>
      </trkpt>
      <trkpt lat="60.07996" lon="9.0348">
        <ele>892.9412602408686</ele>
        <time>1970-01-01T00:00:00.000Z</time>
      </trkpt>
      <trkpt lat="60.08008" lon="9.03471">
        <ele>892.8540327122225</ele>
        <time>1970-01-01T00:00:00.000Z</time>
      </trkpt>
      <trkpt lat="60.08016" lon="9.03464">
        <ele>892.7946060498105</ele>
        <time>1970-01-01T00:00:00.000Z</time>
      </trkpt>
      <trkpt lat="60.08023" lon="9.03458">
        <ele>892.7427760714835</ele>
        <time>1970-01-01T00:00:00.000Z</time>
      </trkpt>
      <trkpt lat="60.08042" lon="9.03435">
        <ele>892.591670256718</ele>
        <time>1970-01-01T00:00:00.000Z</time>
      </trkpt>
      <trkpt lat="60.08055" lon="9.03412">
        <ele>892.473630076729</ele>
        <time>1970-01-01T00:00:00.000Z</time>
      </trkpt>
      <trkpt lat="60.080744623419974" lon="9.033664662425199">
        <ele>892.27</ele>
        <time>1970-01-01T00:00:00.000Z</time>
      </trkpt>
      <trkpt lat="60.08108" lon="9.03288">
        <ele>891.0737613514536</ele>
        <time>1970-01-01T00:00:00.000Z</time>
      </trkpt>
      <trkpt lat="60.08131" lon="9.03216">
        <ele>890.8865696637259</ele>
        <time>1970-01-01T00:00:00.000Z</time>
      </trkpt>
      <trkpt lat="60.08136" lon="9.03204">
        <ele>890.8523364910643</ele>
        <time>1970-01-01T00:00:00.000Z</time>
      </trkpt>
      <trkpt lat="60.08144" lon="9.03191">
        <ele>890.8090060382111</ele>
        <time>1970-01-01T00:00:00.000Z</time>
      </trkpt>
      <trkpt lat="60.08173" lon="9.03164">
        <ele>890.7603131159041</ele>
        <time>1970-01-01T00:00:00.000Z</time>
      </trkpt>
      <trkpt lat="60.08187" lon="9.03143">
        <ele>890.733686432618</ele>
        <time>1970-01-01T00:00:00.000Z</time>
      </trkpt>
      <trkpt lat="60.08195" lon="9.03127">
        <ele>890.7164783397898</ele>
        <time>1970-01-01T00:00:00.000Z</time>
      </trkpt>
      <trkpt lat="60.08207" lon="9.03092">
        <ele>890.6842186968208</ele>
        <time>1970-01-01T00:00:00.000Z</time>
      </trkpt>
      <trkpt lat="60.082266470247866" lon="9.030491338128087">
        <ele>890.64</ele>
        <time>1970-01-01T00:00:00.000Z</time>
      </trkpt>
      <trkpt lat="60.08229" lon="9.03044">
        <ele>890.6209975705852</ele>
        <time>1970-01-01T00:00:00.000Z</time>
      </trkpt>
      <trkpt lat="60.08254" lon="9.03001">
        <ele>890.4410064166991</ele>
        <time>1970-01-01T00:00:00.000Z</time>
      </trkpt>
      <trkpt lat="60.08262" lon="9.0299">
        <ele>890.3879986755112</ele>
        <time>1970-01-01T00:00:00.000Z</time>
      </trkpt>
      <trkpt lat="60.08297" lon="9.02958">
        <ele>890.1777969442946</ele>
        <time>1970-01-01T00:00:00.000Z</time>
      </trkpt>
      <trkpt lat="60.08333" lon="9.02905">
        <ele>889.9337418774285</ele>
        <time>1970-01-01T00:00:00.000Z</time>
      </trkpt>
      <trkpt lat="60.08388" lon="9.02844">
        <ele>889.5902824385541</ele>
        <time>1970-01-01T00:00:00.000Z</time>
      </trkpt>
      <trkpt lat="60.08404" lon="9.0283">
        <ele>889.494888784304</ele>
        <time>1970-01-01T00:00:00.000Z</time>
      </trkpt>
      <trkpt lat="60.08417091815581" lon="9.02821874086591">
        <ele>889.42</ele>
        <time>1970-01-01T00:00:00.000Z</time>
      </trkpt>
      <trkpt lat="60.08433" lon="9.02812">
        <ele>885.412562879014</ele>
        <time>1970-01-01T00:00:00.000Z</time>
      </trkpt>
      <trkpt lat="60.08453" lon="9.02803">
        <ele>884.6156571305854</ele>
        <time>1970-01-01T00:00:00.000Z</time>
      </trkpt>
      <trkpt lat="60.08482" lon="9.028">
        <ele>883.4866889999637</ele>
        <time>1970-01-01T00:00:00.000Z</time>
      </trkpt>
      <trkpt lat="60.08502" lon="9.028">
        <ele>882.7091244239649</ele>
        <time>1970-01-01T00:00:00.000Z</time>
      </trkpt>
      <trkpt lat="60.08514" lon="9.02798">
        <ele>882.240976851757</ele>
        <time>1970-01-01T00:00:00.000Z</time>
      </trkpt>
      <trkpt lat="60.0852740022084" lon="9.02798">
        <ele>881.72</ele>
        <time>1970-01-01T00:00:00.000Z</time>
      </trkpt>
      <trkpt lat="60.08541" lon="9.02798">
        <ele>881.2314680514659</ele>
        <time>1970-01-01T00:00:00.000Z</time>
      </trkpt>
      <trkpt lat="60.08549" lon="9.02796">
        <ele>880.9418667243716</ele>
        <time>1970-01-01T00:00:00.000Z</time>
      </trkpt>
      <trkpt lat="60.08568" lon="9.02794">
        <ele>880.2584079894102</ele>
        <time>1970-01-01T00:00:00.000Z</time>
      </trkpt>
      <trkpt lat="60.08603" lon="9.02769">
        <ele>878.9237505070657</ele>
        <time>1970-01-01T00:00:00.000Z</time>
      </trkpt>
      <trkpt lat="60.08614" lon="9.02763">
        <ele>878.5142498519962</ele>
        <time>1970-01-01T00:00:00.000Z</time>
      </trkpt>
      <trkpt lat="60.08621" lon="9.02761">
        <ele>878.2602558226686</ele>
        <time>1970-01-01T00:00:00.000Z</time>
      </trkpt>
      <trkpt lat="60.08629" lon="9.0276">
        <ele>877.9723216054798</ele>
        <time>1970-01-01T00:00:00.000Z</time>
      </trkpt>
      <trkpt lat="60.08634" lon="9.02761">
        <ele>877.7918201969424</ele>
        <time>1970-01-01T00:00:00.000Z</time>
      </trkpt>
      <trkpt lat="60.08635896697749" lon="9.027584710763222">
        <ele>877.71</ele>
        <time>1970-01-01T00:00:00.000Z</time>
      </trkpt>
      <trkpt lat="60.08643" lon="9.02749">
        <ele>877.3485570846349</ele>
        <time>1970-01-01T00:00:00.000Z</time>
      </trkpt>
      <trkpt lat="60.08652" lon="9.02738">
        <ele>876.9019565471622</ele>
        <time>1970-01-01T00:00:00.000Z</time>
      </trkpt>
      <trkpt lat="60.0867" lon="9.02721">
        <ele>876.0589027786693</ele>
        <time>1970-01-01T00:00:00.000Z</time>
      </trkpt>
      <trkpt lat="60.08676" lon="9.02719">
        <ele>875.8011828545157</ele>
        <time>1970-01-01T00:00:00.000Z</time>
      </trkpt>
      <trkpt lat="60.08687" lon="9.02719">
        <ele>875.3350920147794</ele>
        <time>1970-01-01T00:00:00.000Z</time>
      </trkpt>
      <trkpt lat="60.08698" lon="9.02722">
        <ele>874.8647101925139</ele>
        <time>1970-01-01T00:00:00.000Z</time>
      </trkpt>
      <trkpt lat="60.08707" lon="9.02727">
        <ele>874.468998562947</ele>
        <time>1970-01-01T00:00:00.000Z</time>
      </trkpt>
      <trkpt lat="60.08716" lon="9.02731">
        <ele>874.0783973707906</ele>
        <time>1970-01-01T00:00:00.000Z</time>
      </trkpt>
      <trkpt lat="60.08738" lon="9.02744">
        <ele>873.1065859189669</ele>
        <time>1970-01-01T00:00:00.000Z</time>
      </trkpt>
      <trkpt lat="60.087408084982265" lon="9.027460425314905">
        <ele>872.98</ele>
        <time>1970-01-01T00:00:00.000Z</time>
      </trkpt>
      <trkpt lat="60.0876" lon="9.0276">
        <ele>872.1753408912659</ele>
        <time>1970-01-01T00:00:00.000Z</time>
      </trkpt>
      <trkpt lat="60.0877" lon="9.02771">
        <ele>871.7257773290119</ele>
        <time>1970-01-01T00:00:00.000Z</time>
      </trkpt>
      <trkpt lat="60.08782" lon="9.02778">
        <ele>871.2331832788058</ele>
        <time>1970-01-01T00:00:00.000Z</time>
      </trkpt>
      <trkpt lat="60.08795" lon="9.02789">
        <ele>870.6770312877621</ele>
        <time>1970-01-01T00:00:00.000Z</time>
      </trkpt>
      <trkpt lat="60.0882" lon="9.02807">
        <ele>869.6300493688714</ele>
        <time>1970-01-01T00:00:00.000Z</time>
      </trkpt>
      <trkpt lat="60.088446711853116" lon="9.02827157783906">
        <ele>868.58</ele>
        <time>1970-01-01T00:00:00.000Z</time>
      </trkpt>
      <trkpt lat="60.08902" lon="9.02874">
        <ele>866.2287070467252</ele>
        <time>1970-01-01T00:00:00.000Z</time>
      </trkpt>
      <trkpt lat="60.08913" lon="9.02881">
        <ele>865.7903694040101</ele>
        <time>1970-01-01T00:00:00.000Z</time>
      </trkpt>
      <trkpt lat="60.08939" lon="9.02906">
        <ele>864.6951791366972</ele>
        <time>1970-01-01T00:00:00.000Z</time>
      </trkpt>
      <trkpt lat="60.089481198202236" lon="9.02910145370403">
        <ele>864.34</ele>
        <time>1970-01-01T00:00:00.000Z</time>
      </trkpt>
      <trkpt lat="60.0895" lon="9.02911">
        <ele>859.0987244728269</ele>
        <time>1970-01-01T00:00:00.000Z</time>
      </trkpt>
      <trkpt lat="60.08956" lon="9.02903">
        <ele>858.9444639941931</ele>
        <time>1970-01-01T00:00:00.000Z</time>
      </trkpt>
      <trkpt lat="60.08969" lon="9.02872">
        <ele>858.5120320638969</ele>
        <time>1970-01-01T00:00:00.000Z</time>
      </trkpt>
      <trkpt lat="60.08978" lon="9.02834">
        <ele>858.0629121557977</ele>
        <time>1970-01-01T00:00:00.000Z</time>
      </trkpt>
      <trkpt lat="60.08985" lon="9.02822">
        <ele>857.8657495374093</ele>
        <time>1970-01-01T00:00:00.000Z</time>
      </trkpt>
      <trkpt lat="60.08992" lon="9.02814">
        <ele>857.6932527899572</ele>
        <time>1970-01-01T00:00:00.000Z</time>
      </trkpt>
      <trkpt lat="60.09019" lon="9.02798">
        <ele>857.0904768863895</ele>
        <time>1970-01-01T00:00:00.000Z</time>
      </trkpt>
      <trkpt lat="60.09031" lon="9.02771">
        <ele>856.7043521668531</ele>
        <time>1970-01-01T00:00:00.000Z</time>
      </trkpt>
      <trkpt lat="60.09042" lon="9.02737">
        <ele>856.271669526034</ele>
        <time>1970-01-01T00:00:00.000Z</time>
      </trkpt>
      <trkpt lat="60.09048" lon="9.02723">
        <ele>856.0745910947023</ele>
        <time>1970-01-01T00:00:00.000Z</time>
      </trkpt>
      <trkpt lat="60.09077" lon="9.02674">
        <ele>855.262717028834</ele>
        <time>1970-01-01T00:00:00.000Z</time>
      </trkpt>
      <trkpt lat="60.09083" lon="9.0266">
        <ele>855.0656398011449</ele>
        <time>1970-01-01T00:00:00.000Z</time>
      </trkpt>
      <trkpt lat="60.09107125440968" lon="9.026149659585675">
        <ele>854.36</ele>
        <time>1970-01-01T00:00:00.000Z</time>
      </trkpt>
      <trkpt lat="60.09113" lon="9.02604">
        <ele>853.8589054600649</ele>
        <time>1970-01-01T00:00:00.000Z</time>
      </trkpt>
      <trkpt lat="60.0913" lon="9.026">
        <ele>852.7901779323546</ele>
        <time>1970-01-01T00:00:00.000Z</time>
      </trkpt>
      <trkpt lat="60.0914" lon="9.026">
        <ele>852.1657971610525</ele>
        <time>1970-01-01T00:00:00.000Z</time>
      </trkpt>
      <trkpt lat="60.09161" lon="9.02608">
        <ele>850.8311526812234</ele>
        <time>1970-01-01T00:00:00.000Z</time>
      </trkpt>
      <trkpt lat="60.09177" lon="9.02612">
        <ele>849.8244118323712</ele>
        <time>1970-01-01T00:00:00.000Z</time>
      </trkpt>
      <trkpt lat="60.09186" lon="9.0261">
        <ele>849.2590301171729</ele>
        <time>1970-01-01T00:00:00.000Z</time>
      </trkpt>
      <trkpt lat="60.09201" lon="9.02599">
        <ele>848.2618136551392</ele>
        <time>1970-01-01T00:00:00.000Z</time>
      </trkpt>
      <trkpt lat="60.09209" lon="9.02597">
        <ele>847.7584433148415</ele>
        <time>1970-01-01T00:00:00.000Z</time>
      </trkpt>
      <trkpt lat="60.092148419574244" lon="9.025986691265189">
        <ele>847.39</ele>
        <time>1970-01-01T00:00:00.000Z</time>
      </trkpt>
      <trkpt lat="60.09223" lon="9.02601">
        <ele>846.80388072463</ele>
        <time>1970-01-01T00:00:00.000Z</time>
      </trkpt>
      <trkpt lat="60.09241" lon="9.02601">
        <ele>845.523586609398</ele>
        <time>1970-01-01T00:00:00.000Z</time>
      </trkpt>
      <trkpt lat="60.09265" lon="9.02594">
        <ele>843.7985713678075</ele>
        <time>1970-01-01T00:00:00.000Z</time>
      </trkpt>
      <trkpt lat="60.09282" lon="9.02581">
        <ele>842.5044947505187</ele>
        <time>1970-01-01T00:00:00.000Z</time>
      </trkpt>
      <trkpt lat="60.09325" lon="9.02565">
        <ele>830.2194165241024</ele>
        <time>1970-01-01T00:00:00.000Z</time>
      </trkpt>
      <trkpt lat="60.09344" lon="9.02563">
        <ele>828.2781222708214</ele>
        <time>1970-01-01T00:00:00.000Z</time>
      </trkpt>
      <trkpt lat="60.09372" lon="9.02557">
        <ele>825.4049403261066</ele>
        <time>1970-01-01T00:00:00.000Z</time>
      </trkpt>
      <trkpt lat="60.09386" lon="9.02558">
        <ele>823.9755733913182</ele>
        <time>1970-01-01T00:00:00.000Z</time>
      </trkpt>
      <trkpt lat="60.09396" lon="9.02559">
        <ele>822.9539764480741</ele>
        <time>1970-01-01T00:00:00.000Z</time>
      </trkpt>
      <trkpt lat="60.09404" lon="9.02565">
        <ele>822.0825116723021</ele>
        <time>1970-01-01T00:00:00.000Z</time>
      </trkpt>
      <trkpt lat="60.09412" lon="9.02568">
        <ele>821.2521037296459</ele>
        <time>1970-01-01T00:00:00.000Z</time>
      </trkpt>
      <trkpt lat="60.09422" lon="9.0257">
        <ele>820.2267140946138</ele>
        <time>1970-01-01T00:00:00.000Z</time>
      </trkpt>
      <trkpt lat="60.09434425405224" lon="9.02576989282559">
        <ele>818.91</ele>
        <time>1970-01-01T00:00:00.000Z</time>
      </trkpt>
      <trkpt lat="60.09438" lon="9.02579">
        <ele>818.5867411947354</ele>
        <time>1970-01-01T00:00:00.000Z</time>
      </trkpt>
      <trkpt lat="60.09445" lon="9.02577">
        <ele>817.9710779312021</ele>
        <time>1970-01-01T00:00:00.000Z</time>
      </trkpt>
      <trkpt lat="60.09451" lon="9.02574">
        <ele>817.4326521845177</ele>
        <time>1970-01-01T00:00:00.000Z</time>
      </trkpt>
      <trkpt lat="60.09459" lon="9.02569">
        <ele>816.7030337293866</ele>
        <time>1970-01-01T00:00:00.000Z</time>
      </trkpt>
      <trkpt lat="60.09469" lon="9.02558">
        <ele>815.7099556601934</ele>
        <time>1970-01-01T00:00:00.000Z</time>
      </trkpt>
      <trkpt lat="60.09481" lon="9.02549">
        <ele>814.5944226524632</ele>
        <time>1970-01-01T00:00:00.000Z</time>
      </trkpt>
      <trkpt lat="60.09494" lon="9.02532">
        <ele>813.2431478635414</ele>
        <time>1970-01-01T00:00:00.000Z</time>
      </trkpt>
      <trkpt lat="60.09498" lon="9.02527">
        <ele>812.8327568234246</ele>
        <time>1970-01-01T00:00:00.000Z</time>
      </trkpt>
      <trkpt lat="60.0952" lon="9.025">
        <ele>810.5870131762747</ele>
        <time>1970-01-01T00:00:00.000Z</time>
      </trkpt>
      <trkpt lat="60.09528" lon="9.02497">
        <ele>809.8783603573949</ele>
        <time>1970-01-01T00:00:00.000Z</time>
      </trkpt>
      <trkpt lat="60.09534" lon="9.02495">
        <ele>809.3487577924926</ele>
        <time>1970-01-01T00:00:00.000Z</time>
      </trkpt>
      <trkpt lat="60.09535816091569" lon="9.02495324299479">
        <ele>809.19</ele>
        <time>1970-01-01T00:00:00.000Z</time>
      </trkpt>
      <trkpt lat="60.09562" lon="9.025">
        <ele>807.0235266067214</ele>
        <time>1970-01-01T00:00:00.000Z</time>
      </trkpt>
      <trkpt lat="60.09574" lon="9.025">
        <ele>806.0345504639535</ele>
        <time>1970-01-01T00:00:00.000Z</time>
      </trkpt>
      <trkpt lat="60.09591" lon="9.02497">
        <ele>804.6280890352778</ele>
        <time>1970-01-01T00:00:00.000Z</time>
      </trkpt>
      <trkpt lat="60.09609" lon="9.02488">
        <ele>803.0992299297769</ele>
        <time>1970-01-01T00:00:00.000Z</time>
      </trkpt>
      <trkpt lat="60.096434724556644" lon="9.024572543222144">
        <ele>799.99</ele>
        <time>1970-01-01T00:00:00.000Z</time>
      </trkpt>
      <trkpt lat="60.09646" lon="9.02455">
        <ele>799.7719406430335</ele>
        <time>1970-01-01T00:00:00.000Z</time>
      </trkpt>
      <trkpt lat="60.09653" lon="9.02446">
        <ele>799.1164916575414</ele>
        <time>1970-01-01T00:00:00.000Z</time>
      </trkpt>
      <trkpt lat="60.09661" lon="9.02439">
        <ele>798.4284483810919</ele>
        <time>1970-01-01T00:00:00.000Z</time>
      </trkpt>
      <trkpt lat="60.09678" lon="9.02429">
        <ele>797.0318766730387</ele>
        <time>1970-01-01T00:00:00.000Z</time>
      </trkpt>
      <trkpt lat="60.09692" lon="9.02425">
        <ele>795.9170970933719</ele>
        <time>1970-01-01T00:00:00.000Z</time>
      </trkpt>
      <trkpt lat="60.09706" lon="9.02425">
        <ele>794.813457050003</ele>
        <time>1970-01-01T00:00:00.000Z</time>
      </trkpt>
      <trkpt lat="60.09712" lon="9.0243">
        <ele>794.3012750479621</ele>
        <time>1970-01-01T00:00:00.000Z</time>
      </trkpt>
      <trkpt lat="60.09713" lon="9.02443">
        <ele>793.7843298946711</ele>
        <time>1970-01-01T00:00:00.000Z</time>
      </trkpt>
      <trkpt lat="60.09712" lon="9.02454">
        <ele>793.3449018222244</ele>
        <time>1970-01-01T00:00:00.000Z</time>
      </trkpt>
      <trkpt lat="60.096911890295964" lon="9.024895521213232">
        <ele>791.19</ele>
        <time>1970-01-01T00:00:00.000Z</time>
      </trkpt>
      <trkpt lat="60.09688" lon="9.02495">
        <ele>782.5777420158232</ele>
        <time>1970-01-01T00:00:00.000Z</time>
      </trkpt>
      <trkpt lat="60.09678" lon="9.0252">
        <ele>781.0432392232625</ele>
        <time>1970-01-01T00:00:00.000Z</time>
      </trkpt>
      <trkpt lat="60.0966" lon="9.02579">
        <ele>777.7316759313977</ele>
        <time>1970-01-01T00:00:00.000Z</time>
      </trkpt>
      <trkpt lat="60.09645" lon="9.02644">
        <ele>774.3025592726455</ele>
        <time>1970-01-01T00:00:00.000Z</time>
      </trkpt>
      <trkpt lat="60.09637855932665" lon="9.02684185430242">
        <ele>772.26</ele>
        <time>1970-01-01T00:00:00.000Z</time>
      </trkpt>
      <trkpt lat="60.09637" lon="9.02689">
        <ele>772.0255553957707</ele>
        <time>1970-01-01T00:00:00.000Z</time>
      </trkpt>
      <trkpt lat="60.09623" lon="9.02746">
        <ele>769.1111404979636</ele>
        <time>1970-01-01T00:00:00.000Z</time>
      </trkpt>
      <trkpt lat="60.09617" lon="9.02786">
        <ele>767.1952540771266</ele>
        <time>1970-01-01T00:00:00.000Z</time>
      </trkpt>
      <trkpt lat="60.09615" lon="9.02838">
        <ele>764.8031272856069</ele>
        <time>1970-01-01T00:00:00.000Z</time>
      </trkpt>
      <trkpt lat="60.09617" lon="9.02856">
        <ele>763.9572810320998</ele>
        <time>1970-01-01T00:00:00.000Z</time>
      </trkpt>
      <trkpt lat="60.09626247946458" lon="9.028946731653974">
        <ele>761.99</ele>
        <time>1970-01-01T00:00:00.000Z</time>
      </trkpt>
      <trkpt lat="60.09628" lon="9.02902">
        <ele>761.6314430680163</ele>
        <time>1970-01-01T00:00:00.000Z</time>
      </trkpt>
      <trkpt lat="60.09629" lon="9.02905">
        <ele>761.4722077837022</ele>
        <time>1970-01-01T00:00:00.000Z</time>
      </trkpt>
      <trkpt lat="60.09637" lon="9.02937">
        <ele>759.8926498899049</ele>
        <time>1970-01-01T00:00:00.000Z</time>
      </trkpt>
      <trkpt lat="60.09641" lon="9.02957">
        <ele>758.9418041394224</ele>
        <time>1970-01-01T00:00:00.000Z</time>
      </trkpt>
      <trkpt lat="60.09648" lon="9.02973">
        <ele>758.0025236906268</ele>
        <time>1970-01-01T00:00:00.000Z</time>
      </trkpt>
      <trkpt lat="60.09652" lon="9.02987">
        <ele>757.2905333051177</ele>
        <time>1970-01-01T00:00:00.000Z</time>
      </trkpt>
      <trkpt lat="60.09657" lon="9.03002">
        <ele>756.4943612249963</ele>
        <time>1970-01-01T00:00:00.000Z</time>
      </trkpt>
      <trkpt lat="60.09662" lon="9.03016">
        <ele>755.734474238027</ele>
        <time>1970-01-01T00:00:00.000Z</time>
      </trkpt>
      <trkpt lat="60.09663" lon="9.03019">
        <ele>755.575240089189</ele>
        <time>1970-01-01T00:00:00.000Z</time>
      </trkpt>
      <trkpt lat="60.09668" lon="9.03029">
        <ele>754.9503208394927</ele>
        <time>1970-01-01T00:00:00.000Z</time>
      </trkpt>
      <trkpt lat="60.09673" lon="9.03034">
        <ele>754.45584523016</ele>
        <time>1970-01-01T00:00:00.000Z</time>
      </trkpt>
      <trkpt lat="60.09679" lon="9.03036">
        <ele>753.9175255641675</ele>
        <time>1970-01-01T00:00:00.000Z</time>
      </trkpt>
      <trkpt lat="60.09688" lon="9.03036">
        <ele>753.1209697796278</ele>
        <time>1970-01-01T00:00:00.000Z</time>
      </trkpt>
      <trkpt lat="60.09695" lon="9.03031">
        <ele>752.4633180183916</ele>
        <time>1970-01-01T00:00:00.000Z</time>
      </trkpt>
      <trkpt lat="60.09698752953687" lon="9.030282705855344">
        <ele>752.11</ele>
        <time>1970-01-01T00:00:00.000Z</time>
      </trkpt>
      <trkpt lat="60.09706" lon="9.03023">
        <ele>751.309649530089</ele>
        <time>1970-01-01T00:00:00.000Z</time>
      </trkpt>
      <trkpt lat="60.09713" lon="9.03016">
        <ele>750.4975703465626</ele>
        <time>1970-01-01T00:00:00.000Z</time>
      </trkpt>
      <trkpt lat="60.09722" lon="9.03011">
        <ele>749.5279726445386</ele>
        <time>1970-01-01T00:00:00.000Z</time>
      </trkpt>
      <trkpt lat="60.09735" lon="9.03006">
        <ele>748.1536658905544</ele>
        <time>1970-01-01T00:00:00.000Z</time>
      </trkpt>
      <trkpt lat="60.09747" lon="9.02999">
        <ele>746.8561580138817</ele>
        <time>1970-01-01T00:00:00.000Z</time>
      </trkpt>
      <trkpt lat="60.0976" lon="9.02995">
        <ele>745.4906518990713</ele>
        <time>1970-01-01T00:00:00.000Z</time>
      </trkpt>
      <trkpt lat="60.09769" lon="9.02989">
        <ele>744.5059759604791</ele>
        <time>1970-01-01T00:00:00.000Z</time>
      </trkpt>
      <trkpt lat="60.09779" lon="9.0298">
        <ele>743.3680166428807</ele>
        <time>1970-01-01T00:00:00.000Z</time>
      </trkpt>
      <trkpt lat="60.09786" lon="9.02971">
        <ele>742.5047706825995</ele>
        <time>1970-01-01T00:00:00.000Z</time>
      </trkpt>
      <trkpt lat="60.09800405192074" lon="9.029457909729611">
        <ele>740.52</ele>
        <time>1970-01-01T00:00:00.000Z</time>
      </trkpt>
      <trkpt lat="60.09806" lon="9.02936">
        <ele>731.6070828497748</ele>
        <time>1970-01-01T00:00:00.000Z</time>
      </trkpt>
      <trkpt lat="60.09814" lon="9.02932">
        <ele>731.0930335887386</ele>
        <time>1970-01-01T00:00:00.000Z</time>
      </trkpt>
      <trkpt lat="60.09822" lon="9.02936">
        <ele>730.5789844007542</ele>
        <time>1970-01-01T00:00:00.000Z</time>
      </trkpt>
      <trkpt lat="60.09826" lon="9.02943">
        <ele>730.2480242059858</ele>
        <time>1970-01-01T00:00:00.000Z</time>
      </trkpt>
      <trkpt lat="60.09827" lon="9.02954">
        <ele>729.9004881860557</ele>
        <time>1970-01-01T00:00:00.000Z</time>
      </trkpt>
      <trkpt lat="60.09826" lon="9.02966">
        <ele>729.5223337251007</ele>
        <time>1970-01-01T00:00:00.000Z</time>
      </trkpt>
      <trkpt lat="60.09821" lon="9.02979">
        <ele>729.0119919033637</ele>
        <time>1970-01-01T00:00:00.000Z</time>
      </trkpt>
      <trkpt lat="60.09814" lon="9.02989">
        <ele>728.4761873581872</ele>
        <time>1970-01-01T00:00:00.000Z</time>
      </trkpt>
      <trkpt lat="60.09806" lon="9.03">
        <ele>727.8714687809539</ele>
        <time>1970-01-01T00:00:00.000Z</time>
      </trkpt>
      <trkpt lat="60.098" lon="9.03009">
        <ele>727.4043537026561</ele>
        <time>1970-01-01T00:00:00.000Z</time>
      </trkpt>
      <trkpt lat="60.09795" lon="9.0302">
        <ele>726.9416665712112</ele>
        <time>1970-01-01T00:00:00.000Z</time>
      </trkpt>
      <trkpt lat="60.09793" lon="9.03033">
        <ele>726.5187981937939</ele>
        <time>1970-01-01T00:00:00.000Z</time>
      </trkpt>
      <trkpt lat="60.09791" lon="9.03047">
        <ele>726.0661369704964</ele>
        <time>1970-01-01T00:00:00.000Z</time>
      </trkpt>
      <trkpt lat="60.09791" lon="9.03065">
        <ele>725.506662187346</ele>
        <time>1970-01-01T00:00:00.000Z</time>
      </trkpt>
      <trkpt lat="60.09792384023578" lon="9.030774561864321">
        <ele>725.11</ele>
        <time>1970-01-01T00:00:00.000Z</time>
      </trkpt>
      <trkpt lat="60.09793" lon="9.03083">
        <ele>724.8997241742744</ele>
        <time>1970-01-01T00:00:00.000Z</time>
      </trkpt>
      <trkpt lat="60.09797" lon="9.03105">
        <ele>724.0327744130693</ele>
        <time>1970-01-01T00:00:00.000Z</time>
      </trkpt>
      <trkpt lat="60.098" lon="9.03121">
        <ele>723.3999210869803</ele>
        <time>1970-01-01T00:00:00.000Z</time>
      </trkpt>
      <trkpt lat="60.09805" lon="9.03139">
        <ele>722.6370704192301</ele>
        <time>1970-01-01T00:00:00.000Z</time>
      </trkpt>
      <trkpt lat="60.09812" lon="9.03157">
        <ele>721.7919085304846</ele>
        <time>1970-01-01T00:00:00.000Z</time>
      </trkpt>
      <trkpt lat="60.09818" lon="9.03168">
        <ele>721.1882718425184</ele>
        <time>1970-01-01T00:00:00.000Z</time>
      </trkpt>
      <trkpt lat="60.09826" lon="9.03171">
        <ele>720.5838774056496</ele>
        <time>1970-01-01T00:00:00.000Z</time>
      </trkpt>
      <trkpt lat="60.09834" lon="9.03171">
        <ele>719.9897750706454</ele>
        <time>1970-01-01T00:00:00.000Z</time>
      </trkpt>
      <trkpt lat="60.09841" lon="9.03166">
        <ele>719.4379627309447</ele>
        <time>1970-01-01T00:00:00.000Z</time>
      </trkpt>
      <trkpt lat="60.09847" lon="9.03153">
        <ele>718.782096593014</ele>
        <time>1970-01-01T00:00:00.000Z</time>
      </trkpt>
      <trkpt lat="60.09854" lon="9.03137">
        <ele>717.9940034843141</ele>
        <time>1970-01-01T00:00:00.000Z</time>
      </trkpt>
      <trkpt lat="60.098623966341215" lon="9.031101308005267">
        <ele>716.82</ele>
        <time>1970-01-01T00:00:00.000Z</time>
      </trkpt>
      <trkpt lat="60.09864" lon="9.03105">
        <ele>716.6082586379438</ele>
        <time>1970-01-01T00:00:00.000Z</time>
      </trkpt>
      <trkpt lat="60.09871" lon="9.03083">
        <ele>715.6956599299998</ele>
        <time>1970-01-01T00:00:00.000Z</time>
      </trkpt>
      <trkpt lat="60.09876" lon="9.03067">
        <ele>715.0353614628063</ele>
        <time>1970-01-01T00:00:00.000Z</time>
      </trkpt>
      <trkpt lat="60.09885" lon="9.03049">
        <ele>714.1439317658006</ele>
        <time>1970-01-01T00:00:00.000Z</time>
      </trkpt>
      <trkpt lat="60.09891" lon="9.03034">
        <ele>713.4714670954162</ele>
        <time>1970-01-01T00:00:00.000Z</time>
      </trkpt>
      <trkpt lat="60.09903" lon="9.03002">
        <ele>712.071311972316</ele>
        <time>1970-01-01T00:00:00.000Z</time>
      </trkpt>
      <trkpt lat="60.09909" lon="9.02986">
        <ele>711.3712356320198</ele>
        <time>1970-01-01T00:00:00.000Z</time>
      </trkpt>
      <trkpt lat="60.09916" lon="9.02971">
        <ele>710.6527904708443</ele>
        <time>1970-01-01T00:00:00.000Z</time>
      </trkpt>
      <trkpt lat="60.09922" lon="9.02957">
        <ele>710.007230313329</ele>
        <time>1970-01-01T00:00:00.000Z</time>
      </trkpt>
      <trkpt lat="60.09929" lon="9.02945">
        <ele>709.3613739819814</ele>
        <time>1970-01-01T00:00:00.000Z</time>
      </trkpt>
      <trkpt lat="60.099337384767814" lon="9.029402615301093">
        <ele>708.99</ele>
        <time>1970-01-01T00:00:00.000Z</time>
      </trkpt>
      <trkpt lat="60.09938" lon="9.02936">
        <ele>708.5148167181928</ele>
        <time>1970-01-01T00:00:00.000Z</time>
      </trkpt>
      <trkpt lat="60.09948" lon="9.02932">
        <ele>707.4972370062203</ele>
        <time>1970-01-01T00:00:00.000Z</time>
      </trkpt>
      <trkpt lat="60.09958" lon="9.02929">
        <ele>706.4882051812774</ele>
        <time>1970-01-01T00:00:00.000Z</time>
      </trkpt>
      <trkpt lat="60.09964" lon="9.02932">
        <ele>705.8711261493406</ele>
        <time>1970-01-01T00:00:00.000Z</time>
      </trkpt>
      <trkpt lat="60.09966" lon="9.02939">
        <ele>705.4697596447822</ele>
        <time>1970-01-01T00:00:00.000Z</time>
      </trkpt>
      <trkpt lat="60.09969" lon="9.02956">
        <ele>704.5726448601342</ele>
        <time>1970-01-01T00:00:00.000Z</time>
      </trkpt>
      <trkpt lat="60.09972" lon="9.03011">
        <ele>701.8202709059623</ele>
        <time>1970-01-01T00:00:00.000Z</time>
      </trkpt>
      <trkpt lat="60.09974" lon="9.03031">
        <ele>700.805525145983</ele>
        <time>1970-01-01T00:00:00.000Z</time>
      </trkpt>
      <trkpt lat="60.09982" lon="9.03063">
        <ele>699.0246746609514</ele>
        <time>1970-01-01T00:00:00.000Z</time>
      </trkpt>
      <trkpt lat="60.09986" lon="9.03078">
        <ele>698.1784240605003</ele>
        <time>1970-01-01T00:00:00.000Z</time>
      </trkpt>
      <trkpt lat="60.099882863885874" lon="9.030827486295054">
        <ele>697.85</ele>
        <time>1970-01-01T00:00:00.000Z</time>
      </trkpt>
      <trkpt lat="60.09999" lon="9.03105">
        <ele>686.5496783930826</ele>
        <time>1970-01-01T00:00:00.000Z</time>
      </trkpt>
      <trkpt lat="60.10015" lon="9.03121">
        <ele>684.7639971085621</ele>
        <time>1970-01-01T00:00:00.000Z</time>
      </trkpt>
      <trkpt lat="60.10029" lon="9.03125">
        <ele>683.3515235817849</ele>
        <time>1970-01-01T00:00:00.000Z</time>
      </trkpt>
      <trkpt lat="60.10037" lon="9.03125">
        <ele>682.5524595244511</ele>
        <time>1970-01-01T00:00:00.000Z</time>
      </trkpt>
      <trkpt lat="60.10047" lon="9.03121">
        <ele>681.5339675359533</ele>
        <time>1970-01-01T00:00:00.000Z</time>
      </trkpt>
      <trkpt lat="60.10053" lon="9.03117">
        <ele>680.9024436883099</ele>
        <time>1970-01-01T00:00:00.000Z</time>
      </trkpt>
      <trkpt lat="60.10079" lon="9.03092">
        <ele>678.0225894222959</ele>
        <time>1970-01-01T00:00:00.000Z</time>
      </trkpt>
      <trkpt lat="60.10081" lon="9.03089">
        <ele>677.7731557012952</ele>
        <time>1970-01-01T00:00:00.000Z</time>
      </trkpt>
      <trkpt lat="60.10088586810929" lon="9.03082045433604">
        <ele>676.94</ele>
        <time>1970-01-01T00:00:00.000Z</time>
      </trkpt>
      <trkpt lat="60.10093" lon="9.03078">
        <ele>676.4966518373066</ele>
        <time>1970-01-01T00:00:00.000Z</time>
      </trkpt>
      <trkpt lat="60.10099" lon="9.03078">
        <ele>675.9484150624791</ele>
        <time>1970-01-01T00:00:00.000Z</time>
      </trkpt>
      <trkpt lat="60.10106" lon="9.0308">
        <ele>675.3023512520274</ele>
        <time>1970-01-01T00:00:00.000Z</time>
      </trkpt>
      <trkpt lat="60.10112" lon="9.03089">
        <ele>674.6178088510707</ele>
        <time>1970-01-01T00:00:00.000Z</time>
      </trkpt>
      <trkpt lat="60.10115" lon="9.03096">
        <ele>674.1973433278396</ele>
        <time>1970-01-01T00:00:00.000Z</time>
      </trkpt>
      <trkpt lat="60.10117" lon="9.03102">
        <ele>673.8685915378333</ele>
        <time>1970-01-01T00:00:00.000Z</time>
      </trkpt>
      <trkpt lat="60.10116" lon="9.03135">
        <ele>672.3627786696226</ele>
        <time>1970-01-01T00:00:00.000Z</time>
      </trkpt>
      <trkpt lat="60.10123" lon="9.03152">
        <ele>671.3584739706519</ele>
        <time>1970-01-01T00:00:00.000Z</time>
      </trkpt>
      <trkpt lat="60.10127" lon="9.03155">
        <ele>670.968276392482</ele>
        <time>1970-01-01T00:00:00.000Z</time>
      </trkpt>
      <trkpt lat="60.10131" lon="9.03155">
        <ele>670.6027852093064</ele>
        <time>1970-01-01T00:00:00.000Z</time>
      </trkpt>
      <trkpt lat="60.10147" lon="9.03144">
        <ele>669.0573560899248</ele>
        <time>1970-01-01T00:00:00.000Z</time>
      </trkpt>
      <trkpt lat="60.10168765040247" lon="9.031178819819376">
        <ele>666.74</ele>
        <time>1970-01-01T00:00:00.000Z</time>
      </trkpt>
      <trkpt lat="60.10172" lon="9.03114">
        <ele>666.5086906596727</ele>
        <time>1970-01-01T00:00:00.000Z</time>
      </trkpt>
      <trkpt lat="60.10191" lon="9.03089">
        <ele>665.1143984053679</ele>
        <time>1970-01-01T00:00:00.000Z</time>
      </trkpt>
      <trkpt lat="60.10204" lon="9.03062">
        <ele>663.9661907662905</ele>
        <time>1970-01-01T00:00:00.000Z</time>
      </trkpt>
      <trkpt lat="60.1021" lon="9.03053">
        <ele>663.5064784693684</ele>
        <time>1970-01-01T00:00:00.000Z</time>
      </trkpt>
      <trkpt lat="60.10228" lon="9.03033">
        <ele>662.2438548271393</ele>
        <time>1970-01-01T00:00:00.000Z</time>
      </trkpt>
      <trkpt lat="60.10238" lon="9.03026">
        <ele>661.5939436944557</ele>
        <time>1970-01-01T00:00:00.000Z</time>
      </trkpt>
      <trkpt lat="60.10255" lon="9.0302">
        <ele>660.534751295064</ele>
        <time>1970-01-01T00:00:00.000Z</time>
      </trkpt>
      <trkpt lat="60.10265507149459" lon="9.030199999999999">
        <ele>659.89</ele>
        <time>1970-01-01T00:00:00.000Z</time>
      </trkpt>
      <trkpt lat="60.10284" lon="9.0302">
        <ele>659.1412117232994</ele>
        <time>1970-01-01T00:00:00.000Z</time>
      </trkpt>
      <trkpt lat="60.10292" lon="9.03017">
        <ele>658.811676161393</ele>
        <time>1970-01-01T00:00:00.000Z</time>
      </trkpt>
      <trkpt lat="60.10301" lon="9.0301">
        <ele>658.420833351548</ele>
        <time>1970-01-01T00:00:00.000Z</time>
      </trkpt>
      <trkpt lat="60.10316" lon="9.02992">
        <ele>657.7131194581549</ele>
        <time>1970-01-01T00:00:00.000Z</time>
      </trkpt>
      <trkpt lat="60.10334" lon="9.02976">
        <ele>656.9159556681412</ele>
        <time>1970-01-01T00:00:00.000Z</time>
      </trkpt>
      <trkpt lat="60.10342" lon="9.02965">
        <ele>656.5232562488073</ele>
        <time>1970-01-01T00:00:00.000Z</time>
      </trkpt>
      <trkpt lat="60.10361" lon="9.02952">
        <ele>655.7104255878702</ele>
        <time>1970-01-01T00:00:00.000Z</time>
      </trkpt>
      <trkpt lat="60.10369394639119" lon="9.029529327349561">
        <ele>655.37</ele>
        <time>1970-01-01T00:00:00.000Z</time>
      </trkpt>
      <trkpt lat="60.10379" lon="9.02954">
        <ele>653.1991213479693</ele>
        <time>1970-01-01T00:00:00.000Z</time>
      </trkpt>
      <trkpt lat="60.10399" lon="9.02963">
        <ele>653.3037811225804</ele>
        <time>1970-01-01T00:00:00.000Z</time>
      </trkpt>
      <trkpt lat="60.10416" lon="9.02979">
        <ele>653.3996618547992</ele>
        <time>1970-01-01T00:00:00.000Z</time>
      </trkpt>
      <trkpt lat="60.10442" lon="9.02985">
        <ele>653.5332964529294</ele>
        <time>1970-01-01T00:00:00.000Z</time>
      </trkpt>
      <trkpt lat="60.104785646121826" lon="9.02985">
        <ele>653.72</ele>
        <time>1970-01-01T00:00:00.000Z</time>
      </trkpt>
      <trkpt lat="60.1048" lon="9.02985">
        <ele>653.7722049917451</ele>
        <time>1970-01-01T00:00:00.000Z</time>
      </trkpt>
      <trkpt lat="60.10495" lon="9.02981">
        <ele>654.3225518485858</ele>
        <time>1970-01-01T00:00:00.000Z</time>
      </trkpt>
      <trkpt lat="60.10509" lon="9.02981">
        <ele>654.8317312322058</ele>
        <time>1970-01-01T00:00:00.000Z</time>
      </trkpt>
      <trkpt lat="60.10518" lon="9.02977">
        <ele>655.1669955568331</ele>
        <time>1970-01-01T00:00:00.000Z</time>
      </trkpt>
      <trkpt lat="60.10527" lon="9.02977">
        <ele>655.4943251606014</ele>
        <time>1970-01-01T00:00:00.000Z</time>
      </trkpt>
      <trkpt lat="60.10563" lon="9.0294">
        <ele>656.9654304489637</ele>
        <time>1970-01-01T00:00:00.000Z</time>
      </trkpt>
      <trkpt lat="60.10571" lon="9.02934">
        <ele>657.276053214695</ele>
        <time>1970-01-01T00:00:00.000Z</time>
      </trkpt>
      <trkpt lat="60.105826746224636" lon="9.02919026215636">
        <ele>657.78</ele>
        <time>1970-01-01T00:00:00.000Z</time>
      </trkpt>
      <trkpt lat="60.10617" lon="9.02875">
        <ele>658.9113423801832</ele>
        <time>1970-01-01T00:00:00.000Z</time>
      </trkpt>
      <trkpt lat="60.10651" lon="9.02834">
        <ele>660.0129294884542</ele>
        <time>1970-01-01T00:00:00.000Z</time>
      </trkpt>
      <trkpt lat="60.10661" lon="9.02828">
        <ele>660.3027814640208</ele>
        <time>1970-01-01T00:00:00.000Z</time>
      </trkpt>
      <trkpt lat="60.10673" lon="9.02818">
        <ele>660.6636215242607</ele>
        <time>1970-01-01T00:00:00.000Z</time>
      </trkpt>
      <trkpt lat="60.10680347371048" lon="9.02812795640125">
        <ele>660.88</ele>
        <time>1970-01-01T00:00:00.000Z</time>
      </trkpt>
      <trkpt lat="60.10697" lon="9.02801">
        <ele>661.4590078854761</ele>
        <time>1970-01-01T00:00:00.000Z</time>
      </trkpt>
      <trkpt lat="60.10737" lon="9.02789">
        <ele>662.7850537551758</ele>
        <time>1970-01-01T00:00:00.000Z</time>
      </trkpt>
      <trkpt lat="60.10763" lon="9.02779">
        <ele>663.6530274270139</ele>
        <time>1970-01-01T00:00:00.000Z</time>
      </trkpt>
      <trkpt lat="60.10767" lon="9.02775">
        <ele>663.7995586880883</ele>
        <time>1970-01-01T00:00:00.000Z</time>
      </trkpt>
      <trkpt lat="60.10779" lon="9.02767">
        <ele>664.214146461997</ele>
        <time>1970-01-01T00:00:00.000Z</time>
      </trkpt>
      <trkpt lat="60.1078772638925" lon="9.027574555892235">
        <ele>664.54</ele>
        <time>1970-01-01T00:00:00.000Z</time>
      </trkpt>
      <trkpt lat="60.10811" lon="9.02732">
        <ele>670.6514942158672</ele>
        <time>1970-01-01T00:00:00.000Z</time>
      </trkpt>
      <trkpt lat="60.10814" lon="9.02723">
        <ele>670.8960884870471</ele>
        <time>1970-01-01T00:00:00.000Z</time>
      </trkpt>
      <trkpt lat="60.10817" lon="9.02717">
        <ele>671.0880849189468</ele>
        <time>1970-01-01T00:00:00.000Z</time>
      </trkpt>
      <trkpt lat="60.10829" lon="9.02695">
        <ele>671.8248705332339</ele>
        <time>1970-01-01T00:00:00.000Z</time>
      </trkpt>
      <trkpt lat="60.10836" lon="9.02685">
        <ele>672.2143662181445</ele>
        <time>1970-01-01T00:00:00.000Z</time>
      </trkpt>
      <trkpt lat="60.10844" lon="9.02672">
        <ele>672.6809887414109</ele>
        <time>1970-01-01T00:00:00.000Z</time>
      </trkpt>
      <trkpt lat="60.10849" lon="9.02665">
        <ele>672.9573404208</ele>
        <time>1970-01-01T00:00:00.000Z</time>
      </trkpt>
      <trkpt lat="60.10856" lon="9.02652">
        <ele>673.3896787272924</ele>
        <time>1970-01-01T00:00:00.000Z</time>
      </trkpt>
      <trkpt lat="60.10862" lon="9.02647">
        <ele>673.6841682510523</ele>
        <time>1970-01-01T00:00:00.000Z</time>
      </trkpt>
      <trkpt lat="60.10874" lon="9.02641">
        <ele>674.2447373047696</ele>
        <time>1970-01-01T00:00:00.000Z</time>
      </trkpt>
      <trkpt lat="60.10879" lon="9.02636">
        <ele>674.4979624370062</ele>
        <time>1970-01-01T00:00:00.000Z</time>
      </trkpt>
      <trkpt lat="60.10889" lon="9.02633">
        <ele>675.0144916347028</ele>
        <time>1970-01-01T00:00:00.000Z</time>
      </trkpt>
      <trkpt lat="60.10907" lon="9.0262">
        <ele>675.9947411929534</ele>
        <time>1970-01-01T00:00:00.000Z</time>
      </trkpt>
      <trkpt lat="60.10919" lon="9.02609">
        <ele>676.670747224729</ele>
        <time>1970-01-01T00:00:00.000Z</time>
      </trkpt>
      <trkpt lat="60.10931" lon="9.02598">
        <ele>677.3467528312731</ele>
        <time>1970-01-01T00:00:00.000Z</time>
      </trkpt>
      <trkpt lat="60.1095" lon="9.02588">
        <ele>678.3532521334066</ele>
        <time>1970-01-01T00:00:00.000Z</time>
      </trkpt>
      <trkpt lat="60.10983" lon="9.02591">
        <ele>680.0459207168382</ele>
        <time>1970-01-01T00:00:00.000Z</time>
      </trkpt>
      <trkpt lat="60.109865778055216" lon="9.025903494913772">
        <ele>680.23</ele>
        <time>1970-01-01T00:00:00.000Z</time>
      </trkpt>
      <trkpt lat="60.10994" lon="9.02589">
        <ele>680.419601963888</ele>
        <time>1970-01-01T00:00:00.000Z</time>
      </trkpt>
      <trkpt lat="60.11001" lon="9.02586">
        <ele>680.6017056304435</ele>
        <time>1970-01-01T00:00:00.000Z</time>
      </trkpt>
      <trkpt lat="60.1101" lon="9.02579">
        <ele>680.8472725260859</ele>
        <time>1970-01-01T00:00:00.000Z</time>
      </trkpt>
      <trkpt lat="60.11042" lon="9.02546">
        <ele>681.7625980237412</ele>
        <time>1970-01-01T00:00:00.000Z</time>
      </trkpt>
      <trkpt lat="60.11049" lon="9.02543">
        <ele>681.9447015745137</ele>
        <time>1970-01-01T00:00:00.000Z</time>
      </trkpt>
      <trkpt lat="60.11076" lon="9.0255">
        <ele>682.637319071443</ele>
        <time>1970-01-01T00:00:00.000Z</time>
      </trkpt>
      <trkpt lat="60.11092" lon="9.02561">
        <ele>683.0676020513774</ele>
        <time>1970-01-01T00:00:00.000Z</time>
      </trkpt>
      <trkpt lat="60.11106" lon="9.02568">
        <ele>682.8529979392342</ele>
        <time>1970-01-01T00:00:00.000Z</time>
      </trkpt>
      <trkpt lat="60.11118" lon="9.02566">
        <ele>682.6707018309007</ele>
        <time>1970-01-01T00:00:00.000Z</time>
      </trkpt>
      <trkpt lat="60.11126" lon="9.02557">
        <ele>682.5318544954255</ele>
        <time>1970-01-01T00:00:00.000Z</time>
      </trkpt>
      <trkpt lat="60.11142" lon="9.02532">
        <ele>682.2248606522948</ele>
        <time>1970-01-01T00:00:00.000Z</time>
      </trkpt>
      <trkpt lat="60.11169" lon="9.02503">
        <ele>681.7612362064353</ele>
        <time>1970-01-01T00:00:00.000Z</time>
      </trkpt>
      <trkpt lat="60.11187" lon="9.02491">
        <ele>681.4740867092612</ele>
        <time>1970-01-01T00:00:00.000Z</time>
      </trkpt>
      <trkpt lat="60.11192044030486" lon="9.02483714189207">
        <ele>681.38</ele>
        <time>1970-01-01T00:00:00.000Z</time>
      </trkpt>
      <trkpt lat="60.11196" lon="9.02478">
        <ele>681.1752188591925</ele>
        <time>1970-01-01T00:00:00.000Z</time>
      </trkpt>
      <trkpt lat="60.11208" lon="9.02453">
        <ele>680.4485019445725</ele>
        <time>1970-01-01T00:00:00.000Z</time>
      </trkpt>
      <trkpt lat="60.11217" lon="9.02426">
        <ele>679.7684322561457</ele>
        <time>1970-01-01T00:00:00.000Z</time>
      </trkpt>
      <trkpt lat="60.11224" lon="9.02395">
        <ele>679.0559063739214</ele>
        <time>1970-01-01T00:00:00.000Z</time>
      </trkpt>
      <trkpt lat="60.11235" lon="9.02367">
        <ele>678.3094459499645</ele>
        <time>1970-01-01T00:00:00.000Z</time>
      </trkpt>
      <trkpt lat="60.1125" lon="9.02345">
        <ele>677.5288767066053</ele>
        <time>1970-01-01T00:00:00.000Z</time>
      </trkpt>
      <trkpt lat="60.11268038581466" lon="9.023278204157924">
        <ele>676.69</ele>
        <time>1970-01-01T00:00:00.000Z</time>
      </trkpt>
      <trkpt lat="60.11271" lon="9.02325">
        <ele>676.4621312690974</ele>
        <time>1970-01-01T00:00:00.000Z</time>
      </trkpt>
      <trkpt lat="60.11279" lon="9.02316">
        <ele>675.8245908235573</ele>
        <time>1970-01-01T00:00:00.000Z</time>
      </trkpt>
      <trkpt lat="60.11289" lon="9.02295">
        <ele>674.8184260060128</ele>
        <time>1970-01-01T00:00:00.000Z</time>
      </trkpt>
      <trkpt lat="60.11299" lon="9.02267">
        <ele>673.6251486720614</ele>
        <time>1970-01-01T00:00:00.000Z</time>
      </trkpt>
      <trkpt lat="60.11308" lon="9.0226">
        <ele>672.9541709996146</ele>
        <time>1970-01-01T00:00:00.000Z</time>
      </trkpt>
      <trkpt lat="60.11316" lon="9.02257">
        <ele>672.3884256170425</ele>
        <time>1970-01-01T00:00:00.000Z</time>
      </trkpt>
      <trkpt lat="60.11326" lon="9.02259">
        <ele>671.6898322619793</ele>
        <time>1970-01-01T00:00:00.000Z</time>
      </trkpt>
      <trkpt lat="60.11332" lon="9.02262">
        <ele>671.2599923149904</ele>
        <time>1970-01-01T00:00:00.000Z</time>
      </trkpt>
      <trkpt lat="60.11345" lon="9.02282">
        <ele>670.1213137398153</ele>
        <time>1970-01-01T00:00:00.000Z</time>
      </trkpt>
      <trkpt lat="60.11356307129694" lon="9.023078447424504">
        <ele>668.93</ele>
        <time>1970-01-01T00:00:00.000Z</time>
      </trkpt>
      <trkpt lat="60.11366" lon="9.0233">
        <ele>667.6205487493861</ele>
        <time>1970-01-01T00:00:00.000Z</time>
      </trkpt>
      <trkpt lat="60.11372" lon="9.02332">
        <ele>667.0784225618803</ele>
        <time>1970-01-01T00:00:00.000Z</time>
      </trkpt>
      <trkpt lat="60.11376" lon="9.02329">
        <ele>666.6978063436052</ele>
        <time>1970-01-01T00:00:00.000Z</time>
      </trkpt>
      <trkpt lat="60.11381" lon="9.0232">
        <ele>666.0991462148799</ele>
        <time>1970-01-01T00:00:00.000Z</time>
      </trkpt>
      <trkpt lat="60.11384" lon="9.02307">
        <ele>665.4628596920111</ele>
        <time>1970-01-01T00:00:00.000Z</time>
      </trkpt>
      <trkpt lat="60.11385" lon="9.02291">
        <ele>664.7466807443337</ele>
        <time>1970-01-01T00:00:00.000Z</time>
      </trkpt>
      <trkpt lat="60.11391" lon="9.02255">
        <ele>663.0607378693844</ele>
        <time>1970-01-01T00:00:00.000Z</time>
      </trkpt>
      <trkpt lat="60.11399" lon="9.02221">
        <ele>661.3907998942813</ele>
        <time>1970-01-01T00:00:00.000Z</time>
      </trkpt>
      <trkpt lat="60.11407" lon="9.02192">
        <ele>659.9186103828519</ele>
        <time>1970-01-01T00:00:00.000Z</time>
      </trkpt>
      <trkpt lat="60.11413" lon="9.02183">
        <ele>659.2509405362952</ele>
        <time>1970-01-01T00:00:00.000Z</time>
      </trkpt>
      <trkpt lat="60.11415641464109" lon="9.02179981195977">
        <ele>658.98</ele>
        <time>1970-01-01T00:00:00.000Z</time>
      </trkpt>
      <trkpt lat="60.11427" lon="9.02167">
        <ele>657.6521717633035</ele>
        <time>1970-01-01T00:00:00.000Z</time>
      </trkpt>
      <trkpt lat="60.11434" lon="9.02162">
        <ele>656.8973814685422</ele>
        <time>1970-01-01T00:00:00.000Z</time>
      </trkpt>
      <trkpt lat="60.11452" lon="9.02154">
        <ele>655.0245503034</ele>
        <time>1970-01-01T00:00:00.000Z</time>
      </trkpt>
      <trkpt lat="60.11463" lon="9.02156">
        <ele>653.9025385769352</ele>
        <time>1970-01-01T00:00:00.000Z</time>
      </trkpt>
      <trkpt lat="60.11512" lon="9.02144">
        <ele>648.8879500041645</ele>
        <time>1970-01-01T00:00:00.000Z</time>
      </trkpt>
      <trkpt lat="60.1152421410686" lon="9.021413591320258">
        <ele>647.64</ele>
        <time>1970-01-01T00:00:00.000Z</time>
      </trkpt>
      <trkpt lat="60.11549" lon="9.02136">
        <ele>644.7055792592245</ele>
        <time>1970-01-01T00:00:00.000Z</time>
      </trkpt>
      <trkpt lat="60.11566" lon="9.0214">
        <ele>642.6908104186293</ele>
        <time>1970-01-01T00:00:00.000Z</time>
      </trkpt>
      <trkpt lat="60.11572" lon="9.02145">
        <ele>641.9260930987475</ele>
        <time>1970-01-01T00:00:00.000Z</time>
      </trkpt>
      <trkpt lat="60.11576" lon="9.02154">
        <ele>641.2187720028335</ele>
        <time>1970-01-01T00:00:00.000Z</time>
      </trkpt>
      <trkpt lat="60.11579" lon="9.02169">
        <ele>640.270812876878</ele>
        <time>1970-01-01T00:00:00.000Z</time>
      </trkpt>
      <trkpt lat="60.11576" lon="9.02212">
        <ele>637.7243142079176</ele>
        <time>1970-01-01T00:00:00.000Z</time>
      </trkpt>
      <trkpt lat="60.11567874720956" lon="9.022645022836285">
        <ele>634.5</ele>
        <time>1970-01-01T00:00:00.000Z</time>
      </trkpt>
      <trkpt lat="60.11563" lon="9.02296">
        <ele>623.4399049959675</ele>
        <time>1970-01-01T00:00:00.000Z</time>
      </trkpt>
      <trkpt lat="60.11561" lon="9.02324">
        <ele>622.153389651503</ele>
        <time>1970-01-01T00:00:00.000Z</time>
      </trkpt>
      <trkpt lat="60.11567" lon="9.02345">
        <ele>621.0523760418153</ele>
        <time>1970-01-01T00:00:00.000Z</time>
      </trkpt>
      <trkpt lat="60.11578" lon="9.0238">
        <ele>619.1702813860256</ele>
        <time>1970-01-01T00:00:00.000Z</time>
      </trkpt>
      <trkpt lat="60.11588" lon="9.02398">
        <ele>617.944114991501</ele>
        <time>1970-01-01T00:00:00.000Z</time>
      </trkpt>
      <trkpt lat="60.11592" lon="9.02399">
        <ele>617.5761604012688</ele>
        <time>1970-01-01T00:00:00.000Z</time>
      </trkpt>
      <trkpt lat="60.11606" lon="9.02398">
        <ele>616.2973863328689</ele>
        <time>1970-01-01T00:00:00.000Z</time>
      </trkpt>
      <trkpt lat="60.11621" lon="9.02388">
        <ele>614.8545781884452</ele>
        <time>1970-01-01T00:00:00.000Z</time>
      </trkpt>
      <trkpt lat="60.11622130164912" lon="9.02387623279972">
        <ele>614.75</ele>
        <time>1970-01-01T00:00:00.000Z</time>
      </trkpt>
      <trkpt lat="60.11636" lon="9.02383">
        <ele>613.4287897808226</ele>
        <time>1970-01-01T00:00:00.000Z</time>
      </trkpt>
      <trkpt lat="60.11652" lon="9.02387">
        <ele>611.9136405428053</ele>
        <time>1970-01-01T00:00:00.000Z</time>
      </trkpt>
      <trkpt lat="60.11659" lon="9.02386">
        <ele>611.2541818630554</ele>
        <time>1970-01-01T00:00:00.000Z</time>
      </trkpt>
      <trkpt lat="60.11681" lon="9.02381">
        <ele>609.1736157491451</ele>
        <time>1970-01-01T00:00:00.000Z</time>
      </trkpt>
      <trkpt lat="60.11687" lon="9.02376">
        <ele>608.5631253773712</ele>
        <time>1970-01-01T00:00:00.000Z</time>
      </trkpt>
      <trkpt lat="60.11719" lon="9.02356">
        <ele>605.4136457093463</ele>
        <time>1970-01-01T00:00:00.000Z</time>
      </trkpt>
      <trkpt lat="60.11726" lon="9.02356">
        <ele>604.7558511607695</ele>
        <time>1970-01-01T00:00:00.000Z</time>
      </trkpt>
      <trkpt lat="60.1173112018034" lon="9.02358560076637">
        <ele>604.26</ele>
        <time>1970-01-01T00:00:00.000Z</time>
      </trkpt>
      <trkpt lat="60.11748" lon="9.02367">
        <ele>602.5894738966413</ele>
        <time>1970-01-01T00:00:00.000Z</time>
      </trkpt>
      <trkpt lat="60.11757" lon="9.02369">
        <ele>601.7199136874646</ele>
        <time>1970-01-01T00:00:00.000Z</time>
      </trkpt>
      <trkpt lat="60.11803" lon="9.02358">
        <ele>597.2712465859412</ele>
        <time>1970-01-01T00:00:00.000Z</time>
      </trkpt>
      <trkpt lat="60.11823" lon="9.02361">
        <ele>595.3452705074086</ele>
        <time>1970-01-01T00:00:00.000Z</time>
      </trkpt>
      <trkpt lat="60.11833" lon="9.0236">
        <ele>594.3837692646839</ele>
        <time>1970-01-01T00:00:00.000Z</time>
      </trkpt>
      <trkpt lat="60.11841786424355" lon="9.0236">
        <ele>593.54</ele>
        <time>1970-01-01T00:00:00.000Z</time>
      </trkpt>
      <trkpt lat="60.11855" lon="9.0236">
        <ele>592.1456160107018</ele>
        <time>1970-01-01T00:00:00.000Z</time>
      </trkpt>
      <trkpt lat="60.11864" lon="9.02356">
        <ele>591.1728725948375</ele>
        <time>1970-01-01T00:00:00.000Z</time>
      </trkpt>
      <trkpt lat="60.11876" lon="9.02355">
        <ele>589.9054622560251</ele>
        <time>1970-01-01T00:00:00.000Z</time>
      </trkpt>
      <trkpt lat="60.11895" lon="9.02349">
        <ele>587.87579436886</ele>
        <time>1970-01-01T00:00:00.000Z</time>
      </trkpt>
      <trkpt lat="60.1191" lon="9.0234">
        <ele>586.2236894230061</ele>
        <time>1970-01-01T00:00:00.000Z</time>
      </trkpt>
      <trkpt lat="60.11935" lon="9.02318">
        <ele>583.3431241611322</ele>
        <time>1970-01-01T00:00:00.000Z</time>
      </trkpt>
      <trkpt lat="60.11942" lon="9.02315">
        <ele>582.5877880851715</ele>
        <time>1970-01-01T00:00:00.000Z</time>
      </trkpt>
      <trkpt lat="60.1195" lon="9.02313">
        <ele>570.8869161187348</ele>
        <time>1970-01-01T00:00:00.000Z</time>
      </trkpt>
      <trkpt lat="60.11956" lon="9.02317">
        <ele>570.2157835835428</ele>
        <time>1970-01-01T00:00:00.000Z</time>
      </trkpt>
      <trkpt lat="60.11964" lon="9.02326">
        <ele>569.2422683103688</ele>
        <time>1970-01-01T00:00:00.000Z</time>
      </trkpt>
      <trkpt lat="60.11972" lon="9.0234">
        <ele>568.1156086815707</ele>
        <time>1970-01-01T00:00:00.000Z</time>
      </trkpt>
      <trkpt lat="60.11985" lon="9.0236">
        <ele>566.3769011530317</ele>
        <time>1970-01-01T00:00:00.000Z</time>
      </trkpt>
      <trkpt lat="60.1199" lon="9.02363">
        <ele>565.8229282569438</ele>
        <time>1970-01-01T00:00:00.000Z</time>
      </trkpt>
      <trkpt lat="60.11995" lon="9.02363">
        <ele>565.2921598107515</ele>
        <time>1970-01-01T00:00:00.000Z</time>
      </trkpt>
      <trkpt lat="60.12" lon="9.02353">
        <ele>564.5429006499129</ele>
        <time>1970-01-01T00:00:00.000Z</time>
      </trkpt>
      <trkpt lat="60.12013" lon="9.02264">
        <ele>559.6380803268909</ele>
        <time>1970-01-01T00:00:00.000Z</time>
      </trkpt>
      <trkpt lat="60.12016228017904" lon="9.022551963547759">
        <ele>559.06</ele>
        <time>1970-01-01T00:00:00.000Z</time>
      </trkpt>
      <trkpt lat="60.12024" lon="9.02234">
        <ele>557.706932338313</ele>
        <time>1970-01-01T00:00:00.000Z</time>
      </trkpt>
      <trkpt lat="60.12034" lon="9.02218">
        <ele>556.3872338306746</ele>
        <time>1970-01-01T00:00:00.000Z</time>
      </trkpt>
      <trkpt lat="60.12043" lon="9.02207">
        <ele>555.2998332154768</ele>
        <time>1970-01-01T00:00:00.000Z</time>
      </trkpt>
      <trkpt lat="60.12054" lon="9.02194">
        <ele>553.982527589731</ele>
        <time>1970-01-01T00:00:00.000Z</time>
      </trkpt>
      <trkpt lat="60.12065" lon="9.0218">
        <ele>552.638409556931</ele>
        <time>1970-01-01T00:00:00.000Z</time>
      </trkpt>
      <trkpt lat="60.12074" lon="9.02169">
        <ele>551.5510117113142</ele>
        <time>1970-01-01T00:00:00.000Z</time>
      </trkpt>
      <trkpt lat="60.12088" lon="9.02149">
        <ele>549.7777238887203</ele>
        <time>1970-01-01T00:00:00.000Z</time>
      </trkpt>
      <trkpt lat="60.12102" lon="9.02137">
        <ele>548.2067572092947</ele>
        <time>1970-01-01T00:00:00.000Z</time>
      </trkpt>
      <trkpt lat="60.12107423061418" lon="9.021299500320143">
        <ele>547.54</ele>
        <time>1970-01-01T00:00:00.000Z</time>
      </trkpt>
      <trkpt lat="60.12112" lon="9.02124">
        <ele>546.8551521556955</ele>
        <time>1970-01-01T00:00:00.000Z</time>
      </trkpt>
      <trkpt lat="60.12123" lon="9.02117">
        <ele>545.4058723482533</ele>
        <time>1970-01-01T00:00:00.000Z</time>
      </trkpt>
      <trkpt lat="60.12137" lon="9.02112">
        <ele>543.6199611400351</ele>
        <time>1970-01-01T00:00:00.000Z</time>
      </trkpt>
      <trkpt lat="60.12152" lon="9.0211">
        <ele>541.7319179336653</ele>
        <time>1970-01-01T00:00:00.000Z</time>
      </trkpt>
      <trkpt lat="60.12164" lon="9.02106">
        <ele>540.2041671275331</ele>
        <time>1970-01-01T00:00:00.000Z</time>
      </trkpt>
      <trkpt lat="60.12181" lon="9.02097">
        <ele>537.9960857840349</ele>
        <time>1970-01-01T00:00:00.000Z</time>
      </trkpt>
      <trkpt lat="60.12195" lon="9.02092">
        <ele>536.2101755413915</ele>
        <time>1970-01-01T00:00:00.000Z</time>
      </trkpt>
      <trkpt lat="60.12212" lon="9.02092">
        <ele>534.0750978795418</ele>
        <time>1970-01-01T00:00:00.000Z</time>
      </trkpt>
      <trkpt lat="60.122163275838695" lon="9.020901968443482">
        <ele>533.52</ele>
        <time>1970-01-01T00:00:00.000Z</time>
      </trkpt>
      <trkpt lat="60.12224" lon="9.02087">
        <ele>532.7246868648355</ele>
        <time>1970-01-01T00:00:00.000Z</time>
      </trkpt>
      <trkpt lat="60.12249" lon="9.02083">
        <ele>530.1792532765146</ele>
        <time>1970-01-01T00:00:00.000Z</time>
      </trkpt>
      <trkpt lat="60.12263" lon="9.02083">
        <ele>528.7583167206772</ele>
        <time>1970-01-01T00:00:00.000Z</time>
      </trkpt>
      <trkpt lat="60.12276" lon="9.02085">
        <ele>527.4350065561337</ele>
        <time>1970-01-01T00:00:00.000Z</time>
      </trkpt>
      <trkpt lat="60.12287" lon="9.02092">
        <ele>526.2638035951676</ele>
        <time>1970-01-01T00:00:00.000Z</time>
      </trkpt>
      <trkpt lat="60.12299" lon="9.02101">
        <ele>524.9636324566694</ele>
        <time>1970-01-01T00:00:00.000Z</time>
      </trkpt>
      <trkpt lat="60.12315" lon="9.02117">
        <ele>523.1493761050968</ele>
        <time>1970-01-01T00:00:00.000Z</time>
      </trkpt>
      <trkpt lat="60.12323564507438" lon="9.021250292056077">
        <ele>522.19</ele>
        <time>1970-01-01T00:00:00.000Z</time>
      </trkpt>
      <trkpt lat="60.12331" lon="9.02132">
        <ele>512.871319843446</ele>
        <time>1970-01-01T00:00:00.000Z</time>
      </trkpt>
      <trkpt lat="60.12342" lon="9.02139">
        <ele>511.9451095592746</ele>
        <time>1970-01-01T00:00:00.000Z</time>
      </trkpt>
      <trkpt lat="60.12353" lon="9.02142">
        <ele>511.0540870883496</ele>
        <time>1970-01-01T00:00:00.000Z</time>
      </trkpt>
      <trkpt lat="60.12368" lon="9.02141">
        <ele>509.8494524345084</ele>
        <time>1970-01-01T00:00:00.000Z</time>
      </trkpt>
      <trkpt lat="60.12378" lon="9.02137">
        <ele>509.03102719788455</ele>
        <time>1970-01-01T00:00:00.000Z</time>
      </trkpt>
      <trkpt lat="60.12388" lon="9.02126">
        <ele>508.1157846670486</ele>
        <time>1970-01-01T00:00:00.000Z</time>
      </trkpt>
      <trkpt lat="60.12409" lon="9.02094">
        <ele>505.9996504579313</ele>
        <time>1970-01-01T00:00:00.000Z</time>
      </trkpt>
      <trkpt lat="60.12417" lon="9.0209">
        <ele>505.3379164659859</ele>
        <time>1970-01-01T00:00:00.000Z</time>
      </trkpt>
      <trkpt lat="60.124261020895425" lon="9.020959163375862">
        <ele>504.57</ele>
        <time>1970-01-01T00:00:00.000Z</time>
      </trkpt>
      <trkpt lat="60.12437" lon="9.02103">
        <ele>503.78089539083027</ele>
        <time>1970-01-01T00:00:00.000Z</time>
      </trkpt>
      <trkpt lat="60.1246" lon="9.02124">
        <ele>502.04030431381193</ele>
        <time>1970-01-01T00:00:00.000Z</time>
      </trkpt>
      <trkpt lat="60.12469" lon="9.02139">
        <ele>501.2345022047252</ele>
        <time>1970-01-01T00:00:00.000Z</time>
      </trkpt>
      <trkpt lat="60.12483" lon="9.02155">
        <ele>500.12474824084126</ele>
        <time>1970-01-01T00:00:00.000Z</time>
      </trkpt>
      <trkpt lat="60.1249" lon="9.02155">
        <ele>499.64253279012286</ele>
        <time>1970-01-01T00:00:00.000Z</time>
      </trkpt>
      <trkpt lat="60.12507" lon="9.02148">
        <ele>498.4470592771514</ele>
        <time>1970-01-01T00:00:00.000Z</time>
      </trkpt>
      <trkpt lat="60.12524" lon="9.02137">
        <ele>497.21664040377965</ele>
        <time>1970-01-01T00:00:00.000Z</time>
      </trkpt>
      <trkpt lat="60.12528225160497" lon="9.021320706491933">
        <ele>496.88</ele>
        <time>1970-01-01T00:00:00.000Z</time>
      </trkpt>
      <trkpt lat="60.1253" lon="9.0213">
        <ele>496.75274876591317</ele>
        <time>1970-01-01T00:00:00.000Z</time>
      </trkpt>
      <trkpt lat="60.12551" lon="9.02092">
        <ele>495.00020607240526</ele>
        <time>1970-01-01T00:00:00.000Z</time>
      </trkpt>
      <trkpt lat="60.12559" lon="9.02081">
        <ele>494.3991229835957</ele>
        <time>1970-01-01T00:00:00.000Z</time>
      </trkpt>
      <trkpt lat="60.12597" lon="9.02063">
        <ele>491.9788177392063</ele>
        <time>1970-01-01T00:00:00.000Z</time>
      </trkpt>
      <trkpt lat="60.12605" lon="9.02058">
        <ele>491.45942131673667</ele>
        <time>1970-01-01T00:00:00.000Z</time>
      </trkpt>
      <trkpt lat="60.12616" lon="9.02049">
        <ele>490.7230787851826</ele>
        <time>1970-01-01T00:00:00.000Z</time>
      </trkpt>
      <trkpt lat="60.126281194098105" lon="9.020446716418657">
        <ele>489.96</ele>
        <time>1970-01-01T00:00:00.000Z</time>
      </trkpt>
      <trkpt lat="60.1263" lon="9.02044">
        <ele>489.81113408813</ele>
        <time>1970-01-01T00:00:00.000Z</time>
      </trkpt>
      <trkpt lat="60.12645" lon="9.02042">
        <ele>488.6395245952447</ele>
        <time>1970-01-01T00:00:00.000Z</time>
      </trkpt>
      <trkpt lat="60.12658" lon="9.02044">
        <ele>487.62339126510966</ele>
        <time>1970-01-01T00:00:00.000Z</time>
      </trkpt>
      <trkpt lat="60.12675" lon="9.02056">
        <ele>486.21898218392386</ele>
        <time>1970-01-01T00:00:00.000Z</time>
      </trkpt>
      <trkpt lat="60.12683" lon="9.02067">
        <ele>485.46329432785114</ele>
        <time>1970-01-01T00:00:00.000Z</time>
      </trkpt>
      <trkpt lat="60.12691" lon="9.02083">
        <ele>484.5832437561498</ele>
        <time>1970-01-01T00:00:00.000Z</time>
      </trkpt>
      <trkpt lat="60.12695" lon="9.02098">
        <ele>483.92277038831213</ele>
        <time>1970-01-01T00:00:00.000Z</time>
      </trkpt>
      <trkpt lat="60.12699" lon="9.02112">
        <ele>483.2962517180212</ele>
        <time>1970-01-01T00:00:00.000Z</time>
      </trkpt>
      <trkpt lat="60.12701" lon="9.02127">
        <ele>482.6934780481467</ele>
        <time>1970-01-01T00:00:00.000Z</time>
      </trkpt>
      <trkpt lat="60.12701" lon="9.02161">
        <ele>481.3736627495035</ele>
        <time>1970-01-01T00:00:00.000Z</time>
      </trkpt>
      <trkpt lat="60.12700345766523" lon="9.021636169394759">
        <ele>481.26</ele>
        <time>1970-01-01T00:00:00.000Z</time>
      </trkpt>
      <trkpt lat="60.12698" lon="9.02173">
        <ele>472.48242058723434</ele>
        <time>1970-01-01T00:00:00.000Z</time>
      </trkpt>
      <trkpt lat="60.12695" lon="9.02188">
        <ele>471.94727615324945</ele>
        <time>1970-01-01T00:00:00.000Z</time>
      </trkpt>
      <trkpt lat="60.12689" lon="9.02197">
        <ele>471.4494450981548</ele>
        <time>1970-01-01T00:00:00.000Z</time>
      </trkpt>
      <trkpt lat="60.12681" lon="9.022">
        <ele>470.9084951375505</ele>
        <time>1970-01-01T00:00:00.000Z</time>
      </trkpt>
      <trkpt lat="60.12672" lon="9.02205">
        <ele>470.2877915315955</ele>
        <time>1970-01-01T00:00:00.000Z</time>
      </trkpt>
      <trkpt lat="60.12663" lon="9.02207">
        <ele>469.6859151286652</ele>
        <time>1970-01-01T00:00:00.000Z</time>
      </trkpt>
      <trkpt lat="60.12654" lon="9.02207">
        <ele>469.08769205970844</ele>
        <time>1970-01-01T00:00:00.000Z</time>
      </trkpt>
      <trkpt lat="60.12635" lon="9.022">
        <ele>467.8036887739016</ele>
        <time>1970-01-01T00:00:00.000Z</time>
      </trkpt>
      <trkpt lat="60.12627" lon="9.02198">
        <ele>467.26782815133237</ele>
        <time>1970-01-01T00:00:00.000Z</time>
      </trkpt>
      <trkpt lat="60.12619" lon="9.02198">
        <ele>466.7360743122816</ele>
        <time>1970-01-01T00:00:00.000Z</time>
      </trkpt>
      <trkpt lat="60.12617" lon="9.02199">
        <ele>466.5990751951323</ele>
        <time>1970-01-01T00:00:00.000Z</time>
      </trkpt>
      <trkpt lat="60.12612" lon="9.02202">
        <ele>466.2522047579957</ele>
        <time>1970-01-01T00:00:00.000Z</time>
      </trkpt>
      <trkpt lat="60.12601350183592" lon="9.02215782147468">
        <ele>465.41</ele>
        <time>1970-01-01T00:00:00.000Z</time>
      </trkpt>
      <trkpt lat="60.12595" lon="9.02224">
        <ele>464.7386188372299</ele>
        <time>1970-01-01T00:00:00.000Z</time>
      </trkpt>
      <trkpt lat="60.12558" lon="9.02303">
        <ele>459.9387816990504</ele>
        <time>1970-01-01T00:00:00.000Z</time>
      </trkpt>
      <trkpt lat="60.1255" lon="9.02317">
        <ele>458.9956927212631</ele>
        <time>1970-01-01T00:00:00.000Z</time>
      </trkpt>
      <trkpt lat="60.12516510981531" lon="9.023588613112146">
        <ele>455.49</ele>
        <time>1970-01-01T00:00:00.000Z</time>
      </trkpt>
      <trkpt lat="60.12514" lon="9.02362">
        <ele>455.1807759889854</ele>
        <time>1970-01-01T00:00:00.000Z</time>
      </trkpt>
      <trkpt lat="60.12508" lon="9.02375">
        <ele>454.25790240070853</ele>
        <time>1970-01-01T00:00:00.000Z</time>
      </trkpt>
      <trkpt lat="60.12498" lon="9.02425">
        <ele>451.45221877739436</ele>
        <time>1970-01-01T00:00:00.000Z</time>
      </trkpt>
      <trkpt lat="60.12495" lon="9.02463">
        <ele>449.4487441649886</ele>
        <time>1970-01-01T00:00:00.000Z</time>
      </trkpt>
      <trkpt lat="60.12502" lon="9.02524">
        <ele>446.1890867167812</ele>
        <time>1970-01-01T00:00:00.000Z</time>
      </trkpt>
      <trkpt lat="60.12498345420278" lon="9.025689000224848">
        <ele>443.82</ele>
        <time>1970-01-01T00:00:00.000Z</time>
      </trkpt>
      <trkpt lat="60.12495" lon="9.0261">
        <ele>441.65512923091273</ele>
        <time>1970-01-01T00:00:00.000Z</time>
      </trkpt>
      <trkpt lat="60.12497" lon="9.02652">
        <ele>439.46185565889084</ele>
        <time>1970-01-01T00:00:00.000Z</time>
      </trkpt>
      <trkpt lat="60.12501" lon="9.02662">
        <ele>438.7951518013353</ele>
        <time>1970-01-01T00:00:00.000Z</time>
      </trkpt>
      <trkpt lat="60.12508" lon="9.02668">
        <ele>438.00081973851763</ele>
        <time>1970-01-01T00:00:00.000Z</time>
      </trkpt>
      <trkpt lat="60.12549" lon="9.02659">
        <ele>433.6964736656563</ele>
        <time>1970-01-01T00:00:00.000Z</time>
      </trkpt>
      <trkpt lat="60.125634093789316" lon="9.026640432739294">
        <ele>432.17</ele>
        <time>1970-01-01T00:00:00.000Z</time>
      </trkpt>
      <trkpt lat="60.12569" lon="9.02666">
        <ele>421.10653572306904</ele>
        <time>1970-01-01T00:00:00.000Z</time>
      </trkpt>
      <trkpt lat="60.12579" lon="9.02672">
        <ele>420.2725498952859</ele>
        <time>1970-01-01T00:00:00.000Z</time>
      </trkpt>
      <trkpt lat="60.12595" lon="9.02686">
        <ele>418.877896765104</ele>
        <time>1970-01-01T00:00:00.000Z</time>
      </trkpt>
      <trkpt lat="60.12598" lon="9.02699">
        <ele>418.30765025470936</ele>
        <time>1970-01-01T00:00:00.000Z</time>
      </trkpt>
      <trkpt lat="60.12598" lon="9.02709">
        <ele>417.9096407580006</ele>
        <time>1970-01-01T00:00:00.000Z</time>
      </trkpt>
      <trkpt lat="60.12595" lon="9.0272">
        <ele>417.41049802814786</ele>
        <time>1970-01-01T00:00:00.000Z</time>
      </trkpt>
      <trkpt lat="60.12589" lon="9.02733">
        <ele>416.70510613419793</ele>
        <time>1970-01-01T00:00:00.000Z</time>
      </trkpt>
      <trkpt lat="60.12574" lon="9.0276">
        <ele>415.09530352981005</ele>
        <time>1970-01-01T00:00:00.000Z</time>
      </trkpt>
      <trkpt lat="60.12566" lon="9.02771">
        <ele>414.3204981324797</ele>
        <time>1970-01-01T00:00:00.000Z</time>
      </trkpt>
      <trkpt lat="60.125506580590766" lon="9.027998791832946">
        <ele>412.64</ele>
        <time>1970-01-01T00:00:00.000Z</time>
      </trkpt>
      <trkpt lat="60.12532" lon="9.02835">
        <ele>411.6906917842409</ele>
        <time>1970-01-01T00:00:00.000Z</time>
      </trkpt>
      <trkpt lat="60.12524" lon="9.02846">
        <ele>411.3307937897991</ele>
        <time>1970-01-01T00:00:00.000Z</time>
      </trkpt>
      <trkpt lat="60.12508" lon="9.02873">
        <ele>410.55500404803314</ele>
        <time>1970-01-01T00:00:00.000Z</time>
      </trkpt>
      <trkpt lat="60.12502" lon="9.02889">
        <ele>410.18473732571374</ele>
        <time>1970-01-01T00:00:00.000Z</time>
      </trkpt>
      <trkpt lat="60.125" lon="9.02927">
        <ele>409.47828024755665</ele>
        <time>1970-01-01T00:00:00.000Z</time>
      </trkpt>
      <trkpt lat="60.12503" lon="9.02985">
        <ele>408.40020733547965</ele>
        <time>1970-01-01T00:00:00.000Z</time>
      </trkpt>
      <trkpt lat="60.12505" lon="9.03001">
        <ele>408.095226559209</ele>
        <time>1970-01-01T00:00:00.000Z</time>
      </trkpt>
      <trkpt lat="60.12508" lon="9.0301">
        <ele>407.8950140175063</ele>
        <time>1970-01-01T00:00:00.000Z</time>
      </trkpt>
      <trkpt lat="60.12513" lon="9.03015">
        <ele>407.6876834674144</ele>
        <time>1970-01-01T00:00:00.000Z</time>
      </trkpt>
      <trkpt lat="60.12522" lon="9.03015">
        <ele>407.35363527571974</ele>
        <time>1970-01-01T00:00:00.000Z</time>
      </trkpt>
      <trkpt lat="60.12539" lon="9.0301">
        <ele>406.7159200501636</ele>
        <time>1970-01-01T00:00:00.000Z</time>
      </trkpt>
      <trkpt lat="60.1255" lon="9.03003">
        <ele>406.2876191795198</ele>
        <time>1970-01-01T00:00:00.000Z</time>
      </trkpt>
      <trkpt lat="60.12571" lon="9.02981">
        <ele>405.40843494180865</ele>
        <time>1970-01-01T00:00:00.000Z</time>
      </trkpt>
      <trkpt lat="60.1259" lon="9.02958">
        <ele>404.5849466431501</ele>
        <time>1970-01-01T00:00:00.000Z</time>
      </trkpt>
      <trkpt lat="60.12599" lon="9.02943">
        <ele>404.1507915150788</ele>
        <time>1970-01-01T00:00:00.000Z</time>
      </trkpt>
      <trkpt lat="60.12622" lon="9.02896">
        <ele>402.93268993055136</ele>
        <time>1970-01-01T00:00:00.000Z</time>
      </trkpt>
      <trkpt lat="60.12637" lon="9.02873">
        <ele>402.2321404046255</ele>
        <time>1970-01-01T00:00:00.000Z</time>
      </trkpt>
      <trkpt lat="60.12648" lon="9.02864">
        <ele>401.79125769785946</ele>
        <time>1970-01-01T00:00:00.000Z</time>
      </trkpt>
      <trkpt lat="60.12672" lon="9.02852">
        <ele>400.8732535161603</ele>
        <time>1970-01-01T00:00:00.000Z</time>
      </trkpt>
      <trkpt lat="60.12683" lon="9.02848">
        <ele>400.4583296429206</ele>
        <time>1970-01-01T00:00:00.000Z</time>
      </trkpt>
      <trkpt lat="60.12689678392006" lon="9.028471905044247">
        <ele>400.21</ele>
        <time>1970-01-01T00:00:00.000Z</time>
      </trkpt>
      <trkpt lat="60.12716" lon="9.02844">
        <ele>384.1718800593438</ele>
        <time>1970-01-01T00:00:00.000Z</time>
      </trkpt>
      <trkpt lat="60.12727" lon="9.02841">
        <ele>383.1118041684071</ele>
        <time>1970-01-01T00:00:00.000Z</time>
      </trkpt>
      <trkpt lat="60.12737" lon="9.02835">
        <ele>382.11513892960346</ele>
        <time>1970-01-01T00:00:00.000Z</time>
      </trkpt>
      <trkpt lat="60.12745" lon="9.02825">
        <ele>381.2152287202385</ele>
        <time>1970-01-01T00:00:00.000Z</time>
      </trkpt>
      <trkpt lat="60.12788" lon="9.02756">
        <ele>375.96517055273597</ele>
        <time>1970-01-01T00:00:00.000Z</time>
      </trkpt>
      <trkpt lat="60.12798" lon="9.02738">
        <ele>374.79936034852284</ele>
        <time>1970-01-01T00:00:00.000Z</time>
      </trkpt>
      <trkpt lat="60.12809" lon="9.02724">
        <ele>373.66883433128714</ele>
        <time>1970-01-01T00:00:00.000Z</time>
      </trkpt>
      <trkpt lat="60.12816" lon="9.02706">
        <ele>372.68150296911807</ele>
        <time>1970-01-01T00:00:00.000Z</time>
      </trkpt>
      <trkpt lat="60.12825" lon="9.02661">
        <ele>370.584987613453</ele>
        <time>1970-01-01T00:00:00.000Z</time>
      </trkpt>
      <trkpt lat="60.12824" lon="9.02636">
        <ele>369.5006648702445</ele>
        <time>1970-01-01T00:00:00.000Z</time>
      </trkpt>
      <trkpt lat="60.12828" lon="9.02605">
        <ele>368.11617430495073</ele>
        <time>1970-01-01T00:00:00.000Z</time>
      </trkpt>
      <trkpt lat="60.12831" lon="9.02589">
        <ele>367.3770420707579</ele>
        <time>1970-01-01T00:00:00.000Z</time>
      </trkpt>
      <trkpt lat="60.12838" lon="9.02575">
        <ele>366.51939124111385</ele>
        <time>1970-01-01T00:00:00.000Z</time>
      </trkpt>
      <trkpt lat="60.128397403739406" lon="9.02572762392142">
        <ele>366.34</ele>
        <time>1970-01-01T00:00:00.000Z</time>
      </trkpt>
      <trkpt lat="60.12859" lon="9.02548">
        <ele>364.36912819566703</ele>
        <time>1970-01-01T00:00:00.000Z</time>
      </trkpt>
      <trkpt lat="60.12883" lon="9.02532">
        <ele>362.189848486802</ele>
        <time>1970-01-01T00:00:00.000Z</time>
      </trkpt>
      <trkpt lat="60.12922" lon="9.0247">
        <ele>357.903014182488</ele>
        <time>1970-01-01T00:00:00.000Z</time>
      </trkpt>
      <trkpt lat="60.129335153695685" lon="9.024549952430954">
        <ele>356.72</ele>
        <time>1970-01-01T00:00:00.000Z</time>
      </trkpt>
      <trkpt lat="60.12955" lon="9.02427">
        <ele>354.4554445674514</ele>
        <time>1970-01-01T00:00:00.000Z</time>
      </trkpt>
      <trkpt lat="60.12977" lon="9.02411">
        <ele>352.3866110765847</ele>
        <time>1970-01-01T00:00:00.000Z</time>
      </trkpt>
      <trkpt lat="60.13" lon="9.02388">
        <ele>350.1147808558352</ele>
        <time>1970-01-01T00:00:00.000Z</time>
      </trkpt>
      <trkpt lat="60.13013" lon="9.02371">
        <ele>348.7430900278774</ele>
        <time>1970-01-01T00:00:00.000Z</time>
      </trkpt>
      <trkpt lat="60.130302422101806" lon="9.023455115720726">
        <ele>346.85</ele>
        <time>1970-01-01T00:00:00.000Z</time>
      </trkpt>
      <trkpt lat="60.13036" lon="9.02337">
        <ele>335.1942112479707</ele>
        <time>1970-01-01T00:00:00.000Z</time>
      </trkpt>
      <trkpt lat="60.13074" lon="9.02262">
        <ele>327.25156202479974</ele>
        <time>1970-01-01T00:00:00.000Z</time>
      </trkpt>
      <trkpt lat="60.13098" lon="9.02235">
        <ele>323.1508101742613</ele>
        <time>1970-01-01T00:00:00.000Z</time>
      </trkpt>
      <trkpt lat="60.13119" lon="9.02219">
        <ele>319.8027147436519</ele>
        <time>1970-01-01T00:00:00.000Z</time>
      </trkpt>
      <trkpt lat="60.131199722497485" lon="9.022175011285535">
        <ele>319.62</ele>
        <time>1970-01-01T00:00:00.000Z</time>
      </trkpt>
      <trkpt lat="60.13143" lon="9.02182">
        <ele>316.56674573269896</ele>
        <time>1970-01-01T00:00:00.000Z</time>
      </trkpt>
      <trkpt lat="60.13154" lon="9.02161">
        <ele>314.9704908020586</ele>
        <time>1970-01-01T00:00:00.000Z</time>
      </trkpt>
      <trkpt lat="60.13174" lon="9.02129">
        <ele>312.2810489186882</ele>
        <time>1970-01-01T00:00:00.000Z</time>
      </trkpt>
      <trkpt lat="60.1318" lon="9.02121">
        <ele>311.5235983977823</ele>
        <time>1970-01-01T00:00:00.000Z</time>
      </trkpt>
      <trkpt lat="60.13195" lon="9.02101">
        <ele>309.6299739444575</ele>
        <time>1970-01-01T00:00:00.000Z</time>
      </trkpt>
      <trkpt lat="60.1320892835055" lon="9.020827190538734">
        <ele>307.88</ele>
        <time>1970-01-01T00:00:00.000Z</time>
      </trkpt>
      <trkpt lat="60.13211" lon="9.0208">
        <ele>307.63767362851337</ele>
        <time>1970-01-01T00:00:00.000Z</time>
      </trkpt>
      <trkpt lat="60.13224" lon="9.02064">
        <ele>306.14474745309343</ele>
        <time>1970-01-01T00:00:00.000Z</time>
      </trkpt>
      <trkpt lat="60.13236" lon="9.02047">
        <ele>304.7068277071354</ele>
        <time>1970-01-01T00:00:00.000Z</time>
      </trkpt>
      <trkpt lat="60.13248" lon="9.02033">
        <ele>303.3479689462587</ele>
        <time>1970-01-01T00:00:00.000Z</time>
      </trkpt>
      <trkpt lat="60.13261" lon="9.02013">
        <ele>301.7444796961305</ele>
        <time>1970-01-01T00:00:00.000Z</time>
      </trkpt>
      <trkpt lat="60.13274" lon="9.01997">
        <ele>300.2515597160244</ele>
        <time>1970-01-01T00:00:00.000Z</time>
      </trkpt>
      <trkpt lat="60.13297" lon="9.01958">
        <ele>297.30409320806547</ele>
        <time>1970-01-01T00:00:00.000Z</time>
      </trkpt>
      <trkpt lat="60.132997653780656" lon="9.019533201491559">
        <ele>296.95</ele>
        <time>1970-01-01T00:00:00.000Z</time>
      </trkpt>
      <trkpt lat="60.1331" lon="9.01936">
        <ele>295.87570551935664</ele>
        <time>1970-01-01T00:00:00.000Z</time>
      </trkpt>
      <trkpt lat="60.13335" lon="9.01902">
        <ele>293.45219535138136</ele>
        <time>1970-01-01T00:00:00.000Z</time>
      </trkpt>
      <trkpt lat="60.13347" lon="9.01891">
        <ele>292.39341157174005</ele>
        <time>1970-01-01T00:00:00.000Z</time>
      </trkpt>
      <trkpt lat="60.13362" lon="9.0188">
        <ele>291.11167131389925</ele>
        <time>1970-01-01T00:00:00.000Z</time>
      </trkpt>
      <trkpt lat="60.13378" lon="9.01869">
        <ele>289.75425777973845</ele>
        <time>1970-01-01T00:00:00.000Z</time>
      </trkpt>
      <trkpt lat="60.13391" lon="9.01862">
        <ele>288.6739559196332</ele>
        <time>1970-01-01T00:00:00.000Z</time>
      </trkpt>
      <trkpt lat="60.133990559514764" lon="9.018564228117027">
        <ele>287.99</ele>
        <time>1970-01-01T00:00:00.000Z</time>
      </trkpt>
      <trkpt lat="60.13404" lon="9.01853">
        <ele>287.7463931862499</ele>
        <time>1970-01-01T00:00:00.000Z</time>
      </trkpt>
      <trkpt lat="60.13416" lon="9.01857">
        <ele>287.1797581561578</ele>
        <time>1970-01-01T00:00:00.000Z</time>
      </trkpt>
      <trkpt lat="60.13422" lon="9.01866">
        <ele>286.83090146613307</ele>
        <time>1970-01-01T00:00:00.000Z</time>
      </trkpt>
      <trkpt lat="60.13427" lon="9.0187">
        <ele>286.5801888551764</ele>
        <time>1970-01-01T00:00:00.000Z</time>
      </trkpt>
      <trkpt lat="60.13435" lon="9.01855">
        <ele>286.0703448184459</ele>
        <time>1970-01-01T00:00:00.000Z</time>
      </trkpt>
      <trkpt lat="60.13449" lon="9.01831">
        <ele>285.21288881663537</ele>
        <time>1970-01-01T00:00:00.000Z</time>
      </trkpt>
      <trkpt lat="60.13452" lon="9.01826">
        <ele>285.03128245201646</ele>
        <time>1970-01-01T00:00:00.000Z</time>
      </trkpt>
      <trkpt lat="60.13454" lon="9.01822">
        <ele>284.8997958868587</ele>
        <time>1970-01-01T00:00:00.000Z</time>
      </trkpt>
      <trkpt lat="60.13466" lon="9.01805">
        <ele>284.21571455217304</ele>
        <time>1970-01-01T00:00:00.000Z</time>
      </trkpt>
      <trkpt lat="60.13486" lon="9.01779">
        <ele>283.1058989726475</ele>
        <time>1970-01-01T00:00:00.000Z</time>
      </trkpt>
      <trkpt lat="60.13491887265122" lon="9.017722405979187">
        <ele>282.79</ele>
        <time>1970-01-01T00:00:00.000Z</time>
      </trkpt>
      <trkpt lat="60.13513" lon="9.01748">
        <ele>278.9272134185966</ele>
        <time>1970-01-01T00:00:00.000Z</time>
      </trkpt>
      <trkpt lat="60.13526" lon="9.01734">
        <ele>278.8769988413761</ele>
        <time>1970-01-01T00:00:00.000Z</time>
      </trkpt>
      <trkpt lat="60.13541" lon="9.01721">
        <ele>278.8213855620436</ele>
        <time>1970-01-01T00:00:00.000Z</time>
      </trkpt>
      <trkpt lat="60.13549" lon="9.01715">
        <ele>278.79231571695544</ele>
        <time>1970-01-01T00:00:00.000Z</time>
      </trkpt>
      <trkpt lat="60.13568" lon="9.01703">
        <ele>278.72451499204345</ele>
        <time>1970-01-01T00:00:00.000Z</time>
      </trkpt>
      <trkpt lat="60.13577" lon="9.01697">
        <ele>278.69223424512205</ele>
        <time>1970-01-01T00:00:00.000Z</time>
      </trkpt>
      <trkpt lat="60.13586" lon="9.01694">
        <ele>278.66117833014886</ele>
        <time>1970-01-01T00:00:00.000Z</time>
      </trkpt>
      <trkpt lat="60.13595138973968" lon="9.01692781472313">
        <ele>278.63</ele>
        <time>1970-01-01T00:00:00.000Z</time>
      </trkpt>
      <trkpt lat="60.13601" lon="9.01692">
        <ele>278.66332558758154</ele>
        <time>1970-01-01T00:00:00.000Z</time>
      </trkpt>
      <trkpt lat="60.13623" lon="9.0169">
        <ele>278.78826983849297</ele>
        <time>1970-01-01T00:00:00.000Z</time>
      </trkpt>
      <trkpt lat="60.13649" lon="9.01691">
        <ele>278.9358072182392</ele>
        <time>1970-01-01T00:00:00.000Z</time>
      </trkpt>
      <trkpt lat="60.13696" lon="9.01699">
        <ele>279.2034165201137</ele>
        <time>1970-01-01T00:00:00.000Z</time>
      </trkpt>
      <trkpt lat="60.13722" lon="9.01702">
        <ele>279.35117010498817</ele>
        <time>1970-01-01T00:00:00.000Z</time>
      </trkpt>
      <trkpt lat="60.13742" lon="9.01698">
        <ele>279.4652008455279</ele>
        <time>1970-01-01T00:00:00.000Z</time>
      </trkpt>
      <trkpt lat="60.13763" lon="9.01689">
        <ele>279.58702631853464</ele>
        <time>1970-01-01T00:00:00.000Z</time>
      </trkpt>
      <trkpt lat="60.13799" lon="9.01662">
        <ele>279.80504824239773</ele>
        <time>1970-01-01T00:00:00.000Z</time>
      </trkpt>
      <trkpt lat="60.13862" lon="9.01609">
        <ele>280.1925671357329</ele>
        <time>1970-01-01T00:00:00.000Z</time>
      </trkpt>
      <trkpt lat="60.139172661249056" lon="9.015648603039379">
        <ele>280.53</ele>
        <time>1970-01-01T00:00:00.000Z</time>
      </trkpt>
      <trkpt lat="60.14016" lon="9.01486">
        <ele>286.2090039446024</ele>
        <time>1970-01-01T00:00:00.000Z</time>
      </trkpt>
      <trkpt lat="60.140210309265946" lon="9.014821928519362">
        <ele>286.34</ele>
        <time>1970-01-01T00:00:00.000Z</time>
      </trkpt>
      <trkpt lat="60.14053" lon="9.01458">
        <ele>287.5763831976917</ele>
        <time>1970-01-01T00:00:00.000Z</time>
      </trkpt>
      <trkpt lat="60.14128144081073" lon="9.01420176674103">
        <ele>290.38</ele>
        <time>1970-01-01T00:00:00.000Z</time>
      </trkpt>
      <trkpt lat="60.14202" lon="9.01383">
        <ele>293.3879251459167</ele>
        <time>1970-01-01T00:00:00.000Z</time>
      </trkpt>
      <trkpt lat="60.1422" lon="9.01373">
        <ele>294.1257181756031</ele>
        <time>1970-01-01T00:00:00.000Z</time>
      </trkpt>
      <trkpt lat="60.142359814890135" lon="9.013624979426249">
        <ele>294.79</ele>
        <time>1970-01-01T00:00:00.000Z</time>
      </trkpt>
      <trkpt lat="60.14255" lon="9.0135">
        <ele>295.1485116678107</ele>
        <time>1970-01-01T00:00:00.000Z</time>
      </trkpt>
      <trkpt lat="60.14273" lon="9.01332">
        <ele>295.50875830080685</ele>
        <time>1970-01-01T00:00:00.000Z</time>
      </trkpt>
      <trkpt lat="60.14289" lon="9.01312">
        <ele>295.8463915420108</ele>
        <time>1970-01-01T00:00:00.000Z</time>
      </trkpt>
      <trkpt lat="60.14307" lon="9.01281">
        <ele>296.2711900115359</ele>
        <time>1970-01-01T00:00:00.000Z</time>
      </trkpt>
      <trkpt lat="60.14318" lon="9.01254">
        <ele>296.5823735034553</ele>
        <time>1970-01-01T00:00:00.000Z</time>
      </trkpt>
      <trkpt lat="60.143234157929555" lon="9.012334200667828">
        <ele>296.79</ele>
        <time>1970-01-01T00:00:00.000Z</time>
      </trkpt>
      <trkpt lat="60.14328" lon="9.01216">
        <ele>296.7733040584719</ele>
        <time>1970-01-01T00:00:00.000Z</time>
      </trkpt>
      <trkpt lat="60.14358" lon="9.01058">
        <ele>296.63001920987455</ele>
        <time>1970-01-01T00:00:00.000Z</time>
      </trkpt>
      <trkpt lat="60.14367" lon="9.01028">
        <ele>296.600340695567</ele>
        <time>1970-01-01T00:00:00.000Z</time>
      </trkpt>
      <trkpt lat="60.14376" lon="9.00998">
        <ele>296.3714742970624</ele>
        <time>1970-01-01T00:00:00.000Z</time>
      </trkpt>
      <trkpt lat="60.14387" lon="9.0096">
        <ele>296.08134919980307</ele>
        <time>1970-01-01T00:00:00.000Z</time>
      </trkpt>
      <trkpt lat="60.14394" lon="9.00932">
        <ele>295.87455088389714</ele>
        <time>1970-01-01T00:00:00.000Z</time>
      </trkpt>
      <trkpt lat="60.14397" lon="9.00918">
        <ele>295.7739522188593</ele>
        <time>1970-01-01T00:00:00.000Z</time>
      </trkpt>
      <trkpt lat="60.14402" lon="9.00894">
        <ele>295.6022375675416</ele>
        <time>1970-01-01T00:00:00.000Z</time>
      </trkpt>
      <trkpt lat="60.14404" lon="9.00886">
        <ele>295.54315251376664</ele>
        <time>1970-01-01T00:00:00.000Z</time>
      </trkpt>
      <trkpt lat="60.14406" lon="9.0088">
        <ele>295.49549418584365</ele>
        <time>1970-01-01T00:00:00.000Z</time>
      </trkpt>
      <trkpt lat="60.14408" lon="9.00877">
        <ele>295.46240108467975</ele>
        <time>1970-01-01T00:00:00.000Z</time>
      </trkpt>
      <trkpt lat="60.14412" lon="9.00875">
        <ele>295.4077508833442</ele>
        <time>1970-01-01T00:00:00.000Z</time>
      </trkpt>
      <trkpt lat="60.14424" lon="9.00879">
        <ele>295.24647916105823</ele>
        <time>1970-01-01T00:00:00.000Z</time>
      </trkpt>
      <trkpt lat="60.14426" lon="9.00881">
        <ele>295.21685917033153</ele>
        <time>1970-01-01T00:00:00.000Z</time>
      </trkpt>
      <trkpt lat="60.14429" lon="9.00882">
        <ele>295.1765412428881</ele>
        <time>1970-01-01T00:00:00.000Z</time>
      </trkpt>
      <trkpt lat="60.14437" lon="9.00887">
        <ele>295.06546192107476</ele>
        <time>1970-01-01T00:00:00.000Z</time>
      </trkpt>
      <trkpt lat="60.14441" lon="9.00891">
        <ele>295.0062219897057</ele>
        <time>1970-01-01T00:00:00.000Z</time>
      </trkpt>
      <trkpt lat="60.14443" lon="9.00895">
        <ele>294.968804492046</ele>
        <time>1970-01-01T00:00:00.000Z</time>
      </trkpt>
      <trkpt lat="60.14453" lon="9.00914">
        <ele>294.78631392274104</ele>
        <time>1970-01-01T00:00:00.000Z</time>
      </trkpt>
      <trkpt lat="60.14464" lon="9.00937">
        <ele>294.5758095604337</ele>
        <time>1970-01-01T00:00:00.000Z</time>
      </trkpt>
      <trkpt lat="60.14469" lon="9.00949">
        <ele>294.4725283686492</ele>
        <time>1970-01-01T00:00:00.000Z</time>
      </trkpt>
      <trkpt lat="60.14491" lon="9.01018">
        <ele>293.93173058811715</ele>
        <time>1970-01-01T00:00:00.000Z</time>
      </trkpt>
      <trkpt lat="60.1450112711575" lon="9.010572423730675">
        <ele>293.64</ele>
        <time>1970-01-01T00:00:00.000Z</time>
      </trkpt>
      <trkpt lat="60.14507" lon="9.0108">
        <ele>293.22161998019726</ele>
        <time>1970-01-01T00:00:00.000Z</time>
      </trkpt>
      <trkpt lat="60.14512" lon="9.01093">
        <ele>292.95348982458626</ele>
        <time>1970-01-01T00:00:00.000Z</time>
      </trkpt>
      <trkpt lat="60.14526" lon="9.01114">
        <ele>292.3806283951903</ele>
        <time>1970-01-01T00:00:00.000Z</time>
      </trkpt>
      <trkpt lat="60.14539" lon="9.01126">
        <ele>291.91155592986667</ele>
        <time>1970-01-01T00:00:00.000Z</time>
      </trkpt>
      <trkpt lat="60.14555" lon="9.01133">
        <ele>291.3746717734098</ele>
        <time>1970-01-01T00:00:00.000Z</time>
      </trkpt>
      <trkpt lat="60.14578" lon="9.01141">
        <ele>290.6093571531084</ele>
        <time>1970-01-01T00:00:00.000Z</time>
      </trkpt>
      <trkpt lat="60.14597092492129" lon="9.011449894175344">
        <ele>289.98</ele>
        <time>1970-01-01T00:00:00.000Z</time>
      </trkpt>
      <trkpt lat="60.14645" lon="9.01155">
        <ele>285.88623369962716</ele>
        <time>1970-01-01T00:00:00.000Z</time>
      </trkpt>
      <trkpt lat="60.14653" lon="9.0116">
        <ele>285.7151124931216</ele>
        <time>1970-01-01T00:00:00.000Z</time>
      </trkpt>
      <trkpt lat="60.14664" lon="9.0117">
        <ele>285.4685092849503</ele>
        <time>1970-01-01T00:00:00.000Z</time>
      </trkpt>
      <trkpt lat="60.14693" lon="9.01207">
        <ele>284.7668398600812</ele>
        <time>1970-01-01T00:00:00.000Z</time>
      </trkpt>
      <trkpt lat="60.147009738534166" lon="9.01213777703486">
        <ele>284.59</ele>
        <time>1970-01-01T00:00:00.000Z</time>
      </trkpt>
      <trkpt lat="60.14733" lon="9.01241">
        <ele>284.3781682078551</ele>
        <time>1970-01-01T00:00:00.000Z</time>
      </trkpt>
      <trkpt lat="60.14778" lon="9.01287">
        <ele>284.0706045035173</ele>
        <time>1970-01-01T00:00:00.000Z</time>
      </trkpt>
      <trkpt lat="60.14798" lon="9.01303">
        <ele>283.93946996549664</ele>
        <time>1970-01-01T00:00:00.000Z</time>
      </trkpt>
      <trkpt lat="60.1480273140722" lon="9.013050277401065">
        <ele>283.91</ele>
        <time>1970-01-01T00:00:00.000Z</time>
      </trkpt>
      <trkpt lat="60.14812" lon="9.01309">
        <ele>283.9813137896973</ele>
        <time>1970-01-01T00:00:00.000Z</time>
      </trkpt>
      <trkpt lat="60.14832" lon="9.01311">
        <ele>284.13199648107644</ele>
        <time>1970-01-01T00:00:00.000Z</time>
      </trkpt>
      <trkpt lat="60.14842" lon="9.01311">
        <ele>284.2072446658531</ele>
        <time>1970-01-01T00:00:00.000Z</time>
      </trkpt>
      <trkpt lat="60.14897" lon="9.01301">
        <ele>284.6228010603434</ele>
        <time>1970-01-01T00:00:00.000Z</time>
      </trkpt>
      <trkpt lat="60.14913" lon="9.01301">
        <ele>284.74319815598307</ele>
        <time>1970-01-01T00:00:00.000Z</time>
      </trkpt>
      <trkpt lat="60.14913894009409" lon="9.013012682004227">
        <ele>284.75</ele>
        <time>1970-01-01T00:00:00.000Z</time>
      </trkpt>
      <trkpt lat="60.14943" lon="9.0131">
        <ele>284.1858410351339</ele>
        <time>1970-01-01T00:00:00.000Z</time>
      </trkpt>
      <trkpt lat="60.14967" lon="9.01314">
        <ele>283.7241717400524</ele>
        <time>1970-01-01T00:00:00.000Z</time>
      </trkpt>
      <trkpt lat="60.14983" lon="9.01319">
        <ele>283.4137576153253</ele>
        <time>1970-01-01T00:00:00.000Z</time>
      </trkpt>
      <trkpt lat="60.15019" lon="9.01332">
        <ele>282.71256545920164</ele>
        <time>1970-01-01T00:00:00.000Z</time>
      </trkpt>
      <trkpt lat="60.150243468293894" lon="9.013323819153793">
        <ele>282.61</ele>
        <time>1970-01-01T00:00:00.000Z</time>
      </trkpt>
      <trkpt lat="60.15033" lon="9.01333">
        <ele>282.448923164653</ele>
        <time>1970-01-01T00:00:00.000Z</time>
      </trkpt>
      <trkpt lat="60.15152" lon="9.01313">
        <ele>280.2274316936021</ele>
        <time>1970-01-01T00:00:00.000Z</time>
      </trkpt>
      <trkpt lat="60.15166" lon="9.01309">
        <ele>279.96436928921395</ele>
        <time>1970-01-01T00:00:00.000Z</time>
      </trkpt>
      <trkpt lat="60.15315" lon="9.01244">
        <ele>277.1279399861955</ele>
        <time>1970-01-01T00:00:00.000Z</time>
      </trkpt>
      <trkpt lat="60.15334" lon="9.01233">
        <ele>276.76010304633996</ele>
        <time>1970-01-01T00:00:00.000Z</time>
      </trkpt>
      <trkpt lat="60.15353029223631" lon="9.012180485796026">
        <ele>276.38</ele>
        <time>1970-01-01T00:00:00.000Z</time>
      </trkpt>
      <trkpt lat="60.15376" lon="9.012">
        <ele>275.2863086300742</ele>
        <time>1970-01-01T00:00:00.000Z</time>
      </trkpt>
      <trkpt lat="60.15384" lon="9.01196">
        <ele>274.92074938393756</ele>
        <time>1970-01-01T00:00:00.000Z</time>
      </trkpt>
      <trkpt lat="60.15392" lon="9.01199">
        <ele>274.5598830515535</ele>
        <time>1970-01-01T00:00:00.000Z</time>
      </trkpt>
      <trkpt lat="60.154" lon="9.01215">
        <ele>274.0593698951249</ele>
        <time>1970-01-01T00:00:00.000Z</time>
      </trkpt>
      <trkpt lat="60.15402" lon="9.01217">
        <ele>273.9603088727731</ele>
        <time>1970-01-01T00:00:00.000Z</time>
      </trkpt>
      <trkpt lat="60.15405" lon="9.01216">
        <ele>273.825462822885</ele>
        <time>1970-01-01T00:00:00.000Z</time>
      </trkpt>
      <trkpt lat="60.1543" lon="9.01199">
        <ele>272.6551372743785</ele>
        <time>1970-01-01T00:00:00.000Z</time>
      </trkpt>
      <trkpt lat="60.15457" lon="9.01184">
        <ele>271.4276143449586</ele>
        <time>1970-01-01T00:00:00.000Z</time>
      </trkpt>
      <trkpt lat="60.15509" lon="9.01156">
        <ele>271.09324950054764</ele>
        <time>1970-01-01T00:00:00.000Z</time>
      </trkpt>
      <trkpt lat="60.15546" lon="9.0113">
        <ele>270.8497975699632</ele>
        <time>1970-01-01T00:00:00.000Z</time>
      </trkpt>
      <trkpt lat="60.15592" lon="9.01101">
        <ele>270.5503626220592</ele>
        <time>1970-01-01T00:00:00.000Z</time>
      </trkpt>
      <trkpt lat="60.1562" lon="9.01085">
        <ele>270.3695610069906</ele>
        <time>1970-01-01T00:00:00.000Z</time>
      </trkpt>
      <trkpt lat="60.15637" lon="9.01079">
        <ele>270.26235846700337</ele>
        <time>1970-01-01T00:00:00.000Z</time>
      </trkpt>
      <trkpt lat="60.15656" lon="9.01075">
        <ele>270.1437043594804</ele>
        <time>1970-01-01T00:00:00.000Z</time>
      </trkpt>
      <trkpt lat="60.15665" lon="9.01075">
        <ele>270.0878057079338</ele>
        <time>1970-01-01T00:00:00.000Z</time>
      </trkpt>
      <trkpt lat="60.15697" lon="9.0108">
        <ele>269.88845505434153</ele>
        <time>1970-01-01T00:00:00.000Z</time>
      </trkpt>
      <trkpt lat="60.15726" lon="9.01087">
        <ele>269.70704247370077</ele>
        <time>1970-01-01T00:00:00.000Z</time>
      </trkpt>
      <trkpt lat="60.15782465117112" lon="9.01108673193714">
        <ele>269.35</ele>
        <time>1970-01-01T00:00:00.000Z</time>
      </trkpt>
      <trkpt lat="60.15825" lon="9.01125">
        <ele>269.1987108940745</ele>
        <time>1970-01-01T00:00:00.000Z</time>
      </trkpt>
      <trkpt lat="60.15855" lon="9.01129">
        <ele>269.0936704916707</ele>
        <time>1970-01-01T00:00:00.000Z</time>
      </trkpt>
      <trkpt lat="60.15865" lon="9.01128">
        <ele>269.0586906084585</ele>
        <time>1970-01-01T00:00:00.000Z</time>
      </trkpt>
      <trkpt lat="60.15891" lon="9.01121">
        <ele>268.96704378591005</ele>
        <time>1970-01-01T00:00:00.000Z</time>
      </trkpt>
      <trkpt lat="60.15892982144941" lon="9.011202588760783">
        <ele>268.96</ele>
        <time>1970-01-01T00:00:00.000Z</time>
      </trkpt>
      <trkpt lat="60.16006" lon="9.01078">
        <ele>269.4234106060195</ele>
        <time>1970-01-01T00:00:00.000Z</time>
      </trkpt>
      <trkpt lat="60.16074" lon="9.01066">
        <ele>269.6985837027553</ele>
        <time>1970-01-01T00:00:00.000Z</time>
      </trkpt>
      <trkpt lat="60.16113502589351" lon="9.010528325047297">
        <ele>269.86</ele>
        <time>1970-01-01T00:00:00.000Z</time>
      </trkpt>
      <trkpt lat="60.16122" lon="9.0105">
        <ele>269.9325310309187</ele>
        <time>1970-01-01T00:00:00.000Z</time>
      </trkpt>
      <trkpt lat="60.16188" lon="9.01031">
        <ele>270.493964824017</ele>
        <time>1970-01-01T00:00:00.000Z</time>
      </trkpt>
      <trkpt lat="60.16202" lon="9.01021">
        <ele>270.6190772580425</ele>
        <time>1970-01-01T00:00:00.000Z</time>
      </trkpt>
      <trkpt lat="60.16220883361621" lon="9.010003999915543">
        <ele>270.8</ele>
        <time>1970-01-01T00:00:00.000Z</time>
      </trkpt>
      <trkpt lat="60.16224" lon="9.00997">
        <ele>270.83684943464755</ele>
        <time>1970-01-01T00:00:00.000Z</time>
      </trkpt>
      <trkpt lat="60.16233" lon="9.00988">
        <ele>270.94130856597945</ele>
        <time>1970-01-01T00:00:00.000Z</time>
      </trkpt>
      <trkpt lat="60.16254" lon="9.00976">
        <ele>271.168176531876</ele>
        <time>1970-01-01T00:00:00.000Z</time>
      </trkpt>
      <trkpt lat="60.163280994579985" lon="9.009402895173311">
        <ele>271.96</ele>
        <time>1970-01-01T00:00:00.000Z</time>
      </trkpt>
      <trkpt lat="60.16337" lon="9.00936">
        <ele>272.10676589553674</ele>
        <time>1970-01-01T00:00:00.000Z</time>
      </trkpt>
      <trkpt lat="60.16437" lon="9.009">
        <ele>273.73578566253263</ele>
        <time>1970-01-01T00:00:00.000Z</time>
      </trkpt>
      <trkpt lat="60.16462" lon="9.00893">
        <ele>273.7958166380919</ele>
        <time>1970-01-01T00:00:00.000Z</time>
      </trkpt>
      <trkpt lat="60.1648" lon="9.00893">
        <ele>273.82967832124035</ele>
        <time>1970-01-01T00:00:00.000Z</time>
      </trkpt>
      <trkpt lat="60.16499" lon="9.00899">
        <ele>273.86585963408135</ele>
        <time>1970-01-01T00:00:00.000Z</time>
      </trkpt>
      <trkpt lat="60.16541" lon="9.00923">
        <ele>273.9480009669549</ele>
        <time>1970-01-01T00:00:00.000Z</time>
      </trkpt>
      <trkpt lat="60.16599" lon="9.0096">
        <ele>274.0624738834985</ele>
        <time>1970-01-01T00:00:00.000Z</time>
      </trkpt>
      <trkpt lat="60.16646" lon="9.0099">
        <ele>274.15524116592553</ele>
        <time>1970-01-01T00:00:00.000Z</time>
      </trkpt>
      <trkpt lat="60.16653468044913" lon="9.009948321970192">
        <ele>274.17</ele>
        <time>1970-01-01T00:00:00.000Z</time>
      </trkpt>
      <trkpt lat="60.16697" lon="9.01023">
        <ele>274.012276979507</ele>
        <time>1970-01-01T00:00:00.000Z</time>
      </trkpt>
      <trkpt lat="60.16746" lon="9.01057">
        <ele>273.8334973518875</ele>
        <time>1970-01-01T00:00:00.000Z</time>
      </trkpt>
      <trkpt lat="60.1677" lon="9.01073">
        <ele>273.7462910823557</ele>
        <time>1970-01-01T00:00:00.000Z</time>
      </trkpt>
      <trkpt lat="60.1678" lon="9.01081">
        <ele>273.70917150712955</ele>
        <time>1970-01-01T00:00:00.000Z</time>
      </trkpt>
      <trkpt lat="60.16792" lon="9.01089">
        <ele>273.6655684091829</ele>
        <time>1970-01-01T00:00:00.000Z</time>
      </trkpt>
      <trkpt lat="60.16816" lon="9.01106">
        <ele>273.5778070927926</ele>
        <time>1970-01-01T00:00:00.000Z</time>
      </trkpt>
      <trkpt lat="60.16826" lon="9.01113">
        <ele>273.54128716427346</ele>
        <time>1970-01-01T00:00:00.000Z</time>
      </trkpt>
      <trkpt lat="60.16859" lon="9.01126">
        <ele>273.4253095133216</ele>
        <time>1970-01-01T00:00:00.000Z</time>
      </trkpt>
      <trkpt lat="60.16865" lon="9.01129">
        <ele>273.4039857844125</ele>
        <time>1970-01-01T00:00:00.000Z</time>
      </trkpt>
      <trkpt lat="60.168650000004085" lon="9.011313232076994">
        <ele>273.4</ele>
        <time>1970-01-01T00:00:00.000Z</time>
      </trkpt>
      <trkpt lat="60.16865" lon="9.01136">
        <ele>271.4071865002033</ele>
        <time>1970-01-01T00:00:00.000Z</time>
      </trkpt>
      <trkpt lat="60.16865" lon="9.01157">
        <ele>271.3945531626647</ele>
        <time>1970-01-01T00:00:00.000Z</time>
      </trkpt>
      <trkpt lat="60.16865" lon="9.0117">
        <ele>271.38673252514087</ele>
        <time>1970-01-01T00:00:00.000Z</time>
      </trkpt>
      <trkpt lat="60.16867" lon="9.01178">
        <ele>271.3813462335923</ele>
        <time>1970-01-01T00:00:00.000Z</time>
      </trkpt>
      <trkpt lat="60.16867" lon="9.01183">
        <ele>271.3783382979142</ele>
        <time>1970-01-01T00:00:00.000Z</time>
      </trkpt>
      <trkpt lat="60.16867" lon="9.01215">
        <ele>271.35908750957395</ele>
        <time>1970-01-01T00:00:00.000Z</time>
      </trkpt>
      <trkpt lat="60.16869" lon="9.01237">
        <ele>271.3456334027564</ele>
        <time>1970-01-01T00:00:00.000Z</time>
      </trkpt>
      <trkpt lat="60.16872" lon="9.01277">
        <ele>271.3212979809794</ele>
        <time>1970-01-01T00:00:00.000Z</time>
      </trkpt>
      <trkpt lat="60.16873" lon="9.01291">
        <ele>271.3127893930905</ele>
        <time>1970-01-01T00:00:00.000Z</time>
      </trkpt>
      <trkpt lat="60.16874" lon="9.01307">
        <ele>271.3030883434733</ele>
        <time>1970-01-01T00:00:00.000Z</time>
      </trkpt>
      <trkpt lat="60.16874" lon="9.01323">
        <ele>271.2934629698107</ele>
        <time>1970-01-01T00:00:00.000Z</time>
      </trkpt>
      <trkpt lat="60.16874" lon="9.01335">
        <ele>271.28624393956375</ele>
        <time>1970-01-01T00:00:00.000Z</time>
      </trkpt>
      <trkpt lat="60.16849167612275" lon="9.015729158135734">
        <ele>271.14</ele>
        <time>1970-01-01T00:00:00.000Z</time>
      </trkpt>
      <trkpt lat="60.16843" lon="9.01632">
        <ele>271.64846136809933</ele>
        <time>1970-01-01T00:00:00.000Z</time>
      </trkpt>
      <trkpt lat="60.16845" lon="9.01699">
        <ele>272.2137691127833</ele>
        <time>1970-01-01T00:00:00.000Z</time>
      </trkpt>
      <trkpt lat="60.16852741231596" lon="9.017946558796115">
        <ele>273.03</ele>
        <time>1970-01-01T00:00:00.000Z</time>
      </trkpt>
      <trkpt lat="60.16859" lon="9.01872">
        <ele>273.438555317225</ele>
        <time>1970-01-01T00:00:00.000Z</time>
      </trkpt>
      <trkpt lat="60.16911" lon="9.01869">
        <ele>273.98379156506644</ele>
        <time>1970-01-01T00:00:00.000Z</time>
      </trkpt>
      <trkpt lat="60.16931616201412" lon="9.01870438329828">
        <ele>274.2</ele>
        <time>1970-01-01T00:00:00.000Z</time>
      </trkpt>
      <trkpt lat="60.16954" lon="9.01872">
        <ele>274.33442706556224</ele>
        <time>1970-01-01T00:00:00.000Z</time>
      </trkpt>
      <trkpt lat="60.16991" lon="9.01877">
        <ele>274.5569999539324</ele>
        <time>1970-01-01T00:00:00.000Z</time>
      </trkpt>
      <trkpt lat="60.170429264732505" lon="9.018866926510688">
        <ele>274.87</ele>
        <time>1970-01-01T00:00:00.000Z</time>
      </trkpt>
      <trkpt lat="60.17141" lon="9.01905">
        <ele>275.8493899176036</ele>
        <time>1970-01-01T00:00:00.000Z</time>
      </trkpt>
      <trkpt lat="60.17154113628936" lon="9.019065131050858">
        <ele>275.98</ele>
        <time>1970-01-01T00:00:00.000Z</time>
      </trkpt>
      <trkpt lat="60.17167" lon="9.01908">
        <ele>276.0898462101457</ele>
        <time>1970-01-01T00:00:00.000Z</time>
      </trkpt>
      <trkpt lat="60.1719" lon="9.01906">
        <ele>276.28576407263836</ele>
        <time>1970-01-01T00:00:00.000Z</time>
      </trkpt>
      <trkpt lat="60.172" lon="9.01903">
        <ele>276.3718084329904</ele>
        <time>1970-01-01T00:00:00.000Z</time>
      </trkpt>
      <trkpt lat="60.17216" lon="9.01896">
        <ele>276.51115850532864</ele>
        <time>1970-01-01T00:00:00.000Z</time>
      </trkpt>
      <trkpt lat="60.17233" lon="9.01886">
        <ele>276.6618974137489</ele>
        <time>1970-01-01T00:00:00.000Z</time>
      </trkpt>
      <trkpt lat="60.17253" lon="9.01869">
        <ele>276.8466882028393</ele>
        <time>1970-01-01T00:00:00.000Z</time>
      </trkpt>
      <trkpt lat="60.17261374095362" lon="9.01858805502836">
        <ele>276.93</ele>
        <time>1970-01-01T00:00:00.000Z</time>
      </trkpt>
      <trkpt lat="60.17276" lon="9.01841">
        <ele>277.29454004887253</ele>
        <time>1970-01-01T00:00:00.000Z</time>
      </trkpt>
      <trkpt lat="60.17331" lon="9.01765">
        <ele>278.71740896720365</ele>
        <time>1970-01-01T00:00:00.000Z</time>
      </trkpt>
      <trkpt lat="60.1735513634317" lon="9.017372879303847">
        <ele>279.31</ele>
        <time>1970-01-01T00:00:00.000Z</time>
      </trkpt>
      <trkpt lat="60.17358" lon="9.01734">
        <ele>283.3430107850023</ele>
        <time>1970-01-01T00:00:00.000Z</time>
      </trkpt>
      <trkpt lat="60.17398" lon="9.01703">
        <ele>284.42211636172476</ele>
        <time>1970-01-01T00:00:00.000Z</time>
      </trkpt>
      <trkpt lat="60.17460578003832" lon="9.016643489467965">
        <ele>286.07</ele>
        <time>1970-01-01T00:00:00.000Z</time>
      </trkpt>
      <trkpt lat="60.17466" lon="9.01661">
        <ele>286.30220648629336</ele>
        <time>1970-01-01T00:00:00.000Z</time>
      </trkpt>
      <trkpt lat="60.17482" lon="9.01653">
        <ele>286.9771736457169</ele>
        <time>1970-01-01T00:00:00.000Z</time>
      </trkpt>
      <trkpt lat="60.175693243745" lon="9.016138279972186">
        <ele>290.64</ele>
        <time>1970-01-01T00:00:00.000Z</time>
      </trkpt>
      <trkpt lat="60.17696" lon="9.01557">
        <ele>290.47141209623686</ele>
        <time>1970-01-01T00:00:00.000Z</time>
      </trkpt>
      <trkpt lat="60.17735" lon="9.01544">
        <ele>290.42006259775883</ele>
        <time>1970-01-01T00:00:00.000Z</time>
      </trkpt>
      <trkpt lat="60.17788" lon="9.01531">
        <ele>290.3507091750884</ele>
        <time>1970-01-01T00:00:00.000Z</time>
      </trkpt>
      <trkpt lat="60.17821" lon="9.01527">
        <ele>290.5203892068867</ele>
        <time>1970-01-01T00:00:00.000Z</time>
      </trkpt>
      <trkpt lat="60.17994" lon="9.01515">
        <ele>291.4275346627964</ele>
        <time>1970-01-01T00:00:00.000Z</time>
      </trkpt>
      <trkpt lat="60.180116405916266" lon="9.015142649767725">
        <ele>291.52</ele>
        <time>1970-01-01T00:00:00.000Z</time>
      </trkpt>
      <trkpt lat="60.18018" lon="9.01514">
        <ele>291.7610277394852</ele>
        <time>1970-01-01T00:00:00.000Z</time>
      </trkpt>
      <trkpt lat="60.1804" lon="9.01515">
        <ele>292.594883059819</ele>
        <time>1970-01-01T00:00:00.000Z</time>
      </trkpt>
      <trkpt lat="60.18052" lon="9.01518">
        <ele>293.05309738310194</ele>
        <time>1970-01-01T00:00:00.000Z</time>
      </trkpt>
      <trkpt lat="60.18074" lon="9.01527">
        <ele>293.90381412930003</ele>
        <time>1970-01-01T00:00:00.000Z</time>
      </trkpt>
      <trkpt lat="60.18092" lon="9.01537">
        <ele>294.61143397614984</ele>
        <time>1970-01-01T00:00:00.000Z</time>
      </trkpt>
      <trkpt lat="60.18119329124447" lon="9.015621128553166">
        <ele>295.75</ele>
        <time>1970-01-01T00:00:00.000Z</time>
      </trkpt>
      <trkpt lat="60.18166" lon="9.01605">
        <ele>295.58452148876546</ele>
        <time>1970-01-01T00:00:00.000Z</time>
      </trkpt>
      <trkpt lat="60.18184" lon="9.01618">
        <ele>295.5228430844553</ele>
        <time>1970-01-01T00:00:00.000Z</time>
      </trkpt>
      <trkpt lat="60.18209" lon="9.01636">
        <ele>295.4372087677617</ele>
        <time>1970-01-01T00:00:00.000Z</time>
      </trkpt>
      <trkpt lat="60.182231202027744" lon="9.016437660971006">
        <ele>295.39</ele>
        <time>1970-01-01T00:00:00.000Z</time>
      </trkpt>
      <trkpt lat="60.18229" lon="9.01647">
        <ele>295.2750540223654</ele>
        <time>1970-01-01T00:00:00.000Z</time>
      </trkpt>
      <trkpt lat="60.18248" lon="9.01655">
        <ele>294.90900600556887</ele>
        <time>1970-01-01T00:00:00.000Z</time>
      </trkpt>
      <trkpt lat="60.18275" lon="9.01665">
        <ele>294.391309594247</ele>
        <time>1970-01-01T00:00:00.000Z</time>
      </trkpt>
      <trkpt lat="60.18312" lon="9.01672">
        <ele>293.6905263235785</ele>
        <time>1970-01-01T00:00:00.000Z</time>
      </trkpt>
      <trkpt lat="60.18339" lon="9.01673">
        <ele>293.1813054031311</ele>
        <time>1970-01-01T00:00:00.000Z</time>
      </trkpt>
      <trkpt lat="60.18362" lon="9.01672">
        <ele>292.7474968211437</ele>
        <time>1970-01-01T00:00:00.000Z</time>
      </trkpt>
      <trkpt lat="60.18388" lon="9.01668">
        <ele>292.2557867159634</ele>
        <time>1970-01-01T00:00:00.000Z</time>
      </trkpt>
      <trkpt lat="60.18407" lon="9.01663">
        <ele>291.8944528136717</ele>
        <time>1970-01-01T00:00:00.000Z</time>
      </trkpt>
      <trkpt lat="60.18428" lon="9.01655">
        <ele>291.49141812453234</ele>
        <time>1970-01-01T00:00:00.000Z</time>
      </trkpt>
      <trkpt lat="60.18443985738463" lon="9.01646659633132">
        <ele>291.18</ele>
        <time>1970-01-01T00:00:00.000Z</time>
      </trkpt>
      <trkpt lat="60.18451" lon="9.01643">
        <ele>291.181947432411</ele>
        <time>1970-01-01T00:00:00.000Z</time>
      </trkpt>
      <trkpt lat="60.1848" lon="9.01625">
        <ele>291.1901036869614</ele>
        <time>1970-01-01T00:00:00.000Z</time>
      </trkpt>
      <trkpt lat="60.18533" lon="9.01589">
        <ele>291.20513743456496</ele>
        <time>1970-01-01T00:00:00.000Z</time>
      </trkpt>
      <trkpt lat="60.18550440601767" lon="9.015793108060825">
        <ele>291.21</ele>
        <time>1970-01-01T00:00:00.000Z</time>
      </trkpt>
      <trkpt lat="60.1856" lon="9.01574">
        <ele>291.3201628375332</ele>
        <time>1970-01-01T00:00:00.000Z</time>
      </trkpt>
      <trkpt lat="60.18577" lon="9.01568">
        <ele>291.51188532709966</ele>
        <time>1970-01-01T00:00:00.000Z</time>
      </trkpt>
      <trkpt lat="60.18596" lon="9.01564">
        <ele>291.72409157485816</ele>
        <time>1970-01-01T00:00:00.000Z</time>
      </trkpt>
      <trkpt lat="60.18612" lon="9.01563">
        <ele>291.90190640757675</ele>
        <time>1970-01-01T00:00:00.000Z</time>
      </trkpt>
      <trkpt lat="60.18646" lon="9.01563">
        <ele>292.27958063019906</ele>
        <time>1970-01-01T00:00:00.000Z</time>
      </trkpt>
      <trkpt lat="60.18661258593082" lon="9.01566212331705">
        <ele>292.45</ele>
        <time>1970-01-01T00:00:00.000Z</time>
      </trkpt>
      <trkpt lat="60.18665" lon="9.01567">
        <ele>292.3714811991689</ele>
        <time>1970-01-01T00:00:00.000Z</time>
      </trkpt>
      <trkpt lat="60.18683" lon="9.01574">
        <ele>291.9888198108404</ele>
        <time>1970-01-01T00:00:00.000Z</time>
      </trkpt>
      <trkpt lat="60.18770884221815" lon="9.016084266999119">
        <ele>290.12</ele>
        <time>1970-01-01T00:00:00.000Z</time>
      </trkpt>
      <trkpt lat="60.18974" lon="9.01688">
        <ele>287.0551769190497</ele>
        <time>1970-01-01T00:00:00.000Z</time>
      </trkpt>
      <trkpt lat="60.19015" lon="9.01701">
        <ele>286.4404386136907</ele>
        <time>1970-01-01T00:00:00.000Z</time>
      </trkpt>
      <trkpt lat="60.19046" lon="9.01709">
        <ele>285.97754242618885</ele>
        <time>1970-01-01T00:00:00.000Z</time>
      </trkpt>
      <trkpt lat="60.19085" lon="9.01713">
        <ele>285.39917272651314</ele>
        <time>1970-01-01T00:00:00.000Z</time>
      </trkpt>
      <trkpt lat="60.19101144815105" lon="9.017137019470166">
        <ele>285.16</ele>
        <time>1970-01-01T00:00:00.000Z</time>
      </trkpt>
      <trkpt lat="60.19108" lon="9.01714">
        <ele>281.8204932951371</ele>
        <time>1970-01-01T00:00:00.000Z</time>
      </trkpt>
      <trkpt lat="60.1917" lon="9.01712">
        <ele>280.9206243256462</ele>
        <time>1970-01-01T00:00:00.000Z</time>
      </trkpt>
      <trkpt lat="60.192" lon="9.01714">
        <ele>280.4850208245132</ele>
        <time>1970-01-01T00:00:00.000Z</time>
      </trkpt>
      <trkpt lat="60.192126776541876" lon="9.017167166157769">
        <ele>280.3</ele>
        <time>1970-01-01T00:00:00.000Z</time>
      </trkpt>
      <trkpt lat="60.19242" lon="9.01723">
        <ele>280.29735840983466</ele>
        <time>1970-01-01T00:00:00.000Z</time>
      </trkpt>
      <trkpt lat="60.19311" lon="9.01746">
        <ele>280.2910930334192</ele>
        <time>1970-01-01T00:00:00.000Z</time>
      </trkpt>
      <trkpt lat="60.19363" lon="9.01768">
        <ele>280.2863329187351</ele>
        <time>1970-01-01T00:00:00.000Z</time>
      </trkpt>
      <trkpt lat="60.19415" lon="9.01794">
        <ele>280.2815329870082</ele>
        <time>1970-01-01T00:00:00.000Z</time>
      </trkpt>
      <trkpt lat="60.194312931430886" lon="9.01804527493529">
        <ele>280.28</ele>
        <time>1970-01-01T00:00:00.000Z</time>
      </trkpt>
      <trkpt lat="60.19537576572877" lon="9.018732031356258">
        <ele>281.07</ele>
        <time>1970-01-01T00:00:00.000Z</time>
      </trkpt>
      <trkpt lat="60.19545" lon="9.01878">
        <ele>281.13984569844916</ele>
        <time>1970-01-01T00:00:00.000Z</time>
      </trkpt>
      <trkpt lat="60.1958" lon="9.019">
        <ele>281.4683255425661</ele>
        <time>1970-01-01T00:00:00.000Z</time>
      </trkpt>
      <trkpt lat="60.19644796161627" lon="9.019355739449498">
        <ele>282.07</ele>
        <time>1970-01-01T00:00:00.000Z</time>
      </trkpt>
      <trkpt lat="60.19682" lon="9.01956">
        <ele>281.86617729632195</ele>
        <time>1970-01-01T00:00:00.000Z</time>
      </trkpt>
      <trkpt lat="60.19704" lon="9.01971">
        <ele>281.74340586493696</ele>
        <time>1970-01-01T00:00:00.000Z</time>
      </trkpt>
      <trkpt lat="60.19749" lon="9.02007">
        <ele>281.4874568497313</ele>
        <time>1970-01-01T00:00:00.000Z</time>
      </trkpt>
      <trkpt lat="60.197502905403084" lon="9.020081471301708">
        <ele>281.48</ele>
        <time>1970-01-01T00:00:00.000Z</time>
      </trkpt>
      <trkpt lat="60.19794" lon="9.02047">
        <ele>281.2852312745574</ele>
        <time>1970-01-01T00:00:00.000Z</time>
      </trkpt>
      <trkpt lat="60.19814" lon="9.02066">
        <ele>281.1950827263642</ele>
        <time>1970-01-01T00:00:00.000Z</time>
      </trkpt>
      <trkpt lat="60.1984" lon="9.02097">
        <ele>281.0718991270193</ele>
        <time>1970-01-01T00:00:00.000Z</time>
      </trkpt>
      <trkpt lat="60.19923" lon="9.02204">
        <ele>280.67011542419374</ele>
        <time>1970-01-01T00:00:00.000Z</time>
      </trkpt>
      <trkpt lat="60.19939" lon="9.02223">
        <ele>280.594390072795</ele>
        <time>1970-01-01T00:00:00.000Z</time>
      </trkpt>
      <trkpt lat="60.19944457572164" lon="9.022279377776346">
        <ele>280.57</ele>
        <time>1970-01-01T00:00:00.000Z</time>
      </trkpt>
      <trkpt lat="60.1996" lon="9.02242">
        <ele>280.39902233723205</ele>
        <time>1970-01-01T00:00:00.000Z</time>
      </trkpt>
      <trkpt lat="60.19978" lon="9.02256">
        <ele>280.2054045726458</ele>
        <time>1970-01-01T00:00:00.000Z</time>
      </trkpt>
      <trkpt lat="60.19992" lon="9.02265">
        <ele>280.0579468622382</ele>
        <time>1970-01-01T00:00:00.000Z</time>
      </trkpt>
      <trkpt lat="60.200513493322866" lon="9.022895874990189">
        <ele>279.45</ele>
        <time>1970-01-01T00:00:00.000Z</time>
      </trkpt>
      <trkpt lat="60.20062" lon="9.02294">
        <ele>279.2045238326067</ele>
        <time>1970-01-01T00:00:00.000Z</time>
      </trkpt>
      <trkpt lat="60.20088" lon="9.02308">
        <ele>278.59693687149314</ele>
        <time>1970-01-01T00:00:00.000Z</time>
      </trkpt>
      <trkpt lat="60.20133" lon="9.02343">
        <ele>277.5078430504842</ele>
        <time>1970-01-01T00:00:00.000Z</time>
      </trkpt>
      <trkpt lat="60.201560343245006" lon="9.0236546513225">
        <ele>276.93</ele>
        <time>1970-01-01T00:00:00.000Z</time>
      </trkpt>
      <trkpt lat="60.20214" lon="9.02422">
        <ele>275.83362371144636</ele>
        <time>1970-01-01T00:00:00.000Z</time>
      </trkpt>
      <trkpt lat="60.20248" lon="9.02451">
        <ele>275.20509207137155</ele>
        <time>1970-01-01T00:00:00.000Z</time>
      </trkpt>
      <trkpt lat="60.20257824248482" lon="9.024571401274926">
        <ele>275.03</ele>
        <time>1970-01-01T00:00:00.000Z</time>
      </trkpt>
      <trkpt lat="60.20272" lon="9.02466">
        <ele>274.8132558468759</ele>
        <time>1970-01-01T00:00:00.000Z</time>
      </trkpt>
      <trkpt lat="60.20287" lon="9.02473">
        <ele>274.5884175820707</ele>
        <time>1970-01-01T00:00:00.000Z</time>
      </trkpt>
      <trkpt lat="60.20313" lon="9.02481">
        <ele>274.2043604011422</ele>
        <time>1970-01-01T00:00:00.000Z</time>
      </trkpt>
      <trkpt lat="60.20337" lon="9.02483">
        <ele>273.8536185113884</ele>
        <time>1970-01-01T00:00:00.000Z</time>
      </trkpt>
      <trkpt lat="60.20361" lon="9.02481">
        <ele>273.5028766260267</ele>
        <time>1970-01-01T00:00:00.000Z</time>
      </trkpt>
      <trkpt lat="60.20367950802334" lon="9.024786830780942">
        <ele>273.4</ele>
        <time>1970-01-01T00:00:00.000Z</time>
      </trkpt>
      <trkpt lat="60.20385" lon="9.02473">
        <ele>273.098121091643</ele>
        <time>1970-01-01T00:00:00.000Z</time>
      </trkpt>
      <trkpt lat="60.20401" lon="9.02465">
        <ele>272.81013031260215</ele>
        <time>1970-01-01T00:00:00.000Z</time>
      </trkpt>
      <trkpt lat="60.204744881246164" lon="9.024132176240975">
        <ele>271.45</ele>
        <time>1970-01-01T00:00:00.000Z</time>
      </trkpt>
      <trkpt lat="60.20579846679451" lon="9.02338973901365">
        <ele>268.76</ele>
        <time>1970-01-01T00:00:00.000Z</time>
      </trkpt>
      <trkpt lat="60.20594" lon="9.02329">
        <ele>268.69148909823497</ele>
        <time>1970-01-01T00:00:00.000Z</time>
      </trkpt>
      <trkpt lat="60.20641" lon="9.02301">
        <ele>268.46755294692343</ele>
        <time>1970-01-01T00:00:00.000Z</time>
      </trkpt>
      <trkpt lat="60.20701" lon="9.02274">
        <ele>268.1866660372291</ele>
        <time>1970-01-01T00:00:00.000Z</time>
      </trkpt>
      <trkpt lat="60.20732" lon="9.02262">
        <ele>268.04244239038115</ele>
        <time>1970-01-01T00:00:00.000Z</time>
      </trkpt>
      <trkpt lat="60.20795" lon="9.02243">
        <ele>267.7514046370183</ele>
        <time>1970-01-01T00:00:00.000Z</time>
      </trkpt>
      <trkpt lat="60.2079748595784" lon="9.022425434156984">
        <ele>267.74</ele>
        <time>1970-01-01T00:00:00.000Z</time>
      </trkpt>
      <trkpt lat="60.20942" lon="9.02216">
        <ele>267.8136640052636</ele>
        <time>1970-01-01T00:00:00.000Z</time>
      </trkpt>
      <trkpt lat="60.21025" lon="9.02196">
        <ele>267.85609787038794</ele>
        <time>1970-01-01T00:00:00.000Z</time>
      </trkpt>
      <trkpt lat="60.21056" lon="9.02187">
        <ele>267.8719971464743</ele>
        <time>1970-01-01T00:00:00.000Z</time>
      </trkpt>
      <trkpt lat="60.21083" lon="9.02177">
        <ele>267.88593315943604</ele>
        <time>1970-01-01T00:00:00.000Z</time>
      </trkpt>
      <trkpt lat="60.21099" lon="9.02169">
        <ele>267.8943020187313</ele>
        <time>1970-01-01T00:00:00.000Z</time>
      </trkpt>
      <trkpt lat="60.21123" lon="9.02153">
        <ele>267.90713588917663</ele>
        <time>1970-01-01T00:00:00.000Z</time>
      </trkpt>
      <trkpt lat="60.21128123289815" lon="9.021482426961704">
        <ele>267.91</ele>
        <time>1970-01-01T00:00:00.000Z</time>
      </trkpt>
      <trkpt lat="60.21151" lon="9.02127">
        <ele>268.1221460971598</ele>
        <time>1970-01-01T00:00:00.000Z</time>
      </trkpt>
      <trkpt lat="60.21174" lon="9.02098">
        <ele>268.3506798359658</ele>
        <time>1970-01-01T00:00:00.000Z</time>
      </trkpt>
      <trkpt lat="60.21222331913546" lon="9.020288486254517">
        <ele>268.85</ele>
        <time>1970-01-01T00:00:00.000Z</time>
      </trkpt>
      <trkpt lat="60.21239" lon="9.02005">
        <ele>269.2090552249667</ele>
        <time>1970-01-01T00:00:00.000Z</time>
      </trkpt>
      <trkpt lat="60.21277" lon="9.01961">
        <ele>269.9787633774244</ele>
        <time>1970-01-01T00:00:00.000Z</time>
      </trkpt>
      <trkpt lat="60.21314" lon="9.01923">
        <ele>270.7080746625679</ele>
        <time>1970-01-01T00:00:00.000Z</time>
      </trkpt>
      <trkpt lat="60.213193993982536" lon="9.019187082180192">
        <ele>270.81</ele>
        <time>1970-01-01T00:00:00.000Z</time>
      </trkpt>
      <trkpt lat="60.21353" lon="9.01892">
        <ele>271.56177834505286</ele>
        <time>1970-01-01T00:00:00.000Z</time>
      </trkpt>
      <trkpt lat="60.21384" lon="9.01872">
        <ele>271.60843680670837</ele>
        <time>1970-01-01T00:00:00.000Z</time>
      </trkpt>
      <trkpt lat="60.214255783263425" lon="9.018503071476506">
        <ele>271.67</ele>
        <time>1970-01-01T00:00:00.000Z</time>
      </trkpt>
      <trkpt lat="60.21453" lon="9.01836">
        <ele>271.782924565525</ele>
        <time>1970-01-01T00:00:00.000Z</time>
      </trkpt>
      <trkpt lat="60.21519" lon="9.01811">
        <ele>272.05064149805804</ele>
        <time>1970-01-01T00:00:00.000Z</time>
      </trkpt>
      <trkpt lat="60.21562" lon="9.01799">
        <ele>272.2236942586486</ele>
        <time>1970-01-01T00:00:00.000Z</time>
      </trkpt>
      <trkpt lat="60.21604" lon="9.01789">
        <ele>272.3922883728164</ele>
        <time>1970-01-01T00:00:00.000Z</time>
      </trkpt>
      <trkpt lat="60.21637" lon="9.01785">
        <ele>272.52407655521233</ele>
        <time>1970-01-01T00:00:00.000Z</time>
      </trkpt>
      <trkpt lat="60.216460033871215" lon="9.017842262995224">
        <ele>272.56</ele>
        <time>1970-01-01T00:00:00.000Z</time>
      </trkpt>
      <trkpt lat="60.21757532422232" lon="9.017746417685755">
        <ele>273.31</ele>
        <time>1970-01-01T00:00:00.000Z</time>
      </trkpt>
      <trkpt lat="60.21765" lon="9.01774">
        <ele>273.63933043641885</ele>
        <time>1970-01-01T00:00:00.000Z</time>
      </trkpt>
      <trkpt lat="60.2181" lon="9.01767">
        <ele>273.6352872688359</ele>
        <time>1970-01-01T00:00:00.000Z</time>
      </trkpt>
      <trkpt lat="60.21842" lon="9.01758">
        <ele>273.6323928356268</ele>
        <time>1970-01-01T00:00:00.000Z</time>
      </trkpt>
      <trkpt lat="60.21957" lon="9.01718">
        <ele>273.6219383959584</ele>
        <time>1970-01-01T00:00:00.000Z</time>
      </trkpt>
      <trkpt lat="60.22101" lon="9.01683">
        <ele>273.6089450552235</ele>
        <time>1970-01-01T00:00:00.000Z</time>
      </trkpt>
      <trkpt lat="60.22137" lon="9.0167">
        <ele>273.6056686781883</ele>
        <time>1970-01-01T00:00:00.000Z</time>
      </trkpt>
      <trkpt lat="60.22161" lon="9.01658">
        <ele>273.60345343343073</ele>
        <time>1970-01-01T00:00:00.000Z</time>
      </trkpt>
      <trkpt lat="60.22186" lon="9.01643">
        <ele>273.6011165877127</ele>
        <time>1970-01-01T00:00:00.000Z</time>
      </trkpt>
      <trkpt lat="60.221977812510886" lon="9.016348044986454">
        <ele>273.6</ele>
        <time>1970-01-01T00:00:00.000Z</time>
      </trkpt>
      <trkpt lat="60.22255" lon="9.01595">
        <ele>273.2963114887053</ele>
        <time>1970-01-01T00:00:00.000Z</time>
      </trkpt>
      <trkpt lat="60.22284" lon="9.0158">
        <ele>273.1461085093953</ele>
        <time>1970-01-01T00:00:00.000Z</time>
      </trkpt>
      <trkpt lat="60.22298" lon="9.01576">
        <ele>273.07517338080316</ele>
        <time>1970-01-01T00:00:00.000Z</time>
      </trkpt>
      <trkpt lat="60.22304990017126" lon="9.01574896317141">
        <ele>273.04</ele>
        <time>1970-01-01T00:00:00.000Z</time>
      </trkpt>
      <trkpt lat="60.22317" lon="9.01573">
        <ele>273.0292082905803</ele>
        <time>1970-01-01T00:00:00.000Z</time>
      </trkpt>
      <trkpt lat="60.22393" lon="9.01574">
        <ele>272.9611251461039</ele>
        <time>1970-01-01T00:00:00.000Z</time>
      </trkpt>
      <trkpt lat="60.22416496157484" lon="9.015699489451912">
        <ele>272.94</ele>
        <time>1970-01-01T00:00:00.000Z</time>
      </trkpt>
      <trkpt lat="60.22422" lon="9.01569">
        <ele>272.94722473206406</ele>
        <time>1970-01-01T00:00:00.000Z</time>
      </trkpt>
      <trkpt lat="60.2245" lon="9.01558">
        <ele>272.98453593682996</ele>
        <time>1970-01-01T00:00:00.000Z</time>
      </trkpt>
      <trkpt lat="60.22534" lon="9.01516">
        <ele>273.09773425608495</ele>
        <time>1970-01-01T00:00:00.000Z</time>
      </trkpt>
      <trkpt lat="60.22575" lon="9.01499">
        <ele>273.1524824429088</ele>
        <time>1970-01-01T00:00:00.000Z</time>
      </trkpt>
      <trkpt lat="60.22605" lon="9.01488">
        <ele>273.19236409995426</ele>
        <time>1970-01-01T00:00:00.000Z</time>
      </trkpt>
      <trkpt lat="60.22796" lon="9.01426">
        <ele>273.4453945490484</ele>
        <time>1970-01-01T00:00:00.000Z</time>
      </trkpt>
      <trkpt lat="60.22835" lon="9.01406">
        <ele>273.4980297962999</ele>
        <time>1970-01-01T00:00:00.000Z</time>
      </trkpt>
      <trkpt lat="60.2285" lon="9.01396">
        <ele>273.51869502406475</ele>
        <time>1970-01-01T00:00:00.000Z</time>
      </trkpt>
      <trkpt lat="60.22882" lon="9.01368">
        <ele>273.5643268455466</ele>
        <time>1970-01-01T00:00:00.000Z</time>
      </trkpt>
      <trkpt lat="60.22911" lon="9.01337">
        <ele>273.60726716339815</ele>
        <time>1970-01-01T00:00:00.000Z</time>
      </trkpt>
      <trkpt lat="60.229518729044656" lon="9.012864473147866">
        <ele>273.67</ele>
        <time>1970-01-01T00:00:00.000Z</time>
      </trkpt>
      <trkpt lat="60.22987" lon="9.01243">
        <ele>273.6515362158311</ele>
        <time>1970-01-01T00:00:00.000Z</time>
      </trkpt>
      <trkpt lat="60.23016" lon="9.01211">
        <ele>273.63672516583483</ele>
        <time>1970-01-01T00:00:00.000Z</time>
      </trkpt>
      <trkpt lat="60.2305" lon="9.01182">
        <ele>273.6201870102694</ele>
        <time>1970-01-01T00:00:00.000Z</time>
      </trkpt>
      <trkpt lat="60.23067" lon="9.0117">
        <ele>273.5790161743772</ele>
        <time>1970-01-01T00:00:00.000Z</time>
      </trkpt>
      <trkpt lat="60.23083" lon="9.01163">
        <ele>273.54088133773797</ele>
        <time>1970-01-01T00:00:00.000Z</time>
      </trkpt>
      <trkpt lat="60.23108" lon="9.01154">
        <ele>273.4817307397162</ele>
        <time>1970-01-01T00:00:00.000Z</time>
      </trkpt>
      <trkpt lat="60.23137" lon="9.0115">
        <ele>273.4140283330318</ele>
        <time>1970-01-01T00:00:00.000Z</time>
      </trkpt>
      <trkpt lat="60.23160196923617" lon="9.011498955156918">
        <ele>273.36</ele>
        <time>1970-01-01T00:00:00.000Z</time>
      </trkpt>
      <trkpt lat="60.23359" lon="9.01149">
        <ele>273.1819094281466</ele>
        <time>1970-01-01T00:00:00.000Z</time>
      </trkpt>
      <trkpt lat="60.233834495663025" lon="9.011477353802125">
        <ele>273.16</ele>
        <time>1970-01-01T00:00:00.000Z</time>
      </trkpt>
      <trkpt lat="60.23417" lon="9.01146">
        <ele>273.0036631464167</ele>
        <time>1970-01-01T00:00:00.000Z</time>
      </trkpt>
      <trkpt lat="60.23465" lon="9.01137">
        <ele>272.77910192878363</ele>
        <time>1970-01-01T00:00:00.000Z</time>
      </trkpt>
      <trkpt lat="60.23516" lon="9.01123">
        <ele>272.53933674168417</ele>
        <time>1970-01-01T00:00:00.000Z</time>
      </trkpt>
      <trkpt lat="60.23545" lon="9.01111">
        <ele>272.40142751078287</ele>
        <time>1970-01-01T00:00:00.000Z</time>
      </trkpt>
      <trkpt lat="60.23606" lon="9.0108">
        <ele>272.1083726986687</ele>
        <time>1970-01-01T00:00:00.000Z</time>
      </trkpt>
      <trkpt lat="60.23648" lon="9.01054">
        <ele>271.90369746497214</ele>
        <time>1970-01-01T00:00:00.000Z</time>
      </trkpt>
      <trkpt lat="60.23709752008887" lon="9.010118789819346">
        <ele>271.6</ele>
        <time>1970-01-01T00:00:00.000Z</time>
      </trkpt>
      <trkpt lat="60.23799" lon="9.00951">
        <ele>269.98779710459587</ele>
        <time>1970-01-01T00:00:00.000Z</time>
      </trkpt>
      <trkpt lat="60.238157012034186" lon="9.00941131192838">
        <ele>269.69</ele>
        <time>1970-01-01T00:00:00.000Z</time>
      </trkpt>
      <trkpt lat="60.23843" lon="9.00925">
        <ele>269.6428529179125</ele>
        <time>1970-01-01T00:00:00.000Z</time>
      </trkpt>
      <trkpt lat="60.23896" lon="9.00897">
        <ele>269.55204855656405</ele>
        <time>1970-01-01T00:00:00.000Z</time>
      </trkpt>
      <trkpt lat="60.23929" lon="9.00881">
        <ele>269.4957976901662</ele>
        <time>1970-01-01T00:00:00.000Z</time>
      </trkpt>
      <trkpt lat="60.23983" lon="9.00858">
        <ele>269.4043279180434</ele>
        <time>1970-01-01T00:00:00.000Z</time>
      </trkpt>
      <trkpt lat="60.24027" lon="9.00843">
        <ele>269.33037222624006</ele>
        <time>1970-01-01T00:00:00.000Z</time>
      </trkpt>
      <trkpt lat="60.240332021217036" lon="9.008413085319578">
        <ele>269.32</ele>
        <time>1970-01-01T00:00:00.000Z</time>
      </trkpt>
      <trkpt lat="60.24071" lon="9.00831">
        <ele>269.3336674481727</ele>
        <time>1970-01-01T00:00:00.000Z</time>
      </trkpt>
      <trkpt lat="60.24104" lon="9.00824">
        <ele>269.3455575233168</ele>
        <time>1970-01-01T00:00:00.000Z</time>
      </trkpt>
      <trkpt lat="60.24144238596329" lon="9.008193210974008">
        <ele>269.36</ele>
        <time>1970-01-01T00:00:00.000Z</time>
      </trkpt>
      <trkpt lat="60.24147" lon="9.00819">
        <ele>269.38007029645814</ele>
        <time>1970-01-01T00:00:00.000Z</time>
      </trkpt>
      <trkpt lat="60.24226" lon="9.00817">
        <ele>269.9533454711513</ele>
        <time>1970-01-01T00:00:00.000Z</time>
      </trkpt>
      <trkpt lat="60.242558538900276" lon="9.008180413969157">
        <ele>270.17</ele>
        <time>1970-01-01T00:00:00.000Z</time>
      </trkpt>
      <trkpt lat="60.24312" lon="9.0082">
        <ele>271.1911687965348</ele>
        <time>1970-01-01T00:00:00.000Z</time>
      </trkpt>
      <trkpt lat="60.24352" lon="9.00823">
        <ele>271.91907168857307</ele>
        <time>1970-01-01T00:00:00.000Z</time>
      </trkpt>
      <trkpt lat="60.2436740520457" lon="9.00825325287134">
        <ele>272.2</ele>
        <time>1970-01-01T00:00:00.000Z</time>
      </trkpt>
      <trkpt lat="60.24405" lon="9.00831">
        <ele>273.334746950057</ele>
        <time>1970-01-01T00:00:00.000Z</time>
      </trkpt>
      <trkpt lat="60.24478300674626" lon="9.008504021356757">
        <ele>275.56</ele>
        <time>1970-01-01T00:00:00.000Z</time>
      </trkpt>
      <trkpt lat="60.24588980288065" lon="9.008796998543296">
        <ele>282.53</ele>
        <time>1970-01-01T00:00:00.000Z</time>
      </trkpt>
      <trkpt lat="60.24643" lon="9.00894">
        <ele>282.743125227383</ele>
        <time>1970-01-01T00:00:00.000Z</time>
      </trkpt>
      <trkpt lat="60.24783" lon="9.00928">
        <ele>283.29472772605794</ele>
        <time>1970-01-01T00:00:00.000Z</time>
      </trkpt>
      <trkpt lat="60.24865" lon="9.00944">
        <ele>283.6169882039224</ele>
        <time>1970-01-01T00:00:00.000Z</time>
      </trkpt>
      <trkpt lat="60.249218481778534" lon="9.009526850979839">
        <ele>283.84</ele>
        <time>1970-01-01T00:00:00.000Z</time>
      </trkpt>
      <trkpt lat="60.24937" lon="9.00955">
        <ele>286.23391541982403</ele>
        <time>1970-01-01T00:00:00.000Z</time>
      </trkpt>
      <trkpt lat="60.24989" lon="9.00961">
        <ele>287.44703647856585</ele>
        <time>1970-01-01T00:00:00.000Z</time>
      </trkpt>
      <trkpt lat="60.25004" lon="9.00959">
        <ele>287.7971668824067</ele>
        <time>1970-01-01T00:00:00.000Z</time>
      </trkpt>
      <trkpt lat="60.25023" lon="9.00954">
        <ele>288.2434549125872</ele>
        <time>1970-01-01T00:00:00.000Z</time>
      </trkpt>
      <trkpt lat="60.25032818044697" lon="9.009487638421984">
        <ele>288.48</ele>
        <time>1970-01-01T00:00:00.000Z</time>
      </trkpt>
      <trkpt lat="60.25113" lon="9.00906">
        <ele>290.04774381506155</ele>
        <time>1970-01-01T00:00:00.000Z</time>
      </trkpt>
      <trkpt lat="60.25141139427045" lon="9.008947442357034">
        <ele>290.59</ele>
        <time>1970-01-01T00:00:00.000Z</time>
      </trkpt>
      <trkpt lat="60.25143" lon="9.00894">
        <ele>290.63978760220704</ele>
        <time>1970-01-01T00:00:00.000Z</time>
      </trkpt>
      <trkpt lat="60.25204" lon="9.00874">
        <ele>292.2619210887852</ele>
        <time>1970-01-01T00:00:00.000Z</time>
      </trkpt>
      <trkpt lat="60.2524" lon="9.00856">
        <ele>293.23546816989364</ele>
        <time>1970-01-01T00:00:00.000Z</time>
      </trkpt>
      <trkpt lat="60.252503277683964" lon="9.008493607579718">
        <ele>293.52</ele>
        <time>1970-01-01T00:00:00.000Z</time>
      </trkpt>
      <trkpt lat="60.25268" lon="9.00838">
        <ele>293.47014949239315</ele>
        <time>1970-01-01T00:00:00.000Z</time>
      </trkpt>
      <trkpt lat="60.25299" lon="9.00811">
        <ele>293.37939248742765</ele>
        <time>1970-01-01T00:00:00.000Z</time>
      </trkpt>
      <trkpt lat="60.25329" lon="9.00782">
        <ele>293.28997556193053</ele>
        <time>1970-01-01T00:00:00.000Z</time>
      </trkpt>
      <trkpt lat="60.253521271442295" lon="9.007578889212905">
        <ele>293.22</ele>
        <time>1970-01-01T00:00:00.000Z</time>
      </trkpt>
      <trkpt lat="60.25376" lon="9.00733">
        <ele>290.1875746806492</ele>
        <time>1970-01-01T00:00:00.000Z</time>
      </trkpt>
      <trkpt lat="60.25452" lon="9.00648">
        <ele>289.7593376246403</ele>
        <time>1970-01-01T00:00:00.000Z</time>
      </trkpt>
      <trkpt lat="60.25509" lon="9.00578">
        <ele>289.43047697474583</ele>
        <time>1970-01-01T00:00:00.000Z</time>
      </trkpt>
      <trkpt lat="60.25531" lon="9.00548">
        <ele>289.2996071745014</ele>
        <time>1970-01-01T00:00:00.000Z</time>
      </trkpt>
      <trkpt lat="60.25573" lon="9.00488">
        <ele>289.045969831857</ele>
        <time>1970-01-01T00:00:00.000Z</time>
      </trkpt>
      <trkpt lat="60.25613" lon="9.00424">
        <ele>288.7943472820008</ele>
        <time>1970-01-01T00:00:00.000Z</time>
      </trkpt>
      <trkpt lat="60.2565" lon="9.00357">
        <ele>288.5492881781855</ele>
        <time>1970-01-01T00:00:00.000Z</time>
      </trkpt>
      <trkpt lat="60.257" lon="9.00251">
        <ele>288.19176877940856</ele>
        <time>1970-01-01T00:00:00.000Z</time>
      </trkpt>
      <trkpt lat="60.25708783662723" lon="9.002275771840381">
        <ele>288.12</ele>
        <time>1970-01-01T00:00:00.000Z</time>
      </trkpt>
      <trkpt lat="60.2573" lon="9.00171">
        <ele>288.1593986304817</ele>
        <time>1970-01-01T00:00:00.000Z</time>
      </trkpt>
      <trkpt lat="60.25787" lon="9.00012">
        <ele>288.26837352524547</ele>
        <time>1970-01-01T00:00:00.000Z</time>
      </trkpt>
      <trkpt lat="60.25804" lon="8.99972">
        <ele>288.2976329974823</ele>
        <time>1970-01-01T00:00:00.000Z</time>
      </trkpt>
      <trkpt lat="60.25819" lon="8.99942">
        <ele>288.32129418142745</ele>
        <time>1970-01-01T00:00:00.000Z</time>
      </trkpt>
      <trkpt lat="60.25842" lon="8.99903">
        <ele>288.35494915714</ele>
        <time>1970-01-01T00:00:00.000Z</time>
      </trkpt>
      <trkpt lat="60.258527831706495" lon="8.998868253021762">
        <ele>288.37</ele>
        <time>1970-01-01T00:00:00.000Z</time>
      </trkpt>
      <trkpt lat="60.25862" lon="8.99873">
        <ele>288.6180296806817</ele>
        <time>1970-01-01T00:00:00.000Z</time>
      </trkpt>
      <trkpt lat="60.25874" lon="8.99856">
        <ele>288.93467800433666</ele>
        <time>1970-01-01T00:00:00.000Z</time>
      </trkpt>
      <trkpt lat="60.25948771958645" lon="8.997725175755265">
        <ele>290.78</ele>
        <time>1970-01-01T00:00:00.000Z</time>
      </trkpt>
      <trkpt lat="60.25977" lon="8.99741">
        <ele>292.4999513610808</ele>
        <time>1970-01-01T00:00:00.000Z</time>
      </trkpt>
      <trkpt lat="60.26012" lon="8.99691">
        <ele>294.7864271009831</ele>
        <time>1970-01-01T00:00:00.000Z</time>
      </trkpt>
      <trkpt lat="60.26039689981319" lon="8.996431719565198">
        <ele>296.73</ele>
        <time>1970-01-01T00:00:00.000Z</time>
      </trkpt>
      <trkpt lat="60.26045" lon="8.99634">
        <ele>300.51888256445466</ele>
        <time>1970-01-01T00:00:00.000Z</time>
      </trkpt>
      <trkpt lat="60.2608" lon="8.99557">
        <ele>300.955129343224</ele>
        <time>1970-01-01T00:00:00.000Z</time>
      </trkpt>
      <trkpt lat="60.26149" lon="8.99384">
        <ele>301.88237137261984</ele>
        <time>1970-01-01T00:00:00.000Z</time>
      </trkpt>
      <trkpt lat="60.26177" lon="8.99302">
        <ele>302.2981902575628</ele>
        <time>1970-01-01T00:00:00.000Z</time>
      </trkpt>
      <trkpt lat="60.26179288165831" lon="8.99293116646618">
        <ele>302.34</ele>
        <time>1970-01-01T00:00:00.000Z</time>
      </trkpt>
      <trkpt lat="60.26194" lon="8.99236">
        <ele>302.54876419052914</ele>
        <time>1970-01-01T00:00:00.000Z</time>
      </trkpt>
      <trkpt lat="60.26207" lon="8.99178">
        <ele>302.7552188617119</ele>
        <time>1970-01-01T00:00:00.000Z</time>
      </trkpt>
      <trkpt lat="60.26215" lon="8.99116">
        <ele>302.96302564368887</ele>
        <time>1970-01-01T00:00:00.000Z</time>
      </trkpt>
      <trkpt lat="60.26218775115488" lon="8.990839117340327">
        <ele>303.07</ele>
        <time>1970-01-01T00:00:00.000Z</time>
      </trkpt>
      <trkpt lat="60.26221" lon="8.99065">
        <ele>303.1166374598654</ele>
        <time>1970-01-01T00:00:00.000Z</time>
      </trkpt>
      <trkpt lat="60.26226" lon="8.98988">
        <ele>303.3029748063415</ele>
        <time>1970-01-01T00:00:00.000Z</time>
      </trkpt>
      <trkpt lat="60.26229" lon="8.98896">
        <ele>303.52420434570126</ele>
        <time>1970-01-01T00:00:00.000Z</time>
      </trkpt>
      <trkpt lat="60.26231781759776" lon="8.986352564191437">
        <ele>304.15</ele>
        <time>1970-01-01T00:00:00.000Z</time>
      </trkpt>
      <trkpt lat="60.262341780366405" lon="8.984102600398394">
        <ele>307.85</ele>
        <time>1970-01-01T00:00:00.000Z</time>
      </trkpt>
      <trkpt lat="60.26235" lon="8.98333">
        <ele>309.1376867862187</ele>
        <time>1970-01-01T00:00:00.000Z</time>
      </trkpt>
      <trkpt lat="60.26233" lon="8.9831">
        <ele>309.52678229023263</ele>
        <time>1970-01-01T00:00:00.000Z</time>
      </trkpt>
      <trkpt lat="60.26228" lon="8.98294">
        <ele>309.84189001573776</ele>
        <time>1970-01-01T00:00:00.000Z</time>
      </trkpt>
      <trkpt lat="60.262" lon="8.9826">
        <ele>310.9399382398211</ele>
        <time>1970-01-01T00:00:00.000Z</time>
      </trkpt>
      <trkpt lat="60.2619" lon="8.98244">
        <ele>311.36880982905103</ele>
        <time>1970-01-01T00:00:00.000Z</time>
      </trkpt>
      <trkpt lat="60.261865650175245" lon="8.982319775377167">
        <ele>311.6</ele>
        <time>1970-01-01T00:00:00.000Z</time>
      </trkpt>
      <trkpt lat="60.26184" lon="8.98223">
        <ele>311.9581643092082</ele>
        <time>1970-01-01T00:00:00.000Z</time>
      </trkpt>
      <trkpt lat="60.2618" lon="8.98193">
        <ele>313.0321052395344</ele>
        <time>1970-01-01T00:00:00.000Z</time>
      </trkpt>
      <trkpt lat="60.2617467617773" lon="8.98009694625281">
        <ele>319.38</ele>
        <time>1970-01-01T00:00:00.000Z</time>
      </trkpt>
      <trkpt lat="60.26173" lon="8.97952">
        <ele>321.17766700724405</ele>
        <time>1970-01-01T00:00:00.000Z</time>
      </trkpt>
      <trkpt lat="60.26178" lon="8.97853">
        <ele>324.2729813007993</ele>
        <time>1970-01-01T00:00:00.000Z</time>
      </trkpt>
      <trkpt lat="60.26182" lon="8.97812">
        <ele>325.572716489445</ele>
        <time>1970-01-01T00:00:00.000Z</time>
      </trkpt>
      <trkpt lat="60.261866535894676" lon="8.977878013458534">
        <ele>326.38</ele>
        <time>1970-01-01T00:00:00.000Z</time>
      </trkpt>
      <trkpt lat="60.26187" lon="8.97786">
        <ele>326.4226667593823</ele>
        <time>1970-01-01T00:00:00.000Z</time>
      </trkpt>
      <trkpt lat="60.26198" lon="8.9774">
        <ele>327.55043675369166</ele>
        <time>1970-01-01T00:00:00.000Z</time>
      </trkpt>
      <trkpt lat="60.26214" lon="8.97688">
        <ele>328.9018179127481</ele>
        <time>1970-01-01T00:00:00.000Z</time>
      </trkpt>
      <trkpt lat="60.26236" lon="8.97635">
        <ele>330.4280439291728</ele>
        <time>1970-01-01T00:00:00.000Z</time>
      </trkpt>
      <trkpt lat="60.26251194822506" lon="8.976066367003236">
        <ele>331.35</ele>
        <time>1970-01-01T00:00:00.000Z</time>
      </trkpt>
      <trkpt lat="60.26281" lon="8.97551">
        <ele>333.8243514915158</ele>
        <time>1970-01-01T00:00:00.000Z</time>
      </trkpt>
      <trkpt lat="60.26308" lon="8.97495">
        <ele>336.18403470766253</ele>
        <time>1970-01-01T00:00:00.000Z</time>
      </trkpt>
      <trkpt lat="60.26329040895358" lon="8.974456629292527">
        <ele>338.15</ele>
        <time>1970-01-01T00:00:00.000Z</time>
      </trkpt>
      <trkpt lat="60.26337" lon="8.97427">
        <ele>338.4578562207838</ele>
        <time>1970-01-01T00:00:00.000Z</time>
      </trkpt>
      <trkpt lat="60.26367" lon="8.97345">
        <ele>339.73232783388573</ele>
        <time>1970-01-01T00:00:00.000Z</time>
      </trkpt>
      <trkpt lat="60.2639" lon="8.97271">
        <ele>340.82461691576896</ele>
        <time>1970-01-01T00:00:00.000Z</time>
      </trkpt>
      <trkpt lat="60.26423" lon="8.97144">
        <ele>342.61787826196075</ele>
        <time>1970-01-01T00:00:00.000Z</time>
      </trkpt>
      <trkpt lat="60.2644" lon="8.97062">
        <ele>343.72949446587205</ele>
        <time>1970-01-01T00:00:00.000Z</time>
      </trkpt>
      <trkpt lat="60.26440678450449" lon="8.970582007582495">
        <ele>343.78</ele>
        <time>1970-01-01T00:00:00.000Z</time>
      </trkpt>
      <trkpt lat="60.26455" lon="8.96978">
        <ele>351.610708791752</ele>
        <time>1970-01-01T00:00:00.000Z</time>
      </trkpt>
      <trkpt lat="60.26462" lon="8.96919">
        <ele>353.55411738993814</ele>
        <time>1970-01-01T00:00:00.000Z</time>
      </trkpt>
      <trkpt lat="60.26468748432406" lon="8.968410190492657">
        <ele>356.09</ele>
        <time>1970-01-01T00:00:00.000Z</time>
      </trkpt>
      <trkpt lat="60.26471" lon="8.96815">
        <ele>357.0569918101406</ele>
        <time>1970-01-01T00:00:00.000Z</time>
      </trkpt>
      <trkpt lat="60.26476" lon="8.96718">
        <ele>360.6274516164053</ele>
        <time>1970-01-01T00:00:00.000Z</time>
      </trkpt>
      <trkpt lat="60.26476" lon="8.96654">
        <ele>362.97059748592164</ele>
        <time>1970-01-01T00:00:00.000Z</time>
      </trkpt>
      <trkpt lat="60.264755180089495" lon="8.966168823993199">
        <ele>364.33</ele>
        <time>1970-01-01T00:00:00.000Z</time>
      </trkpt>
      <trkpt lat="60.26475" lon="8.96577">
        <ele>364.96460778975984</ele>
        <time>1970-01-01T00:00:00.000Z</time>
      </trkpt>
      <trkpt lat="60.26472" lon="8.9651">
        <ele>366.0346793288199</ele>
        <time>1970-01-01T00:00:00.000Z</time>
      </trkpt>
      <trkpt lat="60.264619027968465" lon="8.963938748714392">
        <ele>367.91</ele>
        <time>1970-01-01T00:00:00.000Z</time>
      </trkpt>
      <trkpt lat="60.2645" lon="8.96257">
        <ele>368.8485048858493</ele>
        <time>1970-01-01T00:00:00.000Z</time>
      </trkpt>
      <trkpt lat="60.26445758713027" lon="8.961713249865097">
        <ele>369.43</ele>
        <time>1970-01-01T00:00:00.000Z</time>
      </trkpt>
      <trkpt lat="60.26445" lon="8.96156">
        <ele>369.46558380688543</ele>
        <time>1970-01-01T00:00:00.000Z</time>
      </trkpt>
      <trkpt lat="60.26432" lon="8.96078">
        <ele>369.6557027123664</ele>
        <time>1970-01-01T00:00:00.000Z</time>
      </trkpt>
      <trkpt lat="60.2643" lon="8.96055">
        <ele>369.7096541383092</ele>
        <time>1970-01-01T00:00:00.000Z</time>
      </trkpt>
      <trkpt lat="60.2643" lon="8.95997">
        <ele>369.84366178528</ele>
        <time>1970-01-01T00:00:00.000Z</time>
      </trkpt>
      <trkpt lat="60.26433081346412" lon="8.95951396820178">
        <ele>369.95</ele>
        <time>1970-01-01T00:00:00.000Z</time>
      </trkpt>
      <trkpt lat="60.26435" lon="8.95923">
        <ele>369.9519100784368</ele>
        <time>1970-01-01T00:00:00.000Z</time>
      </trkpt>
      <trkpt lat="60.26439" lon="8.95899">
        <ele>369.9535975250384</ele>
        <time>1970-01-01T00:00:00.000Z</time>
      </trkpt>
      <trkpt lat="60.26449" lon="8.95858">
        <ele>369.95664260678564</ele>
        <time>1970-01-01T00:00:00.000Z</time>
      </trkpt>
      <trkpt lat="60.26494" lon="8.95679">
        <ele>369.97001741871253</ele>
        <time>1970-01-01T00:00:00.000Z</time>
      </trkpt>
      <trkpt lat="60.26504" lon="8.95652">
        <ele>369.97226322854044</ele>
        <time>1970-01-01T00:00:00.000Z</time>
      </trkpt>
      <trkpt lat="60.26536" lon="8.95573">
        <ele>369.9790610321683</ele>
        <time>1970-01-01T00:00:00.000Z</time>
      </trkpt>
      <trkpt lat="60.26539948044902" lon="8.955613753042622">
        <ele>369.98</ele>
        <time>1970-01-01T00:00:00.000Z</time>
      </trkpt>
      <trkpt lat="60.26554" lon="8.9552">
        <ele>370.0557522591252</ele>
        <time>1970-01-01T00:00:00.000Z</time>
      </trkpt>
      <trkpt lat="60.26575" lon="8.95443">
        <ele>370.18849665659013</ele>
        <time>1970-01-01T00:00:00.000Z</time>
      </trkpt>
      <trkpt lat="60.26584" lon="8.95397">
        <ele>370.26319678939046</ele>
        <time>1970-01-01T00:00:00.000Z</time>
      </trkpt>
      <trkpt lat="60.26588499061374" lon="8.953605080696125">
        <ele>370.32</ele>
        <time>1970-01-01T00:00:00.000Z</time>
      </trkpt>
      <trkpt lat="60.26593" lon="8.95324">
        <ele>371.5245775669064</ele>
        <time>1970-01-01T00:00:00.000Z</time>
      </trkpt>
      <trkpt lat="60.26596" lon="8.95256">
        <ele>371.78694674682527</ele>
        <time>1970-01-01T00:00:00.000Z</time>
      </trkpt>
      <trkpt lat="60.26596" lon="8.95204">
        <ele>371.98679284201785</ele>
        <time>1970-01-01T00:00:00.000Z</time>
      </trkpt>
      <trkpt lat="60.26592" lon="8.95139">
        <ele>372.238516138741</ele>
        <time>1970-01-01T00:00:00.000Z</time>
      </trkpt>
      <trkpt lat="60.26579" lon="8.95039">
        <ele>372.6358191768503</ele>
        <time>1970-01-01T00:00:00.000Z</time>
      </trkpt>
      <trkpt lat="60.26577" lon="8.95004">
        <ele>372.77122152476284</ele>
        <time>1970-01-01T00:00:00.000Z</time>
      </trkpt>
      <trkpt lat="60.26579" lon="8.94961">
        <ele>372.9372048531594</ele>
        <time>1970-01-01T00:00:00.000Z</time>
      </trkpt>
      <trkpt lat="60.26583756567799" lon="8.949170735857141">
        <ele>373.11</ele>
        <time>1970-01-01T00:00:00.000Z</time>
      </trkpt>
      <trkpt lat="60.26596" lon="8.94804">
        <ele>373.3748230709268</ele>
        <time>1970-01-01T00:00:00.000Z</time>
      </trkpt>
      <trkpt lat="60.26601" lon="8.9479">
        <ele>373.4142980065944</ele>
        <time>1970-01-01T00:00:00.000Z</time>
      </trkpt>
      <trkpt lat="60.26606" lon="8.94782">
        <ele>373.44374576869</ele>
        <time>1970-01-01T00:00:00.000Z</time>
      </trkpt>
      <trkpt lat="60.26619" lon="8.94766">
        <ele>373.5140113608822</ele>
        <time>1970-01-01T00:00:00.000Z</time>
      </trkpt>
      <trkpt lat="60.26625" lon="8.94762">
        <ele>373.54316582856774</ele>
        <time>1970-01-01T00:00:00.000Z</time>
      </trkpt>
      <trkpt lat="60.26638" lon="8.94756">
        <ele>373.6046916745984</ele>
        <time>1970-01-01T00:00:00.000Z</time>
      </trkpt>
      <trkpt lat="60.26686" lon="8.94741">
        <ele>373.8287802736688</ele>
        <time>1970-01-01T00:00:00.000Z</time>
      </trkpt>
      <trkpt lat="60.26707" lon="8.9473">
        <ele>373.9288782186329</ele>
        <time>1970-01-01T00:00:00.000Z</time>
      </trkpt>
      <trkpt lat="60.26715" lon="8.9472">
        <ele>373.97230267111405</ele>
        <time>1970-01-01T00:00:00.000Z</time>
      </trkpt>
      <trkpt lat="60.26721" lon="8.9471">
        <ele>374.0082155673774</ele>
        <time>1970-01-01T00:00:00.000Z</time>
      </trkpt>
      <trkpt lat="60.26725" lon="8.94694">
        <ele>374.0492125275211</ele>
        <time>1970-01-01T00:00:00.000Z</time>
      </trkpt>
      <trkpt lat="60.26727" lon="8.9468">
        <ele>374.082547674906</ele>
        <time>1970-01-01T00:00:00.000Z</time>
      </trkpt>
      <trkpt lat="60.26727835110771" lon="8.946549468178603">
        <ele>374.14</ele>
        <time>1970-01-01T00:00:00.000Z</time>
      </trkpt>
      <trkpt lat="60.26728" lon="8.9465">
        <ele>378.130004403723</ele>
        <time>1970-01-01T00:00:00.000Z</time>
      </trkpt>
      <trkpt lat="60.26725" lon="8.94504">
        <ele>381.07741083659135</ele>
        <time>1970-01-01T00:00:00.000Z</time>
      </trkpt>
      <trkpt lat="60.26728" lon="8.94461">
        <ele>381.95327819692113</ele>
        <time>1970-01-01T00:00:00.000Z</time>
      </trkpt>
      <trkpt lat="60.26730859750788" lon="8.944309730362429">
        <ele>382.57</ele>
        <time>1970-01-01T00:00:00.000Z</time>
      </trkpt>
      <trkpt lat="60.26734" lon="8.94398">
        <ele>383.29645569818547</ele>
        <time>1970-01-01T00:00:00.000Z</time>
      </trkpt>
      <trkpt lat="60.26745" lon="8.94323">
        <ele>384.98866055360185</ele>
        <time>1970-01-01T00:00:00.000Z</time>
      </trkpt>
      <trkpt lat="60.26746" lon="8.94283">
        <ele>385.8552160766328</ele>
        <time>1970-01-01T00:00:00.000Z</time>
      </trkpt>
      <trkpt lat="60.26742" lon="8.94254">
        <ele>386.5064865179387</ele>
        <time>1970-01-01T00:00:00.000Z</time>
      </trkpt>
      <trkpt lat="60.26737" lon="8.94231">
        <ele>387.0498324827837</ele>
        <time>1970-01-01T00:00:00.000Z</time>
      </trkpt>
      <trkpt lat="60.26731666821144" lon="8.942165242147635">
        <ele>387.44</ele>
        <time>1970-01-01T00:00:00.000Z</time>
      </trkpt>
      <trkpt lat="60.2673" lon="8.94212">
        <ele>387.5307678754059</ele>
        <time>1970-01-01T00:00:00.000Z</time>
      </trkpt>
      <trkpt lat="60.26702" lon="8.9416">
        <ele>388.76693019103163</ele>
        <time>1970-01-01T00:00:00.000Z</time>
      </trkpt>
      <trkpt lat="60.26686" lon="8.94121">
        <ele>389.582084291203</ele>
        <time>1970-01-01T00:00:00.000Z</time>
      </trkpt>
      <trkpt lat="60.26653" lon="8.94001">
        <ele>391.79195699838436</ele>
        <time>1970-01-01T00:00:00.000Z</time>
      </trkpt>
      <trkpt lat="60.2664" lon="8.93971">
        <ele>392.43356722085923</ele>
        <time>1970-01-01T00:00:00.000Z</time>
      </trkpt>
      <trkpt lat="60.26608" lon="8.93915">
        <ele>393.80953121006206</ele>
        <time>1970-01-01T00:00:00.000Z</time>
      </trkpt>
      <trkpt lat="60.26594" lon="8.9387">
        <ele>394.66508071118824</ele>
        <time>1970-01-01T00:00:00.000Z</time>
      </trkpt>
      <trkpt lat="60.2659" lon="8.93851">
        <ele>395.52984581124383</ele>
        <time>1970-01-01T00:00:00.000Z</time>
      </trkpt>
      <trkpt lat="60.26586" lon="8.93814">
        <ele>397.19553329188335</ele>
        <time>1970-01-01T00:00:00.000Z</time>
      </trkpt>
      <trkpt lat="60.26585" lon="8.93729">
        <ele>400.9353806231359</ele>
        <time>1970-01-01T00:00:00.000Z</time>
      </trkpt>
      <trkpt lat="60.26582" lon="8.93682">
        <ele>403.01976571640034</ele>
        <time>1970-01-01T00:00:00.000Z</time>
      </trkpt>
      <trkpt lat="60.2657642459562" lon="8.936481175245053">
        <ele>404.59</ele>
        <time>1970-01-01T00:00:00.000Z</time>
      </trkpt>
      <trkpt lat="60.26556" lon="8.93524">
        <ele>409.6390591627949</ele>
        <time>1970-01-01T00:00:00.000Z</time>
      </trkpt>
      <trkpt lat="60.2655" lon="8.93463">
        <ele>412.04014700169904</ele>
        <time>1970-01-01T00:00:00.000Z</time>
      </trkpt>
      <trkpt lat="60.265508017931666" lon="8.934309286575461">
        <ele>413.28</ele>
        <time>1970-01-01T00:00:00.000Z</time>
      </trkpt>
      <trkpt lat="60.26551" lon="8.93423">
        <ele>413.48775338246145</ele>
        <time>1970-01-01T00:00:00.000Z</time>
      </trkpt>
      <trkpt lat="60.26556" lon="8.93398">
        <ele>414.1931818205431</ele>
        <time>1970-01-01T00:00:00.000Z</time>
      </trkpt>
      <trkpt lat="60.26564" lon="8.93378">
        <ele>414.86557461108026</ele>
        <time>1970-01-01T00:00:00.000Z</time>
      </trkpt>
      <trkpt lat="60.26574" lon="8.93363">
        <ele>415.5232113442958</ele>
        <time>1970-01-01T00:00:00.000Z</time>
      </trkpt>
      <trkpt lat="60.26617" lon="8.9331">
        <ele>418.1823924222543</ele>
        <time>1970-01-01T00:00:00.000Z</time>
      </trkpt>
      <trkpt lat="60.26631" lon="8.93287">
        <ele>419.1352442439704</ele>
        <time>1970-01-01T00:00:00.000Z</time>
      </trkpt>
      <trkpt lat="60.26641" lon="8.9326">
        <ele>419.59425668065336</ele>
        <time>1970-01-01T00:00:00.000Z</time>
      </trkpt>
      <trkpt lat="60.26646" lon="8.93239">
        <ele>419.899569421627</ele>
        <time>1970-01-01T00:00:00.000Z</time>
      </trkpt>
      <trkpt lat="60.2665" lon="8.93203">
        <ele>420.3831040652002</ele>
        <time>1970-01-01T00:00:00.000Z</time>
      </trkpt>
      <trkpt lat="60.2665" lon="8.93156">
        <ele>420.99911571232036</ele>
        <time>1970-01-01T00:00:00.000Z</time>
      </trkpt>
      <trkpt lat="60.26648" lon="8.93134">
        <ele>421.2922655442679</ele>
        <time>1970-01-01T00:00:00.000Z</time>
      </trkpt>
      <trkpt lat="60.2664" lon="8.93082">
        <ele>422.0058479639657</ele>
        <time>1970-01-01T00:00:00.000Z</time>
      </trkpt>
      <trkpt lat="60.266380937838754" lon="8.930741844545954">
        <ele>422.12</ele>
        <time>1970-01-01T00:00:00.000Z</time>
      </trkpt>
      <trkpt lat="60.2663" lon="8.93041">
        <ele>422.46503063832176</ele>
        <time>1970-01-01T00:00:00.000Z</time>
      </trkpt>
      <trkpt lat="60.26616" lon="8.93001">
        <ele>422.92181054182083</ele>
        <time>1970-01-01T00:00:00.000Z</time>
      </trkpt>
      <trkpt lat="60.26602" lon="8.92974">
        <ele>423.28626251468796</ele>
        <time>1970-01-01T00:00:00.000Z</time>
      </trkpt>
      <trkpt lat="60.26575" lon="8.92941">
        <ele>423.8802244639783</ele>
        <time>1970-01-01T00:00:00.000Z</time>
      </trkpt>
      <trkpt lat="60.26558983974274" lon="8.929241663511165">
        <ele>424.22</ele>
        <time>1970-01-01T00:00:00.000Z</time>
      </trkpt>
      <trkpt lat="60.26477" lon="8.92838">
        <ele>428.7763751800347</ele>
        <time>1970-01-01T00:00:00.000Z</time>
      </trkpt>
      <trkpt lat="60.26464" lon="8.92826">
        <ele>429.15933689293075</ele>
        <time>1970-01-01T00:00:00.000Z</time>
      </trkpt>
      <trkpt lat="60.26459368379165" lon="8.928229122484296">
        <ele>429.29</ele>
        <time>1970-01-01T00:00:00.000Z</time>
      </trkpt>
      <trkpt lat="60.26455" lon="8.9282">
        <ele>429.45610170934054</ele>
        <time>1970-01-01T00:00:00.000Z</time>
      </trkpt>
      <trkpt lat="60.26445" lon="8.92817">
        <ele>429.8210885651958</ele>
        <time>1970-01-01T00:00:00.000Z</time>
      </trkpt>
      <trkpt lat="60.26434" lon="8.92815">
        <ele>430.2198134354545</ele>
        <time>1970-01-01T00:00:00.000Z</time>
      </trkpt>
      <trkpt lat="60.26413" lon="8.92822">
        <ele>430.988230793188</ele>
        <time>1970-01-01T00:00:00.000Z</time>
      </trkpt>
      <trkpt lat="60.2635082699991" lon="8.928572879257219">
        <ele>433.32</ele>
        <time>1970-01-01T00:00:00.000Z</time>
      </trkpt>
      <trkpt lat="60.26302" lon="8.92885">
        <ele>434.71955144123757</ele>
        <time>1970-01-01T00:00:00.000Z</time>
      </trkpt>
      <trkpt lat="60.26283" lon="8.92893">
        <ele>435.25509151736776</ele>
        <time>1970-01-01T00:00:00.000Z</time>
      </trkpt>
      <trkpt lat="60.2626" lon="8.929">
        <ele>435.8968750119779</ele>
        <time>1970-01-01T00:00:00.000Z</time>
      </trkpt>
      <trkpt lat="60.26241781827302" lon="8.929015841912467">
        <ele>436.4</ele>
        <time>1970-01-01T00:00:00.000Z</time>
      </trkpt>
      <trkpt lat="60.26237" lon="8.92902">
        <ele>436.5702177116109</ele>
        <time>1970-01-01T00:00:00.000Z</time>
      </trkpt>
      <trkpt lat="60.26217" lon="8.92901">
        <ele>437.2817109445368</ele>
        <time>1970-01-01T00:00:00.000Z</time>
      </trkpt>
      <trkpt lat="60.26133" lon="8.9289">
        <ele>440.2753597625685</ele>
        <time>1970-01-01T00:00:00.000Z</time>
      </trkpt>
      <trkpt lat="60.26130350880998" lon="8.92889490550387">
        <ele>440.37</ele>
        <time>1970-01-01T00:00:00.000Z</time>
      </trkpt>
      <trkpt lat="60.26107" lon="8.92885">
        <ele>446.41479612216256</ele>
        <time>1970-01-01T00:00:00.000Z</time>
      </trkpt>
      <trkpt lat="60.26052" lon="8.9286">
        <ele>448.3491976514148</ele>
        <time>1970-01-01T00:00:00.000Z</time>
      </trkpt>
      <trkpt lat="60.26038" lon="8.9285">
        <ele>448.85879307936824</ele>
        <time>1970-01-01T00:00:00.000Z</time>
      </trkpt>
      <trkpt lat="60.26022531530495" lon="8.92836078356255">
        <ele>449.44</ele>
        <time>1970-01-01T00:00:00.000Z</time>
      </trkpt>
      <trkpt lat="60.26018" lon="8.92832">
        <ele>449.647609002088</ele>
        <time>1970-01-01T00:00:00.000Z</time>
      </trkpt>
      <trkpt lat="60.26003" lon="8.92812">
        <ele>450.3999674688442</ele>
        <time>1970-01-01T00:00:00.000Z</time>
      </trkpt>
      <trkpt lat="60.25995" lon="8.92832">
        <ele>450.93314242257975</ele>
        <time>1970-01-01T00:00:00.000Z</time>
      </trkpt>
      <trkpt lat="60.25992" lon="8.9285">
        <ele>451.3272091797938</ele>
        <time>1970-01-01T00:00:00.000Z</time>
      </trkpt>
      <trkpt lat="60.25987" lon="8.92935">
        <ele>453.1035429837104</ele>
        <time>1970-01-01T00:00:00.000Z</time>
      </trkpt>
      <trkpt lat="60.2598" lon="8.92957">
        <ele>453.64594691155764</ele>
        <time>1970-01-01T00:00:00.000Z</time>
      </trkpt>
      <trkpt lat="60.25974" lon="8.92964">
        <ele>453.93595958241303</ele>
        <time>1970-01-01T00:00:00.000Z</time>
      </trkpt>
      <trkpt lat="60.25969" lon="8.92964">
        <ele>454.14513161985764</ele>
        <time>1970-01-01T00:00:00.000Z</time>
      </trkpt>
      <trkpt lat="60.25964" lon="8.92959">
        <ele>454.37862659871644</ele>
        <time>1970-01-01T00:00:00.000Z</time>
      </trkpt>
      <trkpt lat="60.25956" lon="8.92946">
        <ele>454.80850157428563</ele>
        <time>1970-01-01T00:00:00.000Z</time>
      </trkpt>
      <trkpt lat="60.25942" lon="8.92897">
        <ele>455.981997773237</ele>
        <time>1970-01-01T00:00:00.000Z</time>
      </trkpt>
      <trkpt lat="60.25924" lon="8.92856">
        <ele>457.1182299632028</ele>
        <time>1970-01-01T00:00:00.000Z</time>
      </trkpt>
      <trkpt lat="60.259" lon="8.92813">
        <ele>458.46151657929363</ele>
        <time>1970-01-01T00:00:00.000Z</time>
      </trkpt>
      <trkpt lat="60.25893" lon="8.92804">
        <ele>458.7820917818955</ele>
        <time>1970-01-01T00:00:00.000Z</time>
      </trkpt>
      <trkpt lat="60.25827" lon="8.9267">
        <ele>459.0662044341739</ele>
        <time>1970-01-01T00:00:00.000Z</time>
      </trkpt>
      <trkpt lat="60.25808" lon="8.92625">
        <ele>459.15511569274156</ele>
        <time>1970-01-01T00:00:00.000Z</time>
      </trkpt>
      <trkpt lat="60.25795" lon="8.92587">
        <ele>459.2245687648941</ele>
        <time>1970-01-01T00:00:00.000Z</time>
      </trkpt>
      <trkpt lat="60.25765" lon="8.92515">
        <ele>459.36604444068666</ele>
        <time>1970-01-01T00:00:00.000Z</time>
      </trkpt>
      <trkpt lat="60.25757" lon="8.92489">
        <ele>459.4120790453146</ele>
        <time>1970-01-01T00:00:00.000Z</time>
      </trkpt>
      <trkpt lat="60.2575" lon="8.92477">
        <ele>459.4399494664478</ele>
        <time>1970-01-01T00:00:00.000Z</time>
      </trkpt>
      <trkpt lat="60.25744" lon="8.92459">
        <ele>459.4725791808811</ele>
        <time>1970-01-01T00:00:00.000Z</time>
      </trkpt>
      <trkpt lat="60.25713" lon="8.92332">
        <ele>459.68555039050125</ele>
        <time>1970-01-01T00:00:00.000Z</time>
      </trkpt>
      <trkpt lat="60.25699" lon="8.92266">
        <ele>459.7935561842255</ele>
        <time>1970-01-01T00:00:00.000Z</time>
      </trkpt>
      <trkpt lat="60.25677" lon="8.92177">
        <ele>459.94317609830324</ele>
        <time>1970-01-01T00:00:00.000Z</time>
      </trkpt>
      <trkpt lat="60.25653" lon="8.92107">
        <ele>460.0712102700501</ele>
        <time>1970-01-01T00:00:00.000Z</time>
      </trkpt>
      <trkpt lat="60.25624" lon="8.91957">
        <ele>460.31344949951534</ele>
        <time>1970-01-01T00:00:00.000Z</time>
      </trkpt>
      <trkpt lat="60.25611" lon="8.91901">
        <ele>460.4064823147347</ele>
        <time>1970-01-01T00:00:00.000Z</time>
      </trkpt>
      <trkpt lat="60.25608" lon="8.91879">
        <ele>460.44081397130554</ele>
        <time>1970-01-01T00:00:00.000Z</time>
      </trkpt>
      <trkpt lat="60.25586" lon="8.91781">
        <ele>460.6026712964078</ele>
        <time>1970-01-01T00:00:00.000Z</time>
      </trkpt>
      <trkpt lat="60.25564" lon="8.91677">
        <ele>460.77279582254005</ele>
        <time>1970-01-01T00:00:00.000Z</time>
      </trkpt>
      <trkpt lat="60.2555" lon="8.91554">
        <ele>460.9626883185564</ele>
        <time>1970-01-01T00:00:00.000Z</time>
      </trkpt>
      <trkpt lat="60.25548" lon="8.91467">
        <ele>461.0937423531867</ele>
        <time>1970-01-01T00:00:00.000Z</time>
      </trkpt>
      <trkpt lat="60.25548545693813" lon="8.91429629577574">
        <ele>461.15</ele>
        <time>1970-01-01T00:00:00.000Z</time>
      </trkpt>
      <trkpt lat="60.2555" lon="8.9133">
        <ele>461.5708379322731</ele>
        <time>1970-01-01T00:00:00.000Z</time>
      </trkpt>
      <trkpt lat="60.25549" lon="8.91279">
        <ele>461.7863381681888</ele>
        <time>1970-01-01T00:00:00.000Z</time>
      </trkpt>
      <trkpt lat="60.25539657940692" lon="8.912071373403426">
        <ele>462.1</ele>
        <time>1970-01-01T00:00:00.000Z</time>
      </trkpt>
      <trkpt lat="60.25536" lon="8.91179">
        <ele>462.1478323011672</ele>
        <time>1970-01-01T00:00:00.000Z</time>
      </trkpt>
      <trkpt lat="60.25534" lon="8.91142">
        <ele>462.20903672672074</ele>
        <time>1970-01-01T00:00:00.000Z</time>
      </trkpt>
      <trkpt lat="60.25536" lon="8.91116">
        <ele>462.25230307729885</ele>
        <time>1970-01-01T00:00:00.000Z</time>
      </trkpt>
      <trkpt lat="60.25554677871115" lon="8.909890819366328">
        <ele>462.47</ele>
        <time>1970-01-01T00:00:00.000Z</time>
      </trkpt>
      <trkpt lat="60.2558" lon="8.90817">
        <ele>463.10931935982927</ele>
        <time>1970-01-01T00:00:00.000Z</time>
      </trkpt>
      <trkpt lat="60.25589" lon="8.90676">
        <ele>463.2988658121717</ele>
        <time>1970-01-01T00:00:00.000Z</time>
      </trkpt>
      <trkpt lat="60.25599" lon="8.90574">
        <ele>463.43749308936026</ele>
        <time>1970-01-01T00:00:00.000Z</time>
      </trkpt>
      <trkpt lat="60.25607" lon="8.90519">
        <ele>463.5139114760572</ele>
        <time>1970-01-01T00:00:00.000Z</time>
      </trkpt>
      <trkpt lat="60.25617" lon="8.9047">
        <ele>463.5845546973607</ele>
        <time>1970-01-01T00:00:00.000Z</time>
      </trkpt>
      <trkpt lat="60.2564" lon="8.9041">
        <ele>463.6856498044976</ele>
        <time>1970-01-01T00:00:00.000Z</time>
      </trkpt>
      <trkpt lat="60.25649" lon="8.90378">
        <ele>463.73469392193874</ele>
        <time>1970-01-01T00:00:00.000Z</time>
      </trkpt>
      <trkpt lat="60.25656766485946" lon="8.903566422169728">
        <ele>463.77</ele>
        <time>1970-01-01T00:00:00.000Z</time>
      </trkpt>
      <trkpt lat="60.25661" lon="8.90345">
        <ele>463.86045347620257</ele>
        <time>1970-01-01T00:00:00.000Z</time>
      </trkpt>
      <trkpt lat="60.25674" lon="8.90298">
        <ele>464.1976552805069</ele>
        <time>1970-01-01T00:00:00.000Z</time>
      </trkpt>
      <trkpt lat="60.25686" lon="8.90224">
        <ele>464.68551072869</ele>
        <time>1970-01-01T00:00:00.000Z</time>
      </trkpt>
      <trkpt lat="60.25694378662363" lon="8.90146916742087">
        <ele>465.18</ele>
        <time>1970-01-01T00:00:00.000Z</time>
      </trkpt>
      <trkpt lat="60.25696" lon="8.90132">
        <ele>466.54542925625225</ele>
        <time>1970-01-01T00:00:00.000Z</time>
      </trkpt>
      <trkpt lat="60.25698" lon="8.90057">
        <ele>466.57213306616114</ele>
        <time>1970-01-01T00:00:00.000Z</time>
      </trkpt>
      <trkpt lat="60.25712" lon="8.89884">
        <ele>466.634453834517</ele>
        <time>1970-01-01T00:00:00.000Z</time>
      </trkpt>
      <trkpt lat="60.25712" lon="8.89846">
        <ele>466.64796419977677</ele>
        <time>1970-01-01T00:00:00.000Z</time>
      </trkpt>
      <trkpt lat="60.25711" lon="8.8983">
        <ele>466.65369773969536</ele>
        <time>1970-01-01T00:00:00.000Z</time>
      </trkpt>
      <trkpt lat="60.25694" lon="8.8976">
        <ele>466.6814072767758</ele>
        <time>1970-01-01T00:00:00.000Z</time>
      </trkpt>
      <trkpt lat="60.25684828066774" lon="8.897110824291303">
        <ele>466.7</ele>
        <time>1970-01-01T00:00:00.000Z</time>
      </trkpt>
      <trkpt lat="60.25676" lon="8.89664">
        <ele>466.90691459076436</ele>
        <time>1970-01-01T00:00:00.000Z</time>
      </trkpt>
      <trkpt lat="60.25664" lon="8.89565">
        <ele>467.3258684081882</ele>
        <time>1970-01-01T00:00:00.000Z</time>
      </trkpt>
      <trkpt lat="60.25654" lon="8.89458">
        <ele>467.7734768799212</ele>
        <time>1970-01-01T00:00:00.000Z</time>
      </trkpt>
      <trkpt lat="60.25651" lon="8.89367">
        <ele>468.1483991614966</ele>
        <time>1970-01-01T00:00:00.000Z</time>
      </trkpt>
      <trkpt lat="60.25654804838497" lon="8.892696111836983">
        <ele>468.55</ele>
        <time>1970-01-01T00:00:00.000Z</time>
      </trkpt>
      <trkpt lat="60.25661" lon="8.89111">
        <ele>470.41672437077995</ele>
        <time>1970-01-01T00:00:00.000Z</time>
      </trkpt>
      <trkpt lat="60.25661" lon="8.8905">
        <ele>471.13242934290383</ele>
        <time>1970-01-01T00:00:00.000Z</time>
      </trkpt>
      <trkpt lat="60.25660948915731" lon="8.8904509429602">
        <ele>471.19</ele>
        <time>1970-01-01T00:00:00.000Z</time>
      </trkpt>
      <trkpt lat="60.2566" lon="8.88954">
        <ele>471.4005671316979</ele>
        <time>1970-01-01T00:00:00.000Z</time>
      </trkpt>
      <trkpt lat="60.25654" lon="8.88848">
        <ele>471.64712476590176</ele>
        <time>1970-01-01T00:00:00.000Z</time>
      </trkpt>
      <trkpt lat="60.25651214161467" lon="8.888213791468093">
        <ele>471.71</ele>
        <time>1970-01-01T00:00:00.000Z</time>
      </trkpt>
      <trkpt lat="60.25645" lon="8.88762">
        <ele>471.3351096613447</ele>
        <time>1970-01-01T00:00:00.000Z</time>
      </trkpt>
      <trkpt lat="60.25622192032824" lon="8.886042405155372">
        <ele>470.32</ele>
        <time>1970-01-01T00:00:00.000Z</time>
      </trkpt>
      <trkpt lat="60.25609" lon="8.88513">
        <ele>469.5977437660202</ele>
        <time>1970-01-01T00:00:00.000Z</time>
      </trkpt>
      <trkpt lat="60.25602" lon="8.88452">
        <ele>469.1219148050352</ele>
        <time>1970-01-01T00:00:00.000Z</time>
      </trkpt>
      <trkpt lat="60.25601" lon="8.88416">
        <ele>468.84789217608113</ele>
        <time>1970-01-01T00:00:00.000Z</time>
      </trkpt>
      <trkpt lat="60.25602" lon="8.88396">
        <ele>468.6951254861746</ele>
        <time>1970-01-01T00:00:00.000Z</time>
      </trkpt>
      <trkpt lat="60.25603302005308" lon="8.883851108110088">
        <ele>468.61</ele>
        <time>1970-01-01T00:00:00.000Z</time>
      </trkpt>
      <trkpt lat="60.25613" lon="8.88304">
        <ele>468.51878204088877</ele>
        <time>1970-01-01T00:00:00.000Z</time>
      </trkpt>
      <trkpt lat="60.25615" lon="8.88272">
        <ele>468.4835197366468</ele>
        <time>1970-01-01T00:00:00.000Z</time>
      </trkpt>
      <trkpt lat="60.25613" lon="8.8822">
        <ele>468.4264972562282</ele>
        <time>1970-01-01T00:00:00.000Z</time>
      </trkpt>
      <trkpt lat="60.25608" lon="8.88182">
        <ele>468.3835152953714</ele>
        <time>1970-01-01T00:00:00.000Z</time>
      </trkpt>
      <trkpt lat="60.25598" lon="8.88144">
        <ele>468.3364868162407</ele>
        <time>1970-01-01T00:00:00.000Z</time>
      </trkpt>
      <trkpt lat="60.25566" lon="8.88082">
        <ele>468.23867209215734</ele>
        <time>1970-01-01T00:00:00.000Z</time>
      </trkpt>
      <trkpt lat="60.25554" lon="8.88054">
        <ele>468.1982188597303</ele>
        <time>1970-01-01T00:00:00.000Z</time>
      </trkpt>
      <trkpt lat="60.2554" lon="8.87987">
        <ele>468.11873408065713</ele>
        <time>1970-01-01T00:00:00.000Z</time>
      </trkpt>
      <trkpt lat="60.25529" lon="8.87926">
        <ele>468.0477721064978</ele>
        <time>1970-01-01T00:00:00.000Z</time>
      </trkpt>
      <trkpt lat="60.25525" lon="8.87885">
        <ele>468.00208692555367</ele>
        <time>1970-01-01T00:00:00.000Z</time>
      </trkpt>
      <trkpt lat="60.25518" lon="8.87708">
        <ele>467.8079525093949</ele>
        <time>1970-01-01T00:00:00.000Z</time>
      </trkpt>
      <trkpt lat="60.25494" lon="8.8743">
        <ele>467.4994363522601</ele>
        <time>1970-01-01T00:00:00.000Z</time>
      </trkpt>
      <trkpt lat="60.254826086225165" lon="8.873232009759068">
        <ele>467.38</ele>
        <time>1970-01-01T00:00:00.000Z</time>
      </trkpt>
      <trkpt lat="60.2547" lon="8.87205">
        <ele>466.4718761325074</ele>
        <time>1970-01-01T00:00:00.000Z</time>
      </trkpt>
      <trkpt lat="60.25468" lon="8.87164">
        <ele>466.162429828274</ele>
        <time>1970-01-01T00:00:00.000Z</time>
      </trkpt>
      <trkpt lat="60.2546990287903" lon="8.871012207800163">
        <ele>465.69</ele>
        <time>1970-01-01T00:00:00.000Z</time>
      </trkpt>
      <trkpt lat="60.25476" lon="8.869">
        <ele>465.49288070462336</ele>
        <time>1970-01-01T00:00:00.000Z</time>
      </trkpt>
      <trkpt lat="60.25473" lon="8.86876">
        <ele>465.4761186020436</ele>
        <time>1970-01-01T00:00:00.000Z</time>
      </trkpt>
      <trkpt lat="60.25431829924646" lon="8.866683188383309">
        <ele>466.49</ele>
        <time>1970-01-01T00:00:00.000Z</time>
      </trkpt>
      <trkpt lat="60.25428" lon="8.86649">
        <ele>466.5630472628794</ele>
        <time>1970-01-01T00:00:00.000Z</time>
      </trkpt>
      <trkpt lat="60.2542" lon="8.86586">
        <ele>466.7913845977201</ele>
        <time>1970-01-01T00:00:00.000Z</time>
      </trkpt>
      <trkpt lat="60.25418" lon="8.8653">
        <ele>466.9885223171078</ele>
        <time>1970-01-01T00:00:00.000Z</time>
      </trkpt>
      <trkpt lat="60.25418747828403" lon="8.864470007512363">
        <ele>467.28</ele>
        <time>1970-01-01T00:00:00.000Z</time>
      </trkpt>
      <trkpt lat="60.25419" lon="8.86419">
        <ele>467.3092510505585</ele>
        <time>1970-01-01T00:00:00.000Z</time>
      </trkpt>
      <trkpt lat="60.25417" lon="8.8638">
        <ele>467.3502028026739</ele>
        <time>1970-01-01T00:00:00.000Z</time>
      </trkpt>
      <trkpt lat="60.25414" lon="8.86352">
        <ele>467.38012241509404</ele>
        <time>1970-01-01T00:00:00.000Z</time>
      </trkpt>
      <trkpt lat="60.25383" lon="8.8618">
        <ele>467.5712600521269</ele>
        <time>1970-01-01T00:00:00.000Z</time>
      </trkpt>
      <trkpt lat="60.25359" lon="8.86002">
        <ele>467.76392291190564</ele>
        <time>1970-01-01T00:00:00.000Z</time>
      </trkpt>
      <trkpt lat="60.25356" lon="8.85986">
        <ele>467.7817884114272</ele>
        <time>1970-01-01T00:00:00.000Z</time>
      </trkpt>
      <trkpt lat="60.2535" lon="8.85963">
        <ele>467.80893009122303</ele>
        <time>1970-01-01T00:00:00.000Z</time>
      </trkpt>
      <trkpt lat="60.25345" lon="8.85946">
        <ele>467.8295719746597</ele>
        <time>1970-01-01T00:00:00.000Z</time>
      </trkpt>
      <trkpt lat="60.25336" lon="8.85912">
        <ele>467.86982309541236</ele>
        <time>1970-01-01T00:00:00.000Z</time>
      </trkpt>
      <trkpt lat="60.25329" lon="8.85887">
        <ele>467.8998068516105</ele>
        <time>1970-01-01T00:00:00.000Z</time>
      </trkpt>
      <trkpt lat="60.25328" lon="8.85882">
        <ele>467.9054377193317</ele>
        <time>1970-01-01T00:00:00.000Z</time>
      </trkpt>
      <trkpt lat="60.25322" lon="8.85867">
        <ele>467.9255627323951</ele>
        <time>1970-01-01T00:00:00.000Z</time>
      </trkpt>
      <trkpt lat="60.25317" lon="8.85847">
        <ele>467.9489549177253</ele>
        <time>1970-01-01T00:00:00.000Z</time>
      </trkpt>
      <trkpt lat="60.25312" lon="8.85829">
        <ele>467.97050205233734</ele>
        <time>1970-01-01T00:00:00.000Z</time>
      </trkpt>
      <trkpt lat="60.25308" lon="8.85808">
        <ele>467.9939976508536</ele>
        <time>1970-01-01T00:00:00.000Z</time>
      </trkpt>
      <trkpt lat="60.25301" lon="8.85789">
        <ele>468.01871625225374</ele>
        <time>1970-01-01T00:00:00.000Z</time>
      </trkpt>
      <trkpt lat="60.25291" lon="8.85755">
        <ele>468.0600004996251</ele>
        <time>1970-01-01T00:00:00.000Z</time>
      </trkpt>
      <trkpt lat="60.25284" lon="8.85739">
        <ele>468.0822817820742</ele>
        <time>1970-01-01T00:00:00.000Z</time>
      </trkpt>
      <trkpt lat="60.25279" lon="8.85726">
        <ele>468.0994624801394</ele>
        <time>1970-01-01T00:00:00.000Z</time>
      </trkpt>
      <trkpt lat="60.25268" lon="8.85694">
        <ele>468.140125179516</ele>
        <time>1970-01-01T00:00:00.000Z</time>
      </trkpt>
      <trkpt lat="60.25262" lon="8.85654">
        <ele>468.1837738610193</ele>
        <time>1970-01-01T00:00:00.000Z</time>
      </trkpt>
      <trkpt lat="60.25259548057182" lon="8.856196721293674">
        <ele>468.22</ele>
        <time>1970-01-01T00:00:00.000Z</time>
      </trkpt>
      <trkpt lat="60.25257" lon="8.85584">
        <ele>468.19917522241803</ele>
        <time>1970-01-01T00:00:00.000Z</time>
      </trkpt>
      <trkpt lat="60.25257" lon="8.8554">
        <ele>468.1737508705895</ele>
        <time>1970-01-01T00:00:00.000Z</time>
      </trkpt>
      <trkpt lat="60.25253" lon="8.85416">
        <ele>468.10194911772294</ele>
        <time>1970-01-01T00:00:00.000Z</time>
      </trkpt>
      <trkpt lat="60.25251330663581" lon="8.853955961136684">
        <ele>468.09</ele>
        <time>1970-01-01T00:00:00.000Z</time>
      </trkpt>
      <trkpt lat="60.25244" lon="8.85306">
        <ele>467.6540931303431</ele>
        <time>1970-01-01T00:00:00.000Z</time>
      </trkpt>
      <trkpt lat="60.25243" lon="8.8526">
        <ele>467.43306188483524</ele>
        <time>1970-01-01T00:00:00.000Z</time>
      </trkpt>
      <trkpt lat="60.2524" lon="8.85237">
        <ele>467.318900913097</ele>
        <time>1970-01-01T00:00:00.000Z</time>
      </trkpt>
      <trkpt lat="60.25236145425174" lon="8.851731220530638">
        <ele>467.01</ele>
        <time>1970-01-01T00:00:00.000Z</time>
      </trkpt>
      <trkpt lat="60.25233" lon="8.85121">
        <ele>466.8466327608161</ele>
        <time>1970-01-01T00:00:00.000Z</time>
      </trkpt>
      <trkpt lat="60.25234" lon="8.85035">
        <ele>466.5789794058741</ele>
        <time>1970-01-01T00:00:00.000Z</time>
      </trkpt>
      <trkpt lat="60.25241" lon="8.84968">
        <ele>466.3659450542844</ele>
        <time>1970-01-01T00:00:00.000Z</time>
      </trkpt>
      <trkpt lat="60.25241961132476" lon="8.849501238969948">
        <ele>466.31</ele>
        <time>1970-01-01T00:00:00.000Z</time>
      </trkpt>
      <trkpt lat="60.25246" lon="8.84875">
        <ele>466.1722942378651</ele>
        <time>1970-01-01T00:00:00.000Z</time>
      </trkpt>
      <trkpt lat="60.25256" lon="8.84789">
        <ele>466.0113236081863</ele>
        <time>1970-01-01T00:00:00.000Z</time>
      </trkpt>
      <trkpt lat="60.252581343803236" lon="8.847280645373715">
        <ele>465.9</ele>
        <time>1970-01-01T00:00:00.000Z</time>
      </trkpt>
      <trkpt lat="60.25265" lon="8.84532">
        <ele>466.6338553183291</ele>
        <time>1970-01-01T00:00:00.000Z</time>
      </trkpt>
      <trkpt lat="60.25263306602266" lon="8.84503776308095">
        <ele>466.74</ele>
        <time>1970-01-01T00:00:00.000Z</time>
      </trkpt>
      <trkpt lat="60.25262" lon="8.84482">
        <ele>466.9106191716697</ele>
        <time>1970-01-01T00:00:00.000Z</time>
      </trkpt>
      <trkpt lat="60.25245" lon="8.84339">
        <ele>468.0544165981396</ele>
        <time>1970-01-01T00:00:00.000Z</time>
      </trkpt>
      <trkpt lat="60.25242" lon="8.84302">
        <ele>468.34603696718636</ele>
        <time>1970-01-01T00:00:00.000Z</time>
      </trkpt>
      <trkpt lat="60.252406682273346" lon="8.842836877636529">
        <ele>468.49</ele>
        <time>1970-01-01T00:00:00.000Z</time>
      </trkpt>
      <trkpt lat="60.25238" lon="8.84247">
        <ele>468.7092022283198</ele>
        <time>1970-01-01T00:00:00.000Z</time>
      </trkpt>
      <trkpt lat="60.2524" lon="8.84205">
        <ele>468.95863186621096</ele>
        <time>1970-01-01T00:00:00.000Z</time>
      </trkpt>
      <trkpt lat="60.25246" lon="8.84158">
        <ele>469.2455273096575</ele>
        <time>1970-01-01T00:00:00.000Z</time>
      </trkpt>
      <trkpt lat="60.25262" lon="8.84081">
        <ele>469.73902602684905</ele>
        <time>1970-01-01T00:00:00.000Z</time>
      </trkpt>
      <trkpt lat="60.25263710533227" lon="8.84067743445294">
        <ele>469.82</ele>
        <time>1970-01-01T00:00:00.000Z</time>
      </trkpt>
      <trkpt lat="60.25266" lon="8.8405">
        <ele>469.9071935458069</ele>
        <time>1970-01-01T00:00:00.000Z</time>
      </trkpt>
      <trkpt lat="60.25271" lon="8.84032">
        <ele>470.00530282513813</ele>
        <time>1970-01-01T00:00:00.000Z</time>
      </trkpt>
      <trkpt lat="60.25282" lon="8.8395">
        <ele>470.40929041296533</ele>
        <time>1970-01-01T00:00:00.000Z</time>
      </trkpt>
      <trkpt lat="60.25292" lon="8.83903">
        <ele>470.6525027673917</ele>
        <time>1970-01-01T00:00:00.000Z</time>
      </trkpt>
      <trkpt lat="60.25294" lon="8.8388">
        <ele>470.7635556499301</ele>
        <time>1970-01-01T00:00:00.000Z</time>
      </trkpt>
      <trkpt lat="60.25298612721377" lon="8.838550914926438">
        <ele>470.89</ele>
        <time>1970-01-01T00:00:00.000Z</time>
      </trkpt>
      <trkpt lat="60.25304" lon="8.83826">
        <ele>471.0823716633131</ele>
        <time>1970-01-01T00:00:00.000Z</time>
      </trkpt>
      <trkpt lat="60.25319" lon="8.837">
        <ele>470.80016489728206</ele>
        <time>1970-01-01T00:00:00.000Z</time>
      </trkpt>
      <trkpt lat="60.25329167923282" lon="8.836389925445184">
        <ele>470.66</ele>
        <time>1970-01-01T00:00:00.000Z</time>
      </trkpt>
      <trkpt lat="60.2533" lon="8.83634">
        <ele>470.64197515728654</ele>
        <time>1970-01-01T00:00:00.000Z</time>
      </trkpt>
      <trkpt lat="60.25366" lon="8.83477">
        <ele>470.0500511760476</ele>
        <time>1970-01-01T00:00:00.000Z</time>
      </trkpt>
      <trkpt lat="60.25369" lon="8.83458">
        <ele>469.9818124555335</ele>
        <time>1970-01-01T00:00:00.000Z</time>
      </trkpt>
      <trkpt lat="60.25370242336823" lon="8.834312901161594">
        <ele>469.89</ele>
        <time>1970-01-01T00:00:00.000Z</time>
      </trkpt>
      <trkpt lat="60.25371" lon="8.83415">
        <ele>469.7845538332989</ele>
        <time>1970-01-01T00:00:00.000Z</time>
      </trkpt>
      <trkpt lat="60.25366" lon="8.83314">
        <ele>469.13040056488853</ele>
        <time>1970-01-01T00:00:00.000Z</time>
      </trkpt>
      <trkpt lat="60.25367" lon="8.83271">
        <ele>468.85297126180006</ele>
        <time>1970-01-01T00:00:00.000Z</time>
      </trkpt>
      <trkpt lat="60.25368" lon="8.83251">
        <ele>468.72342309028454</ele>
        <time>1970-01-01T00:00:00.000Z</time>
      </trkpt>
      <trkpt lat="60.25375713414205" lon="8.832098622030003">
        <ele>468.44</ele>
        <time>1970-01-01T00:00:00.000Z</time>
      </trkpt>
      <trkpt lat="60.25383" lon="8.83171">
        <ele>468.29043270429617</ele>
        <time>1970-01-01T00:00:00.000Z</time>
      </trkpt>
      <trkpt lat="60.25401" lon="8.83092">
        <ele>467.9774645856777</ele>
        <time>1970-01-01T00:00:00.000Z</time>
      </trkpt>
      <trkpt lat="60.25417096584749" lon="8.8300110176259">
        <ele>467.63</ele>
        <time>1970-01-01T00:00:00.000Z</time>
      </trkpt>
      <trkpt lat="60.25418" lon="8.82996">
        <ele>467.63248787465176</ele>
        <time>1970-01-01T00:00:00.000Z</time>
      </trkpt>
      <trkpt lat="60.25421" lon="8.8294">
        <ele>467.6583567589521</ele>
        <time>1970-01-01T00:00:00.000Z</time>
      </trkpt>
      <trkpt lat="60.25418" lon="8.82855">
        <ele>467.6974937762755</ele>
        <time>1970-01-01T00:00:00.000Z</time>
      </trkpt>
      <trkpt lat="60.25415" lon="8.82837">
        <ele>467.70621469300426</ele>
        <time>1970-01-01T00:00:00.000Z</time>
      </trkpt>
      <trkpt lat="60.25408" lon="8.82616">
        <ele>467.80792132219256</ele>
        <time>1970-01-01T00:00:00.000Z</time>
      </trkpt>
      <trkpt lat="60.2541" lon="8.82531">
        <ele>467.8470036910477</ele>
        <time>1970-01-01T00:00:00.000Z</time>
      </trkpt>
      <trkpt lat="60.25424" lon="8.82372">
        <ele>467.92116947454053</ele>
        <time>1970-01-01T00:00:00.000Z</time>
      </trkpt>
      <trkpt lat="60.25429736603145" lon="8.82332663395736">
        <ele>467.94</ele>
        <time>1970-01-01T00:00:00.000Z</time>
      </trkpt>
      <trkpt lat="60.25431" lon="8.82324">
        <ele>467.93799330040935</ele>
        <time>1970-01-01T00:00:00.000Z</time>
      </trkpt>
      <trkpt lat="60.25454" lon="8.82197">
        <ele>467.9079489196045</ele>
        <time>1970-01-01T00:00:00.000Z</time>
      </trkpt>
      <trkpt lat="60.254655969824654" lon="8.821196877618485">
        <ele>467.89</ele>
        <time>1970-01-01T00:00:00.000Z</time>
      </trkpt>
      <trkpt lat="60.25472" lon="8.82077">
        <ele>467.3161254438344</ele>
        <time>1970-01-01T00:00:00.000Z</time>
      </trkpt>
      <trkpt lat="60.25476" lon="8.82027">
        <ele>467.30036869270526</ele>
        <time>1970-01-01T00:00:00.000Z</time>
      </trkpt>
      <trkpt lat="60.25485" lon="8.81948">
        <ele>467.2751509158174</ele>
        <time>1970-01-01T00:00:00.000Z</time>
      </trkpt>
      <trkpt lat="60.25502" lon="8.81846">
        <ele>467.2416745558396</ele>
        <time>1970-01-01T00:00:00.000Z</time>
      </trkpt>
      <trkpt lat="60.25536" lon="8.81687">
        <ele>467.18780874618494</ele>
        <time>1970-01-01T00:00:00.000Z</time>
      </trkpt>
      <trkpt lat="60.2556" lon="8.81589">
        <ele>467.1538079459575</ele>
        <time>1970-01-01T00:00:00.000Z</time>
      </trkpt>
      <trkpt lat="60.25567" lon="8.81553">
        <ele>467.1417786050661</ele>
        <time>1970-01-01T00:00:00.000Z</time>
      </trkpt>
      <trkpt lat="60.25605" lon="8.81418">
        <ele>467.0934904821973</ele>
        <time>1970-01-01T00:00:00.000Z</time>
      </trkpt>
      <trkpt lat="60.25609" lon="8.8137">
        <ele>467.07834830401265</ele>
        <time>1970-01-01T00:00:00.000Z</time>
      </trkpt>
      <trkpt lat="60.25609" lon="8.81341">
        <ele>467.06932629600135</ele>
        <time>1970-01-01T00:00:00.000Z</time>
      </trkpt>
      <trkpt lat="60.25612024189359" lon="8.812791780464181">
        <ele>467.05</ele>
        <time>1970-01-01T00:00:00.000Z</time>
      </trkpt>
      <trkpt lat="60.25618" lon="8.81157">
        <ele>466.8644851147839</ele>
        <time>1970-01-01T00:00:00.000Z</time>
      </trkpt>
      <trkpt lat="60.25619" lon="8.81114">
        <ele>466.7994377222842</ele>
        <time>1970-01-01T00:00:00.000Z</time>
      </trkpt>
      <trkpt lat="60.25624" lon="8.8106">
        <ele>466.7164310399885</ele>
        <time>1970-01-01T00:00:00.000Z</time>
      </trkpt>
      <trkpt lat="60.256247523536466" lon="8.81056023382735">
        <ele>466.71</ele>
        <time>1970-01-01T00:00:00.000Z</time>
      </trkpt>
      <trkpt lat="60.25645" lon="8.80949">
        <ele>465.94237415884606</ele>
        <time>1970-01-01T00:00:00.000Z</time>
      </trkpt>
      <trkpt lat="60.256685951297264" lon="8.80849295288683">
        <ele>465.8</ele>
        <time>1970-01-01T00:00:00.000Z</time>
      </trkpt>
      <trkpt lat="60.25707" lon="8.80687">
        <ele>466.0317464973602</ele>
        <time>1970-01-01T00:00:00.000Z</time>
      </trkpt>
      <trkpt lat="60.25718011556694" lon="8.806476260233119">
        <ele>466.09</ele>
        <time>1970-01-01T00:00:00.000Z</time>
      </trkpt>
      <trkpt lat="60.2574" lon="8.80569">
        <ele>466.5994251943581</ele>
        <time>1970-01-01T00:00:00.000Z</time>
      </trkpt>
      <trkpt lat="60.25753" lon="8.80533">
        <ele>466.85073930498066</ele>
        <time>1970-01-01T00:00:00.000Z</time>
      </trkpt>
      <trkpt lat="60.25762" lon="8.80519">
        <ele>466.98007461670096</ele>
        <time>1970-01-01T00:00:00.000Z</time>
      </trkpt>
      <trkpt lat="60.257453338599" lon="8.804606679139116">
        <ele>467.36</ele>
        <time>1970-01-01T00:00:00.000Z</time>
      </trkpt>
      <trkpt lat="60.25732" lon="8.80414">
        <ele>467.69985823177</ele>
        <time>1970-01-01T00:00:00.000Z</time>
      </trkpt>
      <trkpt lat="60.25721" lon="8.80371">
        <ele>468.0051717465681</ele>
        <time>1970-01-01T00:00:00.000Z</time>
      </trkpt>
      <trkpt lat="60.25718" lon="8.80351">
        <ele>468.1370297140846</ele>
        <time>1970-01-01T00:00:00.000Z</time>
      </trkpt>
      <trkpt lat="60.25714" lon="8.80304">
        <ele>468.4379679181944</ele>
        <time>1970-01-01T00:00:00.000Z</time>
      </trkpt>
      <trkpt lat="60.25713" lon="8.80262">
        <ele>468.70332490090243</ele>
        <time>1970-01-01T00:00:00.000Z</time>
      </trkpt>
      <trkpt lat="60.25713515141504" lon="8.802498945532902">
        <ele>468.78</ele>
        <time>1970-01-01T00:00:00.000Z</time>
      </trkpt>
      <trkpt lat="60.25715" lon="8.80215">
        <ele>469.98801657642053</ele>
        <time>1970-01-01T00:00:00.000Z</time>
      </trkpt>
      <trkpt lat="60.2572" lon="8.80179">
        <ele>470.0179222014967</ele>
        <time>1970-01-01T00:00:00.000Z</time>
      </trkpt>
      <trkpt lat="60.25727" lon="8.80144">
        <ele>470.0481101038172</ele>
        <time>1970-01-01T00:00:00.000Z</time>
      </trkpt>
      <trkpt lat="60.25747" lon="8.80074">
        <ele>470.1127291274073</ele>
        <time>1970-01-01T00:00:00.000Z</time>
      </trkpt>
      <trkpt lat="60.257567939062795" lon="8.800462069420622">
        <ele>470.14</ele>
        <time>1970-01-01T00:00:00.000Z</time>
      </trkpt>
      <trkpt lat="60.25784" lon="8.79969">
        <ele>469.7570138823983</ele>
        <time>1970-01-01T00:00:00.000Z</time>
      </trkpt>
      <trkpt lat="60.258194081913445" lon="8.798599672433905">
        <ele>469.23</ele>
        <time>1970-01-01T00:00:00.000Z</time>
      </trkpt>
      <trkpt lat="60.25847" lon="8.79775">
        <ele>469.333799360436</ele>
        <time>1970-01-01T00:00:00.000Z</time>
      </trkpt>
      <trkpt lat="60.25856" lon="8.79743">
        <ele>469.37139805128317</ele>
        <time>1970-01-01T00:00:00.000Z</time>
      </trkpt>
      <trkpt lat="60.25865" lon="8.79688">
        <ele>469.43059396873593</ele>
        <time>1970-01-01T00:00:00.000Z</time>
      </trkpt>
      <trkpt lat="60.25867590392375" lon="8.796597081175497">
        <ele>469.46</ele>
        <time>1970-01-01T00:00:00.000Z</time>
      </trkpt>
      <trkpt lat="60.258878491343445" lon="8.794384209154233">
        <ele>470.79</ele>
        <time>1970-01-01T00:00:00.000Z</time>
      </trkpt>
      <trkpt lat="60.25891" lon="8.79404">
        <ele>472.32866207038774</ele>
        <time>1970-01-01T00:00:00.000Z</time>
      </trkpt>
      <trkpt lat="60.25899" lon="8.79325">
        <ele>472.53289990681526</ele>
        <time>1970-01-01T00:00:00.000Z</time>
      </trkpt>
      <trkpt lat="60.25908138341444" lon="8.792171680856761">
        <ele>472.81</ele>
        <time>1970-01-01T00:00:00.000Z</time>
      </trkpt>
      <trkpt lat="60.25909" lon="8.79207">
        <ele>472.79899820336516</ele>
        <time>1970-01-01T00:00:00.000Z</time>
      </trkpt>
      <trkpt lat="60.25914" lon="8.79147">
        <ele>472.73410902421404</ele>
        <time>1970-01-01T00:00:00.000Z</time>
      </trkpt>
      <trkpt lat="60.2592" lon="8.79093">
        <ele>472.6750888562295</ele>
        <time>1970-01-01T00:00:00.000Z</time>
      </trkpt>
      <trkpt lat="60.25923" lon="8.79058">
        <ele>472.6372068547958</ele>
        <time>1970-01-01T00:00:00.000Z</time>
      </trkpt>
      <trkpt lat="60.25927" lon="8.79034">
        <ele>472.61020391401047</ele>
        <time>1970-01-01T00:00:00.000Z</time>
      </trkpt>
      <trkpt lat="60.2593" lon="8.79004">
        <ele>472.57756418329336</ele>
        <time>1970-01-01T00:00:00.000Z</time>
      </trkpt>
      <trkpt lat="60.25934" lon="8.78978">
        <ele>472.5485313409337</ele>
        <time>1970-01-01T00:00:00.000Z</time>
      </trkpt>
      <trkpt lat="60.25944" lon="8.78927">
        <ele>472.49004330253524</ele>
        <time>1970-01-01T00:00:00.000Z</time>
      </trkpt>
      <trkpt lat="60.2595" lon="8.78905">
        <ele>472.4632674445518</ele>
        <time>1970-01-01T00:00:00.000Z</time>
      </trkpt>
      <trkpt lat="60.25965" lon="8.7887">
        <ele>472.4139376643596</ele>
        <time>1970-01-01T00:00:00.000Z</time>
      </trkpt>
      <trkpt lat="60.25988" lon="8.78841">
        <ele>472.3556127520082</ele>
        <time>1970-01-01T00:00:00.000Z</time>
      </trkpt>
      <trkpt lat="60.25998813816984" lon="8.7883092360179">
        <ele>472.33</ele>
        <time>1970-01-01T00:00:00.000Z</time>
      </trkpt>
      <trkpt lat="60.26032" lon="8.788">
        <ele>471.5374269859568</ele>
        <time>1970-01-01T00:00:00.000Z</time>
      </trkpt>
      <trkpt lat="60.26101136890018" lon="8.787410309447303">
        <ele>469.91</ele>
        <time>1970-01-01T00:00:00.000Z</time>
      </trkpt>
      <trkpt lat="60.26134" lon="8.78713">
        <ele>469.92598292212193</ele>
        <time>1970-01-01T00:00:00.000Z</time>
      </trkpt>
      <trkpt lat="60.26203350042613" lon="8.786505860237364">
        <ele>469.96</ele>
        <time>1970-01-01T00:00:00.000Z</time>
      </trkpt>
      <trkpt lat="60.26254" lon="8.78605">
        <ele>470.0047201702356</ele>
        <time>1970-01-01T00:00:00.000Z</time>
      </trkpt>
      <trkpt lat="60.26273" lon="8.7858">
        <ele>470.0230124651626</ele>
        <time>1970-01-01T00:00:00.000Z</time>
      </trkpt>
      <trkpt lat="60.26289" lon="8.7855">
        <ele>470.04062882194216</ele>
        <time>1970-01-01T00:00:00.000Z</time>
      </trkpt>
      <trkpt lat="60.26297" lon="8.78533">
        <ele>470.05</ele>
        <time>1970-01-01T00:00:00.000Z</time>
      </trkpt>
    </trkseg>
  </trk>
</gpx>